lb,ub,Qsg,Tout,Tair_true,sat_true,zat_true
22.0,24.0,0.0,17.0,24.0,15.48750114440918,22.129980087280273
22.0,24.0,0.0,18.0,21.410038,15.496517181396484,24.91424560546875
22.0,24.0,0.0,19.0,21.976486,15.499897956848145,22.601804733276367
22.0,24.0,0.0,20.0,21.703257,15.485538482666016,25.900985717773438
22.0,24.0,0.0,21.300003,22.21727,15.481658935546875,25.61939811706543
22.0,24.0,0.0,21.0,22.387901,15.49695873260498,25.696016311645508
22.0,24.0,0.0,20.7,22.515488,15.4945707321167,25.617530822753906
22.0,24.0,0.0,20.5,22.627544,15.492403030395508,21.92635726928711
22.0,24.0,0.0,20.400002,21.969885,15.4964599609375,25.39988899230957
22.0,24.0,0.0,20.400002,22.661514,15.496017456054688,24.01068115234375
22.0,24.0,0.0,20.5,22.515108,15.464851379394531,22.101964950561523
22.0,24.0,1.8150002,21.100002,22.160023,15.496112823486328,20.528348922729492
22.0,24.0,55.726196,21.7,21.70591,15.496635437011719,21.06757926940918
22.0,24.0,22.77,22.399998,21.905191,15.499441146850586,24.93037986755371
22.0,24.0,117.7943,23.0,22.793888,15.499857902526855,18.218170166015625
22.0,24.0,65.67802,24.0,21.468441,15.498104095458984,22.078601837158203
22.0,24.0,177.43163,25.0,22.594418,15.499994277954102,19.977542877197266
22.0,24.0,129.28983,26.0,21.94997,15.5,19.31565284729004
22.0,24.0,333.23752,27.0,21.9814,15.499995231628418,22.078020095825195
22.0,24.0,329.36197,27.600006,22.86781,15.499993324279785,19.90514373779297
22.0,24.0,502.17072,28.300003,22.331535,15.49997615814209,19.489490509033203
22.0,24.0,518.88434,28.699997,22.416092,15.499994277954102,18.277347564697266
22.0,24.0,632.8191,29.199997,22.531286,15.49998664855957,18.690608978271484
22.0,24.0,649.8086,29.400002,22.682213,15.499984741210938,20.2208309173584
22.0,24.0,701.6351,29.599998,22.913046,15.499993324279785,23.861703872680664
22.0,24.0,703.0528,29.700005,24.186222,15.499996185302734,18.04219627380371
22.0,24.0,493.46774,29.800003,23.158539,15.499999046325684,21.37796974182129
22.0,24.0,89.94651,29.700005,23.290976,15.499991416931152,22.36927032470703
22.0,24.0,180.2524,29.599998,23.667156,15.49999713897705,22.810829162597656
22.0,24.0,474.87408,29.400002,23.912945,15.499975204467773,18.889863967895508
22.0,24.0,426.47385,29.099998,23.271116,15.499996185302734,19.830265045166016
22.0,24.0,424.60446,28.699997,23.279,15.499975204467773,18.908950805664062
22.0,24.0,269.35406,28.300003,23.214148,15.499998092651367,23.533525466918945
22.0,24.0,221.86665,27.699997,24.22393,15.49996566772461,19.82311248779297
22.0,24.0,126.70574,27.099998,23.217789,15.499996185302734,18.648054122924805
22.0,24.0,96.5028,26.199997,23.06269,15.499981880187988,18.280017852783203
22.0,24.0,53.955,25.400002,22.706484,15.499930381774902,18.179214477539062
22.0,24.0,38.445,25.400002,22.573729,15.499984741210938,18.55258560180664
22.0,24.0,24.09,23.0,22.452557,15.499993324279785,18.948938369750977
22.0,24.0,11.385,21.7,22.328754,15.499855995178223,19.34238624572754
22.0,24.0,14.702731,20.400002,22.219376,15.499846458435059,22.598188400268555
22.0,24.0,0.0,19.3,23.029469,15.499814987182617,20.55535316467285
22.0,24.0,0.0,18.2,22.216873,15.49992847442627,24.920940399169922
22.0,24.0,0.0,17.3,23.29944,15.499992370605469,19.024282455444336
22.0,24.0,0.0,16.399998,21.89199,15.499995231628418,24.797521591186523
22.0,24.0,0.0,15.799999,23.092913,15.499967575073242,25.046058654785156
22.0,24.0,0.0,15.200001,23.16032,15.49998664855957,21.538759231567383
22.0,24.0,0.0,14.799999,22.24005,15.499883651733398,25.640995025634766
22.0,24.0,0.0,14.400002,23.100079,15.489853858947754,23.50950050354004
22.0,24.0,0.0,14.200001,22.73675,15.497220993041992,23.40166664123535
22.0,24.0,0.0,13.899998,22.651964,15.461676597595215,25.433330535888672
22.0,24.0,0.0,13.800003,22.967548,15.49030590057373,20.85369873046875
22.0,24.0,0.0,13.699997,21.830324,15.494135856628418,25.932971954345703
22.0,24.0,0.0,13.600002,22.86208,15.499494552612305,25.61473274230957
22.0,24.0,0.0,13.5,22.895803,15.49932861328125,23.585166931152344
22.0,24.0,0.0,13.400002,22.52136,15.498830795288086,24.651287078857422
22.0,24.0,0.0,13.299999,22.66283,15.497420310974121,22.0511474609375
22.0,24.0,0.0,13.299999,22.106516,15.493148803710938,24.031620025634766
22.0,24.0,0.0,13.299999,22.46143,15.498868942260742,24.463937759399414
22.0,24.0,1.485,13.899998,22.542685,15.499679565429688,22.003286361694336
22.0,24.0,58.55608,14.599998,22.054785,15.487344741821289,25.850601196289062
22.0,24.0,23.925,15.799999,22.716461,15.489063262939453,22.333160400390625
22.0,24.0,119.0684,17.0,22.20055,15.499520301818848,20.186965942382812
22.0,24.0,118.36056,18.400002,21.558071,15.499914169311523,24.78032112121582
22.0,24.0,165.05334,19.8,22.898151,15.49999713897705,20.88801383972168
22.0,24.0,209.381,21.0,22.063658,15.499999046325684,23.41016960144043
22.0,24.0,297.12015,22.200005,22.884779,15.499995231628418,21.54931640625
22.0,24.0,323.3945,23.2,22.480246,15.49999713897705,24.23697280883789
22.0,24.0,393.49542,24.099998,23.309093,15.499995231628418,18.53763198852539
22.0,24.0,418.10742,25.0,22.20671,15.5,22.781780242919922
22.0,24.0,496.90625,25.900002,23.271324,15.499999046325684,18.83612060546875
22.0,24.0,508.5705,26.599998,22.474224,15.499999046325684,22.72964096069336
22.0,24.0,585.9484,27.300003,23.496109,15.499942779541016,21.28727912902832
22.0,24.0,626.01184,27.799995,23.034775,15.499994277954102,19.086952209472656
22.0,24.0,624.2818,28.300003,22.89042,15.499998092651367,18.206356048583984
22.0,24.0,616.1062,28.5,22.956738,15.499993324279785,18.206134796142578
22.0,24.0,571.00525,28.699997,23.02723,15.49998664855957,20.596506118774414
22.0,24.0,591.82025,28.699997,23.207592,15.499985694885254,22.425830841064453
22.0,24.0,478.3472,28.800003,23.801258,15.499987602233887,18.549104690551758
22.0,24.0,423.60562,28.900002,23.251324,15.499998092651367,18.943613052368164
22.0,24.0,216.36865,28.900002,23.174557,15.49998664855957,22.064783096313477
22.0,24.0,227.3333,28.800003,23.638641,15.5,19.032358169555664
22.0,24.0,122.877495,28.599998,23.135849,15.499998092651367,19.987337112426758
22.0,24.0,129.81949,28.300003,23.095291,15.499998092651367,18.659122467041016
22.0,24.0,44.385,28.0,22.732082,15.499963760375977,19.998817443847656
22.0,24.0,52.59964,28.0,22.693039,15.499980926513672,19.358116149902344
22.0,24.0,21.12,26.900002,22.568308,15.499977111816406,19.77180290222168
22.0,24.0,10.065,25.900002,22.49584,15.499836921691895,22.755428314208984
22.0,24.0,11.966495,24.899994,23.322786,15.499807357788086,18.969457626342773
22.0,24.0,0.0,24.0,22.356083,15.49998664855957,19.996057510375977
22.0,24.0,0.0,23.2,22.29394,15.499947547912598,22.358688354492188
22.0,24.0,0.0,22.799995,22.998558,15.499944686889648,21.29501724243164
22.0,24.0,0.0,22.399998,22.536388,15.499907493591309,19.10237693786621
22.0,24.0,0.0,22.099998,22.035992,15.49988842010498,23.182083129882812
22.0,24.0,0.0,21.8,23.014574,15.499431610107422,18.2357234954834
22.0,24.0,0.0,21.599998,21.92085,15.499993324279785,22.072586059570312
22.0,24.0,0.0,21.399998,22.655315,15.485062599182129,24.177303314208984
22.0,24.0,0.0,21.300003,23.094814,15.497570991516113,25.688013076782227
22.0,24.0,0.0,21.199997,23.39392,15.49304485321045,21.531356811523438
22.0,24.0,0.0,21.300003,22.373348,15.499983787536621,21.91606903076172
22.0,24.0,0.0,21.300003,22.539398,15.49955940246582,24.228666305541992
22.0,24.0,0.0,21.100002,23.053112,15.49778938293457,23.958890914916992
22.0,24.0,0.0,20.900002,23.035065,15.498620986938477,21.170562744140625
22.0,24.0,0.0,20.400002,22.21751,15.491798400878906,25.508193969726562
22.0,24.0,0.0,19.899998,23.216599,15.489715576171875,21.900897979736328
22.0,24.0,0.0,19.3,22.417679,15.497430801391602,23.34048080444336
22.0,24.0,0.0,18.600002,22.799438,15.49975872039795,25.769142150878906
22.0,24.0,2.145,18.5,23.239109,15.499547958374023,19.034748077392578
22.0,24.0,59.837944,18.3,21.708405,15.497499465942383,21.966976165771484
22.0,24.0,24.255,18.899998,22.415836,15.496650695800781,21.827943801879883
22.0,24.0,115.40873,19.400002,22.350716,15.49996566772461,19.52906036376953
22.0,24.0,60.472984,20.299995,21.64088,15.499878883361816,22.63562774658203
22.0,24.0,172.31528,21.100002,22.79485,15.499999046325684,22.378183364868164
22.0,24.0,122.26685,21.7,22.76418,15.499992370605469,20.218711853027344
22.0,24.0,330.8368,22.399998,22.133476,15.499999046325684,19.346614837646484
22.0,24.0,326.00232,22.900002,22.070112,15.499999046325684,22.8338680267334
22.0,24.0,509.5403,23.3,23.170105,15.499980926513672,20.65167236328125
22.0,24.0,540.7645,23.699997,22.502155,15.499996185302734,20.88519859313965
22.0,24.0,650.15936,24.099998,22.739323,15.499980926513672,18.914491653442383
22.0,24.0,679.3646,24.400002,22.593699,15.49999713897705,20.4034423828125
22.0,24.0,729.5835,24.800003,22.811062,15.499994277954102,18.720537185668945
22.0,24.0,739.38666,25.0,22.828018,15.499998092651367,18.060375213623047
22.0,24.0,730.3186,25.299995,22.90897,15.499969482421875,18.360271453857422
22.0,24.0,718.638,25.5,22.999163,15.499993324279785,20.259702682495117
22.0,24.0,649.78827,25.700005,23.126581,15.499982833862305,18.07715606689453
22.0,24.0,619.45703,25.800003,23.118267,15.49999713897705,20.53997802734375
22.0,24.0,494.53467,25.900002,23.21098,15.499995231628418,20.32088279724121
22.0,24.0,434.22626,25.800003,23.194942,15.499435424804688,22.388885498046875
22.0,24.0,276.8261,25.700005,23.72136,15.499996185302734,18.931114196777344
22.0,24.0,212.85394,25.199997,23.092585,15.499999046325684,19.56746482849121
22.0,24.0,128.93266,24.700005,22.990381,15.49997615814209,19.294933319091797
22.0,24.0,90.987526,23.699997,22.884705,15.499999046325684,24.481637954711914
22.0,24.0,56.595005,22.799995,23.851645,15.499970436096191,20.539569854736328
22.0,24.0,40.59,22.799995,22.606045,15.49979305267334,19.905593872070312
22.0,24.0,25.245,20.400002,22.411734,15.498653411865234,24.517913818359375
22.0,24.0,11.88,19.2,23.549782,15.499795913696289,19.367557525634766
22.0,24.0,15.524798,18.099998,22.22199,15.499900817871094,20.338319778442383
22.0,24.0,0.0,17.600002,22.20826,15.499971389770508,20.279117584228516
22.0,24.0,0.0,17.099998,22.094166,15.499161720275879,25.03252410888672
22.0,24.0,0.0,16.7,23.212082,15.499947547912598,23.243621826171875
22.0,24.0,0.0,16.300003,22.913101,15.499956130981445,19.128665924072266
22.0,24.0,0.0,15.900002,21.733051,15.499972343444824,21.123369216918945
22.0,24.0,0.0,15.5,22.135368,15.499890327453613,21.904430389404297
22.0,24.0,0.0,15.100002,22.30803,15.499980926513672,22.145584106445312
22.0,24.0,0.0,14.699997,22.327024,15.499195098876953,24.99225425720215
22.0,24.0,0.0,14.400002,22.826395,15.495284080505371,24.316038131713867
22.0,24.0,0.0,14.099998,22.71259,15.484277725219727,23.055702209472656
22.0,24.0,0.0,13.899998,22.454006,15.496146202087402,25.638477325439453
22.0,24.0,0.0,13.699997,22.86864,15.497720718383789,25.9801025390625
22.0,24.0,0.0,13.5,22.93517,15.47401237487793,23.641056060791016
22.0,24.0,0.0,13.299999,22.520044,15.496112823486328,23.611650466918945
22.0,24.0,0.0,13.0,22.461727,15.499052047729492,25.85131072998047
22.0,24.0,0.0,12.700001,22.81018,15.499679565429688,24.433082580566406
22.0,24.0,0.0,12.399998,22.582083,15.495203971862793,25.369476318359375
22.0,24.0,0.0,12.0,22.713978,15.499842643737793,21.64311981201172
22.0,24.0,1.98,13.099998,21.90353,15.498517036437988,22.981689453125
22.0,24.0,63.894325,14.099998,22.217024,15.493408203125,21.0986270904541
22.0,24.0,26.07,15.200001,21.723335,15.498170852661133,25.658279418945312
22.0,24.0,111.44282,16.300003,22.647673,15.496685981750488,23.259122848510742
22.0,24.0,57.915,17.200005,22.341797,15.497610092163086,22.42881202697754
22.0,24.0,169.08887,18.099998,22.478535,15.499999046325684,25.445541381835938
22.0,24.0,119.57057,18.800003,23.078342,15.49999713897705,23.78676414489746
22.0,24.0,330.33704,19.400002,22.967846,15.49999713897705,18.281509399414062
22.0,24.0,324.72836,20.0,21.838087,15.499998092651367,23.121082305908203
22.0,24.0,510.1312,20.599998,22.990158,15.499992370605469,19.735254287719727
22.0,24.0,538.3897,21.199997,22.147837,15.499996185302734,21.389829635620117
22.0,24.0,648.0742,21.8,22.740612,15.499982833862305,18.632917404174805
22.0,24.0,673.4987,22.3,22.35555,15.499984741210938,24.128496170043945
22.0,24.0,723.9466,22.799995,23.723328,15.499998092651367,18.467485427856445
22.0,24.0,735.22235,23.099998,22.703371,15.49997329711914,18.44426155090332
22.0,24.0,726.2297,23.5,22.741886,15.49999713897705,18.814794540405273
22.0,24.0,715.3576,23.699997,22.83227,15.499996185302734,18.287694931030273
22.0,24.0,644.90894,23.899998,22.877373,15.499996185302734,20.494291305541992
22.0,24.0,614.804,24.0,23.02716,15.499970436096191,23.25010871887207
22.0,24.0,489.56662,24.099998,23.96901,15.499999046325684,19.069278717041016
22.0,24.0,432.9949,24.099998,23.05769,15.499996185302734,18.518882751464844
22.0,24.0,273.3121,24.099998,22.943172,15.499984741210938,18.82182502746582
22.0,24.0,211.53319,23.899998,22.876678,15.499938011169434,18.52281951904297
22.0,24.0,128.03357,23.699997,22.780481,15.499996185302734,18.8742733001709
22.0,24.0,90.46357,23.2,22.69463,15.499999046325684,22.4211368560791
22.0,24.0,57.42,22.7,23.185728,15.49958610534668,18.224193572998047
22.0,24.0,41.25,22.7,22.31583,15.499963760375977,23.516820907592773
22.0,24.0,25.08,20.400002,23.326363,15.499972343444824,21.98295783996582
22.0,24.0,10.395,19.400002,22.78537,15.49966812133789,18.879117965698242
22.0,24.0,13.512385,18.400002,22.052332,15.499980926513672,22.448270797729492
22.0,24.0,0.0,17.900002,22.836483,15.49992561340332,20.737001419067383
22.0,24.0,0.0,17.5,22.15753,15.499984741210938,20.230255126953125
22.0,24.0,0.0,17.099998,21.95708,15.499884605407715,23.753393173217773
22.0,24.0,0.0,16.7,22.838562,15.499954223632812,21.287601470947266
22.0,24.0,0.0,16.5,22.151121,15.499897956848145,21.318323135375977
22.0,24.0,0.0,16.399998,22.142864,15.499415397644043,23.964590072631836
22.0,24.0,0.0,16.300003,22.722883,15.49975299835205,21.358083724975586
22.0,24.0,0.0,16.199997,22.052292,15.496294975280762,24.847471237182617
22.0,24.0,0.0,16.100002,22.803387,15.48316764831543,24.791259765625
22.0,24.0,0.0,16.0,22.827356,15.492827415466309,24.162195205688477
22.0,24.0,0.0,15.799999,22.711273,15.485602378845215,25.681781768798828
22.0,24.0,0.0,15.599998,22.96749,15.434640884399414,19.714305877685547
22.0,24.0,0.0,15.400002,21.469347,15.494440078735352,25.7048397064209
22.0,24.0,0.0,15.200001,22.79029,15.495269775390625,22.660200119018555
22.0,24.0,0.0,15.0,22.343115,15.483887672424316,25.288333892822266
22.0,24.0,0.0,14.799999,22.76664,15.499423027038574,21.740095138549805
22.0,24.0,0.0,14.899998,22.0142,15.471719741821289,21.63722801208496
22.0,24.0,0.0,14.899998,21.981369,15.49757194519043,23.8770694732666
22.0,24.0,1.485,15.5,22.420212,15.499804496765137,22.590726852416992
22.0,24.0,41.39498,16.0,22.226048,15.499490737915039,24.214054107666016
22.0,24.0,48.45135,16.8,22.51628,15.497005462646484,21.174440383911133
22.0,24.0,133.79245,17.5,21.849197,15.499764442443848,18.468305587768555
22.0,24.0,99.41992,18.400002,21.247967,15.499094009399414,22.269840240478516
22.0,24.0,218.82664,19.3,22.425053,15.499995231628418,19.886390686035156
22.0,24.0,195.57272,20.299995,21.73184,15.499999046325684,23.542394638061523
22.0,24.0,301.83176,21.399998,22.82719,15.499995231628418,18.31155014038086
22.0,24.0,334.032,22.5,21.828787,15.49999713897705,20.168582916259766
22.0,24.0,437.9453,23.5,22.11715,15.499999046325684,19.832927703857422
22.0,24.0,509.31342,24.299995,22.132446,15.499999046325684,23.476383209228516
22.0,24.0,625.05725,25.100006,23.34469,15.499968528747559,18.723257064819336
22.0,24.0,637.7928,25.800003,22.444656,15.499932289123535,23.529756546020508
22.0,24.0,598.42834,26.5,23.667887,15.499999046325684,24.6284122467041
22.0,24.0,603.7679,26.799995,24.099758,15.499992370605469,20.24198341369629
22.0,24.0,591.0823,27.200005,22.97488,15.499993324279785,20.485427856445312
22.0,24.0,635.2403,27.300003,23.068502,15.499992370605469,19.410663604736328
22.0,24.0,566.40094,27.399994,23.065008,15.499999046325684,21.504432678222656
22.0,24.0,505.16476,27.200005,23.400026,15.499980926513672,19.885276794433594
22.0,24.0,410.62842,27.099998,23.15628,15.499940872192383,18.682174682617188
22.0,24.0,400.67307,26.599998,23.115898,15.5,20.949541091918945
22.0,24.0,254.94077,26.099998,23.201069,15.499957084655762,20.057571411132812
22.0,24.0,221.85252,25.100006,23.06557,15.499993324279785,19.62626838684082
22.0,24.0,102.98672,24.099998,22.944479,15.499975204467773,20.180795669555664
22.0,24.0,168.16953,22.7,22.90615,15.499996185302734,18.496593475341797
22.0,24.0,60.94622,21.300003,22.48239,15.499980926513672,18.806859970092773
22.0,24.0,100.74828,21.300003,22.360981,15.499988555908203,18.151912689208984
22.0,24.0,20.434763,18.3,22.189613,15.499847412109375,19.33187484741211
22.0,24.0,10.653113,17.200005,22.07546,15.499955177307129,25.683155059814453
22.0,24.0,4.100338,16.0,23.44939,15.498467445373535,22.589954376220703
22.0,24.0,0.0,15.400002,22.784885,15.499958038330078,23.261817932128906
22.0,24.0,0.0,14.799999,22.92237,15.498977661132812,24.338642120361328
22.0,24.0,0.0,14.5,23.056498,15.499743461608887,21.947410583496094
22.0,24.0,0.0,14.099998,22.400494,15.49997615814209,25.421579360961914
22.0,24.0,0.0,13.899998,23.088634,15.499849319458008,20.142946243286133
22.0,24.0,0.0,13.600002,21.702229,15.499902725219727,20.336551666259766
22.0,24.0,0.0,13.200001,21.747574,15.499974250793457,22.692785263061523
22.0,24.0,0.0,12.900002,22.320742,15.493603706359863,25.478885650634766
22.0,24.0,0.0,12.5,22.799156,15.499374389648438,25.129213333129883
22.0,24.0,0.0,12.199997,22.74341,15.457132339477539,25.860248565673828
22.0,24.0,0.0,11.900002,22.842209,15.470407485961914,20.214962005615234
22.0,24.0,0.0,11.599998,21.46561,15.493585586547852,23.589872360229492
22.0,24.0,0.0,11.300003,22.262276,15.48741340637207,25.88852310180664
22.0,24.0,0.0,11.0,22.61784,15.499066352844238,25.29100227355957
22.0,24.0,0.0,10.700001,22.57599,15.49860668182373,23.56072425842285
22.0,24.0,0.0,10.5,22.244028,15.498619079589844,24.20998764038086
22.0,24.0,0.0,10.400002,22.308186,15.494295120239258,24.84115219116211
22.0,24.0,0.0,10.200001,22.397697,15.464985847473145,24.110645294189453
22.0,24.0,2.145,11.199997,22.257715,15.499613761901855,25.900859832763672
22.0,24.0,64.128876,12.199997,22.50627,15.49537467956543,25.475561141967773
22.0,24.0,25.575,13.400002,22.54134,15.498497009277344,23.322614669799805
22.0,24.0,115.379875,14.599998,22.215805,15.499795913696289,19.54330825805664
22.0,24.0,58.567352,15.799999,21.19284,15.4998779296875,21.588953018188477
22.0,24.0,172.72719,17.099998,22.08052,15.499994277954102,24.015029907226562
22.0,24.0,121.61667,18.0,22.622295,15.499998092651367,19.39734649658203
22.0,24.0,326.3605,19.0,21.575459,15.49993896484375,18.31487274169922
22.0,24.0,318.3818,19.8,21.5347,15.5,21.379535675048828
22.0,24.0,502.8356,20.7,22.347214,15.49999713897705,22.75379753112793
22.0,24.0,527.05194,21.399998,22.874561,15.5,19.335102081298828
22.0,24.0,638.5913,22.200005,22.088417,15.499994277954102,18.751535415649414
22.0,24.0,658.9124,22.900002,22.161514,15.499979019165039,18.498266220092773
22.0,24.0,697.2725,23.600002,22.284588,15.5,21.323354721069336
22.0,24.0,681.4563,24.099998,22.888306,15.499988555908203,19.829605102539062
22.0,24.0,642.4392,24.599998,22.613453,15.499998092651367,20.392580032348633
22.0,24.0,637.7337,24.899994,22.764725,15.499961853027344,18.29427719116211
22.0,24.0,585.95856,25.299995,22.730171,15.499999046325684,23.736621856689453
22.0,24.0,564.1478,25.5,23.983027,15.499996185302734,20.1687068939209
22.0,24.0,427.37067,25.700005,22.976517,15.499990463256836,20.52412223815918
22.0,24.0,404.5249,25.700005,23.001442,15.5,20.429161071777344
22.0,24.0,253.80815,25.800003,22.961403,15.499990463256836,18.81863784790039
22.0,24.0,241.41899,25.599998,22.85566,15.499999046325684,19.431697845458984
22.0,24.0,121.59039,25.400002,22.795868,15.499990463256836,19.340574264526367
22.0,24.0,111.02979,25.100006,22.730932,15.499999046325684,19.623016357421875
22.0,24.0,49.500004,24.700005,22.427052,15.499873161315918,20.26443099975586
22.0,24.0,84.07869,24.700005,22.43504,15.499994277954102,21.202783584594727
22.0,24.0,16.5,22.5,22.655043,15.499818801879883,22.534692764282227
22.0,24.0,19.435774,21.399998,23.059435,15.4999361038208,18.28873634338379
22.0,24.0,12.69592,20.299995,22.1016,15.499319076538086,22.102691650390625
22.0,24.0,0.0,19.899998,22.788261,15.499995231628418,23.176366806030273
22.0,24.0,0.0,19.599998,23.035275,15.499972343444824,22.46514892578125
22.0,24.0,0.0,19.400002,22.776947,15.499913215637207,24.531600952148438
22.0,24.0,0.0,19.3,23.198473,15.499958992004395,18.565750122070312
22.0,24.0,0.0,19.099998,21.838974,15.499970436096191,23.473691940307617
22.0,24.0,0.0,19.0,22.845894,15.499289512634277,22.651599884033203
22.0,24.0,0.0,18.699997,22.696072,15.499969482421875,18.658458709716797
22.0,24.0,0.0,18.400002,21.666576,15.491128921508789,25.97207260131836
22.0,24.0,0.0,18.2,23.109184,15.496150970458984,24.34776496887207
22.0,24.0,0.0,17.900002,22.930565,15.45278549194336,24.736064910888672
22.0,24.0,0.0,17.7,22.983345,15.49216079711914,23.366079330444336
22.0,24.0,0.0,17.5,22.736399,15.481391906738281,23.98747444152832
22.0,24.0,0.0,17.399998,22.81565,15.486685752868652,22.685928344726562
22.0,24.0,0.0,17.3,22.570854,15.498835563659668,22.75870704650879
22.0,24.0,0.0,17.200005,22.545713,15.494880676269531,23.699718475341797
22.0,24.0,0.0,17.099998,22.689312,15.499396324157715,21.321361541748047
22.0,24.0,0.0,17.099998,22.042877,15.495017051696777,24.219207763671875
22.0,24.0,0.0,17.200005,22.698582,15.498719215393066,25.151105880737305
22.0,24.0,1.32,17.900002,22.905132,15.474750518798828,19.378952026367188
22.0,24.0,35.151554,18.600002,21.500175,15.496467590332031,19.495670318603516
22.0,24.0,52.1189,19.400002,21.492876,15.499382019042969,21.570499420166016
22.0,24.0,103.170586,20.2,22.134853,15.499436378479004,19.115612030029297
22.0,24.0,118.21191,21.300003,21.447601,15.495643615722656,20.46784782409668
22.0,24.0,215.51186,22.399998,22.04916,15.499998092651367,19.77663230895996
22.0,24.0,206.54668,24.0,21.861946,15.5,22.615840911865234
22.0,24.0,311.31107,25.599998,22.846357,15.499982833862305,22.1346435546875
22.0,24.0,325.63916,26.699997,22.802603,15.499994277954102,25.40078353881836
22.0,24.0,435.52914,27.799995,23.71023,15.49999713897705,20.874250411987305
22.0,24.0,454.59378,28.400002,22.6059,15.499996185302734,24.25722885131836
22.0,24.0,580.42065,29.0,23.846157,15.499999046325684,25.222415924072266
22.0,24.0,619.7804,29.400002,24.290897,15.499998092651367,18.513662338256836
22.0,24.0,663.726,29.800003,23.068691,15.499994277954102,18.643659591674805
22.0,24.0,674.8781,30.0,23.120403,15.499991416931152,18.29191017150879
22.0,24.0,671.7087,30.199997,23.21641,15.499995231628418,19.030256271362305
22.0,24.0,665.6367,30.199997,23.323267,15.499996185302734,22.090059280395508
22.0,24.0,586.19415,30.299995,23.826683,15.499884605407715,19.568544387817383
22.0,24.0,572.1825,30.299995,23.507889,15.499998092651367,18.636621475219727
22.0,24.0,454.8861,30.299995,23.482971,15.499979019165039,18.274566650390625
22.0,24.0,414.3495,30.199997,23.478004,15.499995231628418,19.416887283325195
22.0,24.0,199.23274,30.100006,23.423649,15.499987602233887,23.7847900390625
22.0,24.0,261.67007,30.0,24.485493,15.499996185302734,19.08605194091797
22.0,24.0,114.34582,29.899994,23.432592,15.499998092651367,19.6267147064209
22.0,24.0,115.26994,29.5,23.32595,15.499998092651367,21.906187057495117
22.0,24.0,50.473793,29.099998,23.42358,15.499853134155273,21.298477172851562
22.0,24.0,9.822621,29.099998,23.131845,15.499943733215332,18.30263328552246
22.0,24.0,7.7539005,26.900002,22.791283,15.499953269958496,18.90550422668457
22.0,24.0,4.8839803,26.0,22.668644,15.499018669128418,19.268081665039062
22.0,24.0,3.3517797,25.199997,22.561031,15.499601364135742,20.154300689697266
22.0,24.0,0.0,24.5,22.519817,15.49996280670166,21.046710968017578
22.0,24.0,0.0,23.699997,22.684261,15.499944686889648,18.238357543945312
22.0,24.0,0.0,23.0,22.244099,15.499903678894043,20.326114654541016
22.0,24.0,0.0,22.3,22.305218,15.499958038330078,25.3450870513916
22.0,24.0,0.0,21.7,23.538948,15.499855041503906,25.61324119567871
22.0,24.0,0.0,21.199997,23.644068,15.499981880187988,19.471994400024414
22.0,24.0,0.0,20.8,22.109547,15.499977111816406,19.74996566772461
22.0,24.0,0.0,20.5,22.005278,15.494901657104492,25.138378143310547
22.0,24.0,0.0,20.299995,23.28707,15.49163818359375,21.137529373168945
22.0,24.0,0.0,20.100002,22.26693,15.498723030090332,24.0101375579834
22.0,24.0,0.0,20.100002,23.032488,15.469217300415039,25.464632034301758
22.0,24.0,0.0,20.0,23.32338,15.496528625488281,23.681415557861328
22.0,24.0,0.0,20.2,23.027176,15.480979919433594,22.19404411315918
22.0,24.0,0.0,20.299995,22.589928,15.480031967163086,23.120933532714844
22.0,24.0,0.0,20.400002,22.846197,15.498289108276367,22.565364837646484
22.0,24.0,0.0,20.5,22.698849,15.487770080566406,24.62372589111328
22.0,24.0,0.0,20.5,23.093775,15.497808456420898,22.006452560424805
22.0,24.0,0.0,20.5,22.473356,15.498737335205078,22.655075073242188
22.0,24.0,3.1318254,20.7,22.707771,15.499641418457031,18.52060890197754
22.0,24.0,23.19405,20.900002,21.693916,15.499994277954102,23.943923950195312
22.0,24.0,43.7685,21.300003,22.84566,15.499870300292969,21.121196746826172
22.0,24.0,67.27593,21.7,22.14578,15.48917007446289,20.26576805114746
22.0,24.0,90.76151,22.099998,21.908932,15.499946594238281,22.506628036499023
22.0,24.0,185.45193,22.600002,22.876186,15.499999046325684,19.678022384643555
22.0,24.0,209.78865,23.0,22.070873,15.499999046325684,18.90886878967285
22.0,24.0,319.87646,23.5,22.060873,15.499999046325684,22.320449829101562
22.0,24.0,326.44092,24.299995,22.99296,15.499999046325684,20.65727996826172
22.0,24.0,409.7068,25.0,22.465635,15.499999046325684,18.16748046875
22.0,24.0,438.84546,26.099998,22.332193,15.5,19.475608825683594
22.0,24.0,510.84717,27.200005,22.472677,15.499979019165039,18.17885971069336
22.0,24.0,569.06573,27.799995,22.551563,15.499996185302734,22.212905883789062
22.0,24.0,624.2506,28.400002,23.416084,15.49998950958252,21.82032012939453
22.0,24.0,640.69745,28.800003,23.332413,15.499979972839355,18.41553497314453
22.0,24.0,640.4121,29.199997,23.022713,15.499987602233887,18.76195526123047
22.0,24.0,632.9006,29.599998,23.106632,15.499998092651367,18.534238815307617
22.0,24.0,560.51996,30.100006,23.169565,15.4999418258667,21.07128143310547
22.0,24.0,504.6112,30.199997,23.374577,15.499994277954102,20.20095443725586
22.0,24.0,413.66998,30.299995,23.316225,15.499998092651367,18.75361442565918
22.0,24.0,403.9134,30.199997,23.292664,15.499999046325684,22.795408248901367
22.0,24.0,259.78317,30.0,24.010548,15.499992370605469,24.170751571655273
22.0,24.0,234.29521,29.800003,24.532078,15.499975204467773,19.600265502929688
22.0,24.0,81.416016,29.5,23.347363,15.499995231628418,22.202625274658203
22.0,24.0,144.21533,29.0,23.740702,15.5,22.7011661529541
22.0,24.0,47.09719,28.599998,23.665028,15.499982833862305,18.93911361694336
22.0,24.0,60.120663,28.599998,22.910168,15.499824523925781,23.890310287475586
22.0,24.0,21.945,26.799995,23.978315,15.499944686889648,20.62569808959961
22.0,24.0,11.55,25.700005,22.839052,15.499993324279785,19.723344802856445
22.0,24.0,17.475533,24.599998,22.643534,15.499982833862305,19.129262924194336
22.0,24.0,0.0,24.0,22.490622,15.499963760375977,22.045883178710938
22.0,24.0,0.0,23.3,23.069801,15.499979972839355,20.28526496887207
22.0,24.0,0.0,22.900002,22.413773,15.499885559082031,21.541229248046875
22.0,24.0,0.0,22.399998,22.755306,15.49984359741211,21.77863121032715
22.0,24.0,0.0,22.099998,22.760592,15.499992370605469,20.481456756591797
22.0,24.0,0.0,21.8,22.264034,15.499738693237305,18.126264572143555
22.0,24.0,0.0,21.599998,21.96028,15.499349594116211,22.900381088256836
22.0,24.0,0.0,21.300003,22.920643,15.49782943725586,25.13909149169922
22.0,24.0,0.0,21.199997,23.352638,15.495895385742188,25.756786346435547
22.0,24.0,0.0,21.0,23.492788,15.499029159545898,22.744394302368164
22.0,24.0,0.0,20.900002,22.857792,15.494596481323242,25.80876922607422
22.0,24.0,0.0,20.8,23.460312,15.499571800231934,25.388824462890625
22.0,24.0,0.0,20.7,23.427223,15.499698638916016,20.499055862426758
22.0,24.0,0.0,20.599998,22.070925,15.49560832977295,25.782913208007812
22.0,24.0,0.0,20.599998,23.35279,15.49642276763916,22.019765853881836
22.0,24.0,0.0,20.599998,22.540916,15.499850273132324,19.871614456176758
22.0,24.0,0.0,20.599998,21.869143,15.496078491210938,24.775615692138672
22.0,24.0,0.0,20.5,23.07228,15.498865127563477,23.091712951660156
22.0,24.0,1.98,20.8,22.84122,15.49630069732666,19.539501190185547
22.0,24.0,41.216663,21.100002,21.781675,15.499558448791504,21.145532608032227
22.0,24.0,43.756905,21.7,22.22357,15.496706008911133,24.01340675354004
22.0,24.0,130.06229,22.3,22.944435,15.499187469482422,20.411195755004883
22.0,24.0,70.81114,23.3,21.961678,15.49964714050293,19.35047721862793
22.0,24.0,184.12941,24.400002,22.025097,15.499999046325684,20.014263153076172
22.0,24.0,157.38728,25.299995,22.137402,15.49997329711914,18.47789764404297
22.0,24.0,325.1266,26.199997,22.098614,15.499999046325684,25.33184051513672
22.0,24.0,288.21817,26.699997,23.64265,15.499988555908203,19.322025299072266
22.0,24.0,261.69366,27.099998,22.379377,15.49999713897705,20.861791610717773
22.0,24.0,342.9761,27.399994,22.683151,15.499946594238281,21.015621185302734
22.0,24.0,310.2105,27.600006,22.769323,15.499999046325684,19.01994514465332
22.0,24.0,144.66454,27.799995,22.477995,15.499999046325684,23.985782623291016
22.0,24.0,129.22302,27.900002,23.695545,15.499993324279785,19.27745819091797
22.0,24.0,386.35492,27.900002,22.682812,15.499994277954102,19.85724449157715
22.0,24.0,570.93164,27.900002,22.788704,15.499993324279785,19.3101863861084
22.0,24.0,434.9553,27.799995,22.806046,15.499998092651367,21.041606903076172
22.0,24.0,417.5912,27.699997,23.064234,15.499987602233887,20.06645393371582
22.0,24.0,321.1947,27.399994,22.92013,15.499998092651367,18.688079833984375
22.0,24.0,328.2988,27.099998,22.874779,15.49998950958252,20.702913284301758
22.0,24.0,401.41953,26.799995,23.029186,15.499988555908203,18.052547454833984
22.0,24.0,201.46751,26.5,22.85783,15.499994277954102,23.170841217041016
22.0,24.0,225.41612,26.199997,23.848843,15.499969482421875,19.379709243774414
22.0,24.0,85.96296,26.0,22.878546,15.5,20.196216583251953
22.0,24.0,132.26396,25.599998,22.841297,15.49999713897705,19.498085021972656
22.0,24.0,44.55,25.299995,22.482206,15.499991416931152,20.311906814575195
22.0,24.0,47.78803,25.299995,22.484299,15.499982833862305,22.64375877380371
22.0,24.0,23.43,24.199997,23.221275,15.499958992004395,25.520870208740234
22.0,24.0,11.055,23.800003,23.804386,15.49958610534668,20.775053024291992
22.0,24.0,17.344275,23.400002,22.440495,15.499890327453613,24.366186141967773
22.0,24.0,0.0,23.3,23.478485,15.499887466430664,18.413455963134766
22.0,24.0,0.0,23.099998,22.193184,15.498581886291504,22.705604553222656
22.0,24.0,0.0,22.799995,23.046032,15.499227523803711,25.684078216552734
22.0,24.0,0.0,22.399998,23.616268,15.499956130981445,18.511796951293945
22.0,24.0,0.0,22.099998,22.080818,15.499929428100586,24.105472564697266
22.0,24.0,0.0,21.8,23.19799,15.49997329711914,22.839338302612305
22.0,24.0,0.0,21.5,22.955769,15.499959945678711,22.274890899658203
22.0,24.0,0.0,21.300003,22.741041,15.495868682861328,25.626018524169922
22.0,24.0,0.0,21.199997,23.436626,15.458858489990234,21.177587509155273
22.0,24.0,0.0,21.0,22.297546,15.49962329864502,25.0476131439209
22.0,24.0,0.0,20.900002,23.26218,15.495665550231934,23.540674209594727
22.0,24.0,0.0,20.8,23.04415,15.499244689941406,20.585718154907227
22.0,24.0,0.0,20.599998,22.077467,15.499581336975098,19.42460823059082
22.0,24.0,0.0,20.5,21.786213,15.466804504394531,25.757848739624023
22.0,24.0,0.0,20.400002,23.204803,15.495105743408203,24.38773536682129
22.0,24.0,0.0,20.299995,23.06368,15.49938678741455,24.03108024597168
22.0,24.0,0.0,20.299995,22.998808,15.497355461120605,24.036563873291016
22.0,24.0,0.0,20.299995,22.998016,15.490983963012695,25.717918395996094
22.0,24.0,1.9543443,20.7,23.306805,15.499648094177246,24.985990524291992
22.0,24.0,4.931707,21.0,23.218212,15.498974800109863,22.071945190429688
22.0,24.0,6.891127,21.300003,22.52282,15.49972915649414,19.118392944335938
22.0,24.0,9.896961,21.599998,21.758467,15.49963665008545,19.2569637298584
22.0,24.0,14.811971,22.0,21.695786,15.499777793884277,18.71381187438965
22.0,24.0,20.79,22.5,21.846294,15.499999046325684,20.006786346435547
22.0,24.0,27.68662,23.0,21.998865,15.5,22.29439926147461
22.0,24.0,36.63,23.5,22.750816,15.499999046325684,21.593828201293945
22.0,24.0,45.51401,23.899998,22.50934,15.5,18.540868759155273
22.0,24.0,53.46,24.400002,21.92816,15.499998092651367,23.020954132080078
22.0,24.0,63.33683,24.899994,22.980846,15.499994277954102,18.7674560546875
22.0,24.0,71.28,25.299995,22.02527,15.499998092651367,21.409364700317383
22.0,24.0,79.16625,25.599998,22.58234,15.499998092651367,18.78343963623047
22.0,24.0,145.89265,25.900002,22.07335,15.5,18.63823890686035
22.0,24.0,246.56676,26.0,22.102573,15.499998092651367,18.422334671020508
22.0,24.0,173.07942,26.099998,22.110258,15.499998092651367,21.066747665405273
22.0,24.0,111.61102,26.199997,22.56805,15.499998092651367,19.343055725097656
22.0,24.0,82.05311,26.300003,22.189848,15.499998092651367,20.404293060302734
22.0,24.0,74.19247,26.300003,22.357164,15.499999046325684,20.151369094848633
22.0,24.0,67.151726,26.300003,22.28587,15.499999046325684,23.398054122924805
22.0,24.0,56.365948,26.199997,23.299774,15.49999713897705,24.374279022216797
22.0,24.0,47.31673,26.0,23.579973,15.499990463256836,18.203824996948242
22.0,24.0,36.564342,25.700005,22.32022,15.499992370605469,19.941070556640625
22.0,24.0,28.541805,25.5,22.313526,15.499996185302734,21.8327693939209
22.0,24.0,24.645159,25.0,22.888123,15.499998092651367,24.080810546875
22.0,24.0,21.522997,24.5,23.26595,15.499990463256836,18.756242752075195
22.0,24.0,21.522997,24.5,22.030855,15.499763488769531,21.258047103881836
22.0,24.0,28.450281,23.3,22.465849,15.498149871826172,22.195981979370117
22.0,24.0,17.029022,22.7,22.73779,15.499778747558594,19.133827209472656
22.0,24.0,6.533503,22.0,21.899181,15.499938011169434,18.44340705871582
22.0,24.0,0.0,21.8,21.763468,15.499818801879883,24.2282772064209
22.0,24.0,0.0,21.599998,22.986885,15.499985694885254,19.637569427490234
22.0,24.0,0.0,21.5,21.800522,15.499984741210938,21.90652847290039
22.0,24.0,0.0,21.300003,22.471848,15.499948501586914,24.140010833740234
22.0,24.0,0.0,21.300003,22.940454,15.49998664855957,19.96410369873047
22.0,24.0,0.0,21.199997,21.782299,15.499706268310547,20.68222427368164
22.0,24.0,0.0,21.199997,22.017933,15.499910354614258,21.031646728515625
22.0,24.0,0.0,21.199997,22.090399,15.498725891113281,25.086177825927734
22.0,24.0,0.0,21.100002,22.996449,15.491015434265137,23.567890167236328
22.0,24.0,0.0,21.0,22.799236,15.49950122833252,25.29864501953125
22.0,24.0,0.0,20.900002,23.115112,15.49990463256836,24.4622802734375
22.0,24.0,0.0,20.7,23.00907,15.49199390411377,24.185407638549805
22.0,24.0,0.0,20.5,22.968765,15.499702453613281,22.83110809326172
22.0,24.0,0.0,20.299995,22.729458,15.499895095825195,18.470714569091797
22.0,24.0,0.0,20.100002,21.64804,15.478802680969238,25.627939224243164
22.0,24.0,0.0,19.8,23.068306,15.46052360534668,24.856836318969727
22.0,24.0,0.0,19.5,23.034868,15.499496459960938,22.99773406982422
22.0,24.0,0.0,19.3,22.711258,15.497917175292969,21.846681594848633
22.0,24.0,3.63858,19.400002,22.332954,15.48519515991211,24.88958740234375
22.0,24.0,25.094818,19.400002,22.987705,15.498604774475098,19.497596740722656
22.0,24.0,36.906487,19.700005,21.656492,15.499942779541016,22.086959838867188
22.0,24.0,59.935875,19.899998,22.414196,15.49499797821045,24.5360164642334
22.0,24.0,27.52226,20.400002,22.899645,15.499778747558594,18.272537231445312
22.0,24.0,118.19638,20.900002,21.851889,15.499998092651367,24.332300186157227
22.0,24.0,167.44063,21.5,23.134789,15.499999046325684,19.15926170349121
22.0,24.0,118.28038,22.099998,21.957146,15.5,21.6450252532959
22.0,24.0,101.953445,22.600002,22.585117,15.5,23.859920501708984
22.0,24.0,121.052124,23.2,23.185081,15.5,23.862825393676758
22.0,24.0,234.80818,23.5,23.327377,15.499999046325684,24.239259719848633
22.0,24.0,349.7261,23.899998,23.537615,15.499995231628418,20.909852981567383
22.0,24.0,412.05048,24.299995,22.589323,15.499996185302734,24.71852684020996
22.0,24.0,252.37503,24.800003,23.741966,15.499999046325684,18.221017837524414
22.0,24.0,386.27136,25.199997,22.553003,15.499981880187988,22.051959991455078
22.0,24.0,288.37326,25.599998,23.198547,15.499998092651367,21.453781127929688
22.0,24.0,177.93684,25.800003,22.944607,15.5,18.357250213623047
22.0,24.0,210.03146,26.099998,22.563404,15.499985694885254,18.400705337524414
22.0,24.0,176.43246,26.199997,22.52659,15.5,20.145896911621094
22.0,24.0,83.76269,26.300003,22.572432,15.499972343444824,19.220598220825195
22.0,24.0,226.65495,26.300003,22.531437,15.499998092651367,21.43631935119629
22.0,24.0,204.10747,26.300003,22.975182,15.499929428100586,22.153396606445312
22.0,24.0,243.58685,26.099998,23.24092,15.499996185302734,18.474058151245117
22.0,24.0,151.88046,26.0,22.590553,15.499866485595703,24.5966796875
22.0,24.0,158.2016,25.599998,23.89169,15.49998664855957,18.18964385986328
22.0,24.0,68.78861,25.199997,22.37793,15.49975299835205,18.46245765686035
22.0,24.0,95.48466,25.199997,22.246904,15.499938011169434,18.9556827545166
22.0,24.0,18.432262,23.899998,22.164188,15.499932289123535,21.385833740234375
22.0,24.0,27.027855,23.0,22.625927,15.499695777893066,21.068546295166016
22.0,24.0,9.786674,22.099998,22.438362,15.499805450439453,24.95050048828125
22.0,24.0,0.0,22.0,23.38879,15.499865531921387,18.707820892333984
22.0,24.0,0.0,21.8,22.003113,15.499948501586914,21.17452049255371
22.0,24.0,0.0,21.7,22.39133,15.499966621398926,20.139585494995117
22.0,24.0,0.0,21.599998,21.987036,15.499876976013184,24.711082458496094
22.0,24.0,0.0,21.599998,23.131649,15.499980926513672,20.812114715576172
22.0,24.0,0.0,21.599998,22.117905,15.49970817565918,21.710996627807617
22.0,24.0,0.0,21.5,22.44553,15.499944686889648,24.361087799072266
22.0,24.0,0.0,21.399998,23.03267,15.498558044433594,25.338380813598633
22.0,24.0,0.0,21.300003,23.252607,15.4993896484375,24.811187744140625
22.0,24.0,0.0,21.100002,23.19138,15.495685577392578,24.74397087097168
22.0,24.0,0.0,20.900002,23.18922,15.495904922485352,25.715335845947266
22.0,24.0,0.0,20.7,23.374302,15.498132705688477,23.738840103149414
22.0,24.0,0.0,20.599998,23.044615,15.499003410339355,19.612581253051758
22.0,24.0,0.0,20.400002,21.844135,15.492472648620605,25.93576431274414
22.0,24.0,0.0,20.2,23.260092,15.492230415344238,23.4209041595459
22.0,24.0,0.0,20.100002,22.912443,15.498950958251953,25.53712272644043
22.0,24.0,0.0,20.100002,23.269903,15.483757972717285,25.039155960083008
22.0,24.0,0.0,20.0,23.213018,15.499610900878906,24.006656646728516
22.0,24.0,3.5940309,20.299995,23.036163,15.492422103881836,21.44750213623047
22.0,24.0,21.325626,20.5,22.304716,15.499687194824219,20.244949340820312
22.0,24.0,40.362778,21.0,21.93309,15.499855995178223,21.659536361694336
22.0,24.0,77.34788,21.5,22.402206,15.497270584106445,20.232315063476562
22.0,24.0,131.2925,22.0,21.920052,15.499177932739258,21.897106170654297
22.0,24.0,125.370476,22.600002,22.708965,15.499966621398926,18.715587615966797
22.0,24.0,77.88504,23.099998,21.978252,15.5,25.39134979248047
22.0,24.0,91.30105,23.600002,23.438862,15.499998092651367,18.343549728393555
22.0,24.0,186.72475,23.899998,22.11618,15.499998092651367,21.087770462036133
22.0,24.0,278.53458,24.299995,22.565266,15.499994277954102,21.23235511779785
22.0,24.0,424.78308,24.400002,22.681366,15.5,19.682458877563477
22.0,24.0,491.8702,24.5,22.400976,15.499995231628418,19.12714195251465
22.0,24.0,440.47263,24.800003,22.420649,15.49998950958252,19.512147903442383
22.0,24.0,339.7501,25.100006,22.46165,15.499983787536621,19.19082260131836
22.0,24.0,355.6999,25.400002,22.485832,15.499999046325684,20.755084991455078
22.0,24.0,231.9797,25.800003,22.701744,15.5,23.534385681152344
22.0,24.0,138.02599,26.0,23.625797,15.499999046325684,19.315950393676758
22.0,24.0,303.5162,26.199997,22.630173,15.499996185302734,24.917377471923828
22.0,24.0,436.70782,26.199997,24.044376,15.49996566772461,18.491455078125
22.0,24.0,375.58124,26.300003,22.816906,15.49996280670166,18.316661834716797
22.0,24.0,406.9986,26.199997,22.777916,15.499995231628418,19.009550094604492
22.0,24.0,199.89572,26.199997,22.741714,15.499996185302734,18.404356002807617
22.0,24.0,267.36404,26.0,22.724009,15.499998092651367,23.03931999206543
22.0,24.0,139.70319,25.800003,23.67789,15.49999713897705,18.909183502197266
22.0,24.0,138.96922,25.5,22.741081,15.499971389770508,20.081832885742188
22.0,24.0,41.91,25.199997,22.45121,15.49996280670166,22.063621520996094
22.0,24.0,87.58841,25.199997,23.042194,15.499972343444824,24.61559295654297
22.0,24.0,19.305,24.299995,23.65074,15.49998664855957,19.669757843017578
22.0,24.0,15.99766,23.800003,22.33495,15.49996566772461,21.32014274597168
22.0,24.0,17.413437,23.3,22.663239,15.499872207641602,22.058143615722656
22.0,24.0,0.0,23.099998,22.853508,15.499978065490723,24.344482421875
22.0,24.0,0.0,23.0,23.400692,15.499988555908203,20.75165557861328
22.0,24.0,0.0,22.900002,22.30815,15.499917984008789,24.178979873657227
22.0,24.0,0.0,22.799995,23.2734,15.499993324279785,21.869609832763672
22.0,24.0,0.0,22.7,22.646116,15.499990463256836,19.813114166259766
22.0,24.0,0.0,22.7,22.026989,15.499841690063477,23.764982223510742
22.0,24.0,0.0,22.600002,23.074837,15.4999361038208,21.17058753967285
22.0,24.0,0.0,22.5,22.325956,15.455368041992188,21.950416564941406
22.0,24.0,0.0,22.399998,22.606155,15.481271743774414,25.682281494140625
22.0,24.0,0.0,22.3,23.385277,15.497318267822266,23.18216896057129
22.0,24.0,0.0,22.200005,22.99947,14.590534210205078,25.392454147338867
22.0,24.0,0.0,22.099998,23.33309,15.499369621276855,23.692489624023438
22.0,24.0,0.0,21.900002,23.10414,15.495574951171875,21.285673141479492
22.0,24.0,0.0,21.7,22.339218,15.499717712402344,23.776901245117188
22.0,24.0,0.0,21.5,23.019997,15.499363899230957,23.239580154418945
22.0,24.0,0.0,21.300003,22.954662,15.499502182006836,24.63275718688965
22.0,24.0,0.0,21.100002,23.194397,15.496862411499023,21.895790100097656
22.0,24.0,0.0,21.0,22.500168,15.49962329864502,20.003870010375977
22.0,24.0,2.9756546,21.599998,21.892086,15.49915885925293,24.955190658569336
22.0,24.0,32.360374,22.200005,23.131084,15.49515438079834,19.827238082885742
22.0,24.0,56.65066,22.799995,21.86045,15.49984359741211,25.780473709106445
22.0,24.0,93.30029,23.400002,23.291508,15.499678611755371,22.0436954498291
22.0,24.0,127.11804,24.199997,22.578022,15.499276161193848,23.64725685119629
22.0,24.0,211.9757,24.899994,23.330578,15.499992370605469,21.50640296936035
22.0,24.0,183.58362,25.5,22.710995,15.49998664855957,18.16474151611328
22.0,24.0,297.46002,26.099998,22.30684,15.499995231628418,18.676654815673828
22.0,24.0,320.95633,26.599998,22.346027,15.499999046325684,19.845947265625
22.0,24.0,440.64847,27.099998,22.502281,15.5,23.718975067138672
22.0,24.0,401.4353,27.399994,23.703651,15.5,20.310970306396484
22.0,24.0,555.3949,27.799995,22.813534,15.499995231628418,21.010025024414062
22.0,24.0,579.6447,27.900002,23.041615,15.499999046325684,23.806550979614258
22.0,24.0,596.25964,28.0,24.127254,15.499985694885254,19.47852897644043
22.0,24.0,563.94257,28.0,23.14114,15.499980926513672,18.763771057128906
22.0,24.0,510.96338,28.099998,23.12355,15.49999713897705,18.89138412475586
22.0,24.0,597.8935,28.099998,23.19534,15.499996185302734,18.77065658569336
22.0,24.0,521.44403,28.200005,23.225906,15.499999046325684,20.119844436645508
22.0,24.0,512.93317,28.099998,23.302336,15.499980926513672,20.04715919494629
22.0,24.0,405.23663,28.099998,23.298508,15.49997329711914,22.269357681274414
22.0,24.0,403.46054,27.900002,23.80558,15.499998092651367,19.385601043701172
22.0,24.0,250.76968,27.699997,23.284615,15.499987602233887,22.306732177734375
22.0,24.0,208.73006,27.099998,23.758743,15.49999713897705,19.317893981933594
22.0,24.0,129.4486,26.599998,23.180187,15.499995231628418,18.084314346313477
22.0,24.0,90.93655,25.700005,23.039932,15.499995231628418,21.99653434753418
22.0,24.0,59.235,24.800003,23.26929,15.49977970123291,19.118488311767578
22.0,24.0,43.23,24.800003,22.642418,15.499603271484375,20.53729248046875
22.0,24.0,27.885,21.900002,22.622295,15.499906539916992,22.065664291381836
22.0,24.0,14.025,20.400002,23.056038,15.49968147277832,18.676111221313477
22.0,24.0,23.925621,18.899998,22.27587,15.499983787536621,22.749271392822266
22.0,24.0,0.0,18.3,23.100159,15.499772071838379,20.654754638671875
22.0,24.0,0.0,17.600002,22.265154,15.499984741210938,22.333660125732422
22.0,24.0,0.0,17.099998,22.80631,15.499761581420898,24.10923957824707
22.0,24.0,0.0,16.599998,23.130386,15.499829292297363,22.379480361938477
22.0,24.0,0.0,16.300003,22.662512,15.499885559082031,21.767078399658203
22.0,24.0,0.0,15.900002,22.413794,15.499984741210938,22.99001693725586
22.0,24.0,0.0,15.599998,22.714642,15.499695777893066,20.722347259521484
22.0,24.0,0.0,15.400002,21.949505,15.497377395629883,22.780256271362305
22.0,24.0,0.0,15.300003,22.51549,15.498678207397461,18.539106369018555
22.0,24.0,0.0,15.200001,21.447142,15.484244346618652,20.296424865722656
22.0,24.0,0.0,15.200001,21.68551,15.493907928466797,25.805126190185547
22.0,24.0,0.0,15.200001,22.791286,15.495611190795898,25.462677001953125
22.0,24.0,0.0,15.300003,22.836382,15.499013900756836,19.417512893676758
22.0,24.0,0.0,15.300003,21.353622,15.491942405700684,25.255075454711914
22.0,24.0,0.0,15.5,22.642126,15.49689769744873,21.807031631469727
22.0,24.0,0.0,15.599998,22.000412,15.493556022644043,25.93471908569336
22.0,24.0,0.0,15.700001,22.72631,15.49894905090332,24.103246688842773
22.0,24.0,0.0,15.799999,22.517933,15.49116325378418,22.858022689819336
22.0,24.0,0.9881338,16.5,22.290737,15.49951171875,21.358448028564453
22.0,24.0,4.943687,17.099998,21.872414,15.49918270111084,20.481319427490234
22.0,24.0,9.839565,17.900002,21.603544,15.495976448059082,25.282163619995117
22.0,24.0,103.28284,18.600002,22.670212,15.499730110168457,25.587467193603516
22.0,24.0,111.72476,19.400002,22.86281,15.499584197998047,20.599729537963867
22.0,24.0,200.25986,20.299995,21.962067,15.499994277954102,23.71474266052246
22.0,24.0,150.63553,21.8,22.8662,15.499999046325684,20.781909942626953
22.0,24.0,308.6016,23.400002,22.178276,15.499994277954102,22.685218811035156
22.0,24.0,296.32712,24.299995,22.9196,15.5,19.849334716796875
22.0,24.0,472.83475,25.100006,22.180157,15.499998092651367,18.436779022216797
22.0,24.0,466.28687,25.599998,22.180489,15.499993324279785,19.76276206970215
22.0,24.0,563.3026,26.099998,22.376831,15.5,19.685880661010742
22.0,24.0,597.11084,26.5,22.494211,15.499999046325684,18.686050415039062
22.0,24.0,678.31396,26.799995,22.590601,15.499982833862305,18.84933853149414
22.0,24.0,661.3555,27.200005,22.711414,15.499999046325684,20.966960906982422
22.0,24.0,633.3002,27.5,23.036167,15.499984741210938,22.32733726501465
22.0,24.0,633.51825,27.699997,23.609232,15.499996185302734,19.714094161987305
22.0,24.0,575.4826,27.900002,23.105679,15.499996185302734,19.217782974243164
22.0,24.0,540.18317,27.900002,23.120192,15.499984741210938,20.319414138793945
22.0,24.0,405.77362,28.0,23.171715,15.499998092651367,18.182607650756836
22.0,24.0,390.96646,27.799995,23.120548,15.499996185302734,22.13457489013672
22.0,24.0,247.26656,27.600006,23.625744,15.499996185302734,18.631954193115234
22.0,24.0,254.63498,27.5,23.1142,15.499999046325684,19.19690704345703
22.0,24.0,144.49908,27.5,23.033548,15.499999046325684,19.60474967956543
22.0,24.0,171.33272,27.099998,22.999208,15.499996185302734,18.325695037841797
22.0,24.0,86.70605,26.699997,22.649424,15.49997329711914,20.66735076904297
22.0,24.0,96.80378,26.699997,22.729698,15.49997329711914,18.325834274291992
22.0,24.0,15.179999,25.199997,22.467564,15.499980926513672,21.470672607421875
22.0,24.0,39.20841,24.299995,22.873087,15.499981880187988,22.891366958618164
22.0,24.0,15.370315,23.5,23.31372,15.499746322631836,24.293317794799805
22.0,24.0,0.0,22.600002,23.597042,15.499025344848633,21.089536666870117
22.0,24.0,0.0,21.7,22.536648,15.498648643493652,20.934711456298828
22.0,24.0,0.0,21.100002,22.483025,15.499878883361816,21.965675354003906
22.0,24.0,0.0,20.400002,22.776163,15.499979972839355,19.311521530151367
22.0,24.0,0.0,20.0,22.0145,15.499975204467773,20.74372673034668
22.0,24.0,0.0,19.599998,22.241814,15.499897003173828,21.737716674804688
22.0,24.0,0.0,19.3,22.502787,15.499982833862305,19.375593185424805
22.0,24.0,0.0,19.0,21.782505,15.476058006286621,22.67925262451172
22.0,24.0,0.0,18.800003,22.6417,15.49860954284668,25.67169952392578
22.0,24.0,0.0,18.600002,23.200294,15.495372772216797,22.737472534179688
22.0,24.0,0.0,18.3,22.656246,15.4969482421875,25.837940216064453
22.0,24.0,0.0,18.099998,23.209332,15.497350692749023,24.43116569519043
22.0,24.0,0.0,17.900002,22.992838,15.483579635620117,24.447650909423828
22.0,24.0,0.0,17.600002,22.974464,15.49980640411377,25.30377197265625
22.0,24.0,0.0,17.3,23.117493,15.499659538269043,21.646148681640625
22.0,24.0,0.0,17.099998,22.23521,15.499567985534668,23.82159423828125
22.0,24.0,0.0,17.0,22.752571,15.499456405639648,24.889070510864258
22.0,24.0,0.0,16.900002,22.953857,15.499738693237305,21.061601638793945
22.0,24.0,1.98,17.900002,21.98923,15.499879837036133,22.853918075561523
22.0,24.0,60.696705,18.899998,22.526482,15.499273300170898,20.05115509033203
22.0,24.0,23.925,19.8,21.674936,15.499366760253906,22.204608917236328
22.0,24.0,118.35723,20.7,22.38924,15.494590759277344,19.460201263427734
22.0,24.0,96.38677,21.5,21.575722,15.499435424804688,21.926536560058594
22.0,24.0,214.61679,22.3,22.589573,15.499996185302734,23.115846633911133
22.0,24.0,133.30762,23.099998,22.945862,15.499992370605469,23.8480167388916
22.0,24.0,311.5762,23.899998,23.236164,15.499996185302734,18.609285354614258
22.0,24.0,297.4129,24.5,22.138504,15.499996185302734,24.994823455810547
22.0,24.0,471.0046,25.199997,23.62625,15.49999713897705,20.551000595092773
22.0,24.0,480.2392,25.800003,22.53878,15.499999046325684,18.571273803710938
22.0,24.0,584.03345,26.400002,22.516132,15.499999046325684,20.72504425048828
22.0,24.0,611.35425,26.699997,22.823977,15.499991416931152,20.470739364624023
22.0,24.0,643.35297,27.099998,22.869457,15.499961853027344,18.840049743652344
22.0,24.0,627.7599,27.399994,22.876102,15.499999046325684,18.173181533813477
22.0,24.0,654.8754,27.600006,22.958208,15.499994277954102,18.48297119140625
22.0,24.0,655.0646,27.900002,23.052322,15.499996185302734,18.113317489624023
22.0,24.0,575.87,28.099998,23.10472,15.499969482421875,21.12133026123047
22.0,24.0,562.7847,28.099998,23.338575,15.499993324279785,18.397371292114258
22.0,24.0,412.145,28.0,23.188068,15.499998092651367,24.477571487426758
22.0,24.0,408.28583,27.699997,24.50606,15.499988555908203,18.505970001220703
22.0,24.0,241.06976,27.399994,23.279644,15.499998092651367,18.45123291015625
22.0,24.0,212.54991,26.900002,23.157394,15.499999046325684,23.434022903442383
22.0,24.0,121.20648,26.400002,24.114925,15.499998092651367,18.745746612548828
22.0,24.0,104.07348,26.0,23.102211,15.499992370605469,21.709903717041016
22.0,24.0,55.275,25.599998,23.167532,15.499340057373047,18.638051986694336
22.0,24.0,40.095,25.599998,22.638302,15.49934196472168,18.439226150512695
22.0,24.0,25.74,24.199997,22.495127,15.499946594238281,19.85802459716797
22.0,24.0,13.035,23.400002,22.438513,15.499492645263672,23.263864517211914
22.0,24.0,23.61371,22.600002,23.388235,15.49977970123291,18.37999725341797
22.0,24.0,0.0,22.399998,22.26875,15.499767303466797,22.774250030517578
22.0,24.0,0.0,22.3,23.126207,15.499998092651367,22.42478370666504
22.0,24.0,0.0,22.099998,22.938057,15.498851776123047,20.392414093017578
22.0,24.0,0.0,22.0,22.205452,15.499983787536621,20.220291137695312
22.0,24.0,0.0,21.900002,22.134472,15.499536514282227,25.171937942504883
22.0,24.0,0.0,21.8,23.34563,15.499984741210938,23.469772338867188
22.0,24.0,0.0,21.8,23.108921,15.499979019165039,22.373729705810547
22.0,24.0,0.0,21.7,22.755753,15.495428085327148,22.968395233154297
22.0,24.0,0.0,21.7,22.950623,15.499279022216797,22.39399528503418
22.0,24.0,0.0,21.7,22.737812,15.499361038208008,25.719327926635742
22.0,24.0,0.0,21.7,23.411797,15.495149612426758,25.543825149536133
22.0,24.0,0.0,21.7,23.436287,15.498091697692871,23.936927795410156
22.0,24.0,0.0,21.7,23.16618,15.492166519165039,25.520801544189453
22.0,24.0,0.0,21.7,23.437822,15.49258041381836,20.288049697875977
22.0,24.0,0.0,21.599998,22.029139,15.499685287475586,24.801706314086914
22.0,24.0,0.0,21.5,23.197403,15.499608993530273,25.894250869750977
22.0,24.0,0.0,21.5,23.463953,15.49901008605957,25.739404678344727
22.0,24.0,0.0,21.5,23.473024,15.499799728393555,23.401578903198242
22.0,24.0,3.549504,22.200005,23.07631,15.499457359313965,22.03074836730957
22.0,24.0,32.333942,22.900002,22.630674,15.499342918395996,24.23561668395996
22.0,24.0,54.323235,23.5,23.19347,15.499061584472656,21.44903564453125
22.0,24.0,123.13933,24.199997,22.466955,15.499809265136719,19.55718231201172
22.0,24.0,64.93525,24.700005,21.980124,15.499618530273438,25.409698486328125
22.0,24.0,176.22433,25.299995,23.658386,15.499999046325684,22.260879516601562
22.0,24.0,128.1882,26.0,22.997957,15.499996185302734,23.322010040283203
22.0,24.0,305.8811,26.699997,23.52306,15.499982833862305,19.83799934387207
22.0,24.0,292.04,27.600006,22.569422,15.5,22.44953155517578
22.0,24.0,466.84238,28.5,23.42775,15.499984741210938,18.659610748291016
22.0,24.0,476.59613,29.0,22.771534,15.5,19.13447380065918
22.0,24.0,593.61444,29.5,22.869438,15.499970436096191,21.526329040527344
22.0,24.0,606.8292,30.100006,23.34846,15.499984741210938,21.743370056152344
22.0,24.0,661.1813,30.599998,23.508465,15.499987602233887,21.144655227661133
22.0,24.0,666.2653,30.900002,23.422928,15.499967575073242,18.27251434326172
22.0,24.0,654.1041,31.300003,23.386044,15.49999713897705,18.5125675201416
22.0,24.0,646.534,31.400002,23.466976,15.499969482421875,18.38825225830078
22.0,24.0,570.5115,31.5,23.519405,15.499996185302734,18.776185989379883
22.0,24.0,558.65576,31.400002,23.572075,15.499993324279785,19.160564422607422
22.0,24.0,442.80862,31.400002,23.586044,15.49997329711914,25.69190216064453
22.0,24.0,404.81613,31.199997,25.107513,15.49998950958252,18.107330322265625
22.0,24.0,245.81299,31.099998,23.702747,15.499975204467773,20.95416831970215
22.0,24.0,206.91866,30.800003,23.654312,15.499905586242676,18.45466423034668
22.0,24.0,126.44775,30.5,23.497515,15.49999713897705,18.3784122467041
22.0,24.0,102.725815,29.899994,23.405754,15.499980926513672,21.94186782836914
22.0,24.0,54.78,29.199997,23.502129,15.499981880187988,19.729671478271484
22.0,24.0,40.33404,29.199997,23.026846,15.49993896484375,18.966983795166016
22.0,24.0,24.255,27.399994,22.873785,15.499977111816406,19.791637420654297
22.0,24.0,11.88,26.699997,22.782866,15.499979019165039,19.66254425048828
22.0,24.0,24.26823,26.0,22.672142,15.499895095825195,21.52177619934082
22.0,24.0,0.0,25.599998,22.99656,15.499674797058105,19.274303436279297
22.0,24.0,0.0,25.199997,22.482452,15.49975299835205,18.570751190185547
22.0,24.0,0.0,24.899994,22.342789,15.49996566772461,21.7051944732666
22.0,24.0,0.0,24.599998,22.869001,15.499983787536621,18.87994384765625
22.0,24.0,0.0,24.400002,22.224396,15.499612808227539,24.464242935180664
22.0,24.0,0.0,24.099998,23.440126,15.499932289123535,25.766462326049805
22.0,24.0,0.0,23.899998,23.739077,15.499940872192383,21.729257583618164
22.0,24.0,0.0,23.600002,22.681059,15.495718002319336,25.683061599731445
22.0,24.0,0.0,23.400002,23.651295,15.494245529174805,24.453413009643555
22.0,24.0,0.0,23.2,23.490978,15.489114761352539,21.50714111328125
22.0,24.0,0.0,23.099998,22.58627,15.49819564819336,25.4044189453125
22.0,24.0,0.0,22.900002,23.553246,15.497758865356445,21.067399978637695
22.0,24.0,0.0,22.799995,22.393581,15.499749183654785,24.351314544677734
22.0,24.0,0.0,22.7,23.301989,15.49836540222168,25.80523681640625
22.0,24.0,0.0,22.600002,23.611103,15.491636276245117,19.4190731048584
22.0,24.0,0.0,22.5,22.07008,15.499579429626465,19.706499099731445
22.0,24.0,0.0,22.600002,21.987034,15.499585151672363,20.46173095703125
22.0,24.0,0.0,22.600002,22.138672,15.498644828796387,24.415870666503906
22.0,24.0,1.98,23.400002,23.131954,15.497566223144531,18.419208526611328
22.0,24.0,50.22666,24.199997,21.880154,15.495891571044922,22.101160049438477
22.0,24.0,21.945,24.899994,22.657352,15.49812126159668,20.580524444580078
22.0,24.0,118.89846,25.5,22.143703,15.499814987182617,18.936635971069336
22.0,24.0,68.86913,26.400002,21.859251,15.498746871948242,20.5592098236084
22.0,24.0,181.41019,27.200005,22.411846,15.49998664855957,18.628868103027344
22.0,24.0,132.79527,28.300003,22.171003,15.499998092651367,21.584163665771484
22.0,24.0,304.01144,29.400002,22.864061,15.499992370605469,23.00174331665039
22.0,24.0,289.99606,30.0,23.431046,15.499990463256836,20.74587059020996
22.0,24.0,461.31345,30.599998,22.748856,15.499998092651367,21.88270378112793
22.0,24.0,471.81317,31.0,23.282837,15.49999713897705,20.10192108154297
22.0,24.0,585.8278,31.400002,22.95496,15.499991416931152,19.625835418701172
22.0,24.0,591.1422,31.599998,23.040236,15.499999046325684,21.82256507873535
22.0,24.0,619.3037,31.799995,23.570292,15.49999713897705,19.664295196533203
22.0,24.0,600.5067,32.0,23.311136,15.499967575073242,18.516366958618164
22.0,24.0,616.6697,32.1,23.370716,15.5,18.431255340576172
22.0,24.0,639.3924,32.1,23.463142,15.499974250793457,20.221254348754883
22.0,24.0,561.85516,32.200005,23.567795,15.49998950958252,18.336196899414062
22.0,24.0,549.61115,32.1,23.585312,15.499992370605469,18.50361442565918
22.0,24.0,404.47144,32.0,23.582724,15.499998092651367,18.772937774658203
22.0,24.0,402.13074,31.799995,23.59091,15.49999713897705,20.4263858795166
22.0,24.0,190.2189,31.699997,23.573326,15.499996185302734,20.7850341796875
22.0,24.0,208.62799,31.300003,23.563679,15.499972343444824,18.72011947631836
22.0,24.0,125.74072,30.900002,23.428787,15.499944686889648,22.313173294067383
22.0,24.0,116.82957,30.400002,23.874699,15.499799728393555,20.070247650146484
22.0,24.0,47.52,29.899994,23.118912,15.499957084655762,18.633056640625
22.0,24.0,59.042355,29.899994,22.964226,15.499771118164062,20.23897361755371
22.0,24.0,24.09,28.099998,22.915756,15.499991416931152,21.924358367919922
22.0,24.0,12.375001,27.399994,23.298523,15.49998664855957,18.26951789855957
22.0,24.0,23.380827,26.699997,22.695292,15.499883651733398,22.55256462097168
22.0,24.0,0.0,26.400002,23.41332,15.499948501586914,24.53249740600586
22.0,24.0,0.0,26.199997,23.896807,15.49997329711914,21.576759338378906
22.0,24.0,0.0,26.0,22.90883,15.499777793884277,21.13046646118164
22.0,24.0,0.0,25.800003,22.769348,15.499982833862305,20.430076599121094
22.0,24.0,0.0,25.599998,22.503775,15.499984741210938,18.556486129760742
22.0,24.0,0.0,25.400002,22.283812,15.499944686889648,23.226097106933594
22.0,24.0,0.0,25.299995,23.302845,15.499969482421875,22.274154663085938
22.0,24.0,0.0,25.100006,22.959473,15.498607635498047,25.470735549926758
22.0,24.0,0.0,25.0,23.705336,15.483556747436523,25.060300827026367
22.0,24.0,0.0,24.899994,23.687557,15.497940063476562,18.89216423034668
22.0,24.0,0.0,24.800003,22.252468,15.498104095458984,22.462940216064453
22.0,24.0,0.0,24.700005,23.028782,15.498995780944824,25.451200485229492
22.0,24.0,0.0,24.5,23.641197,15.497434616088867,21.644994735717773
22.0,24.0,0.0,24.400002,22.645355,15.483875274658203,24.73204803466797
22.0,24.0,0.0,24.299995,23.469532,15.49954605102539,19.778030395507812
22.0,24.0,0.0,24.099998,22.174503,15.499014854431152,23.817039489746094
22.0,24.0,0.0,24.099998,23.222239,15.495527267456055,25.179702758789062
22.0,24.0,0.0,24.0,23.52545,15.499467849731445,21.07676124572754
22.0,24.0,2.145,24.400002,22.39608,15.494388580322266,22.470596313476562
22.0,24.0,56.43979,24.800003,22.948252,15.48487663269043,25.253198623657227
22.0,24.0,22.44,25.400002,23.525887,15.499576568603516,22.556108474731445
22.0,24.0,116.87251,26.099998,22.972048,15.49895191192627,18.460887908935547
22.0,24.0,65.96003,27.0,22.127823,15.499551773071289,18.242910385131836
22.0,24.0,175.1155,27.900002,22.334686,15.499985694885254,19.576274871826172
22.0,24.0,128.17357,28.599998,22.400223,15.499999046325684,18.238178253173828
22.0,24.0,301.85324,29.299995,22.431942,15.499998092651367,24.046390533447266
22.0,24.0,288.00333,29.700005,23.747198,15.499946594238281,23.583866119384766
22.0,24.0,462.21405,30.199997,23.864563,15.5,19.78711700439453
22.0,24.0,471.74466,30.599998,22.940388,15.499998092651367,19.402650833129883
22.0,24.0,587.94653,31.099998,23.011824,15.499998092651367,19.83364486694336
22.0,24.0,601.1523,31.400002,23.142906,15.499979972839355,21.951213836669922
22.0,24.0,655.6601,31.699997,23.68591,15.499994277954102,19.97119140625
22.0,24.0,661.54034,31.900002,23.430748,15.499995231628418,18.54054069519043
22.0,24.0,651.51074,32.1,23.480968,15.499995231628418,18.251480102539062
22.0,24.0,646.78485,32.1,23.561573,15.499977111816406,20.977556228637695
22.0,24.0,569.17725,32.1,23.708183,15.499983787536621,18.102434158325195
22.0,24.0,557.3831,32.0,23.677116,15.499998092651367,19.76951026916504
22.0,24.0,443.2839,31.900002,23.701145,15.499999046325684,19.40633201599121
22.0,24.0,402.12494,31.599998,23.690605,15.499999046325684,18.401697158813477
22.0,24.0,244.21866,31.300003,23.617168,15.499999046325684,18.866615295410156
22.0,24.0,206.66663,31.0,23.560715,15.49998950958252,21.655439376831055
22.0,24.0,127.12721,30.700005,23.693638,15.5,18.774494171142578
22.0,24.0,102.77228,30.199997,23.43079,15.499998092651367,21.565689086914062
22.0,24.0,55.44,29.800003,23.370146,15.499970436096191,20.76799964904785
22.0,24.0,40.425,29.800003,23.107069,15.499917984008789,20.687232971191406
22.0,24.0,26.07,28.400002,23.013315,15.49998950958252,23.91318702697754
22.0,24.0,13.53,27.799995,24.023338,15.49997615814209,20.244773864746094
22.0,24.0,26.57291,27.099998,22.865097,15.499452590942383,19.136938095092773
22.0,24.0,0.0,26.900002,22.676834,15.499873161315918,24.300230026245117
22.0,24.0,0.0,26.699997,23.851292,15.49997329711914,24.816940307617188
22.0,24.0,0.0,26.599998,23.991047,15.499975204467773,21.433061599731445
22.0,24.0,0.0,26.400002,22.871582,15.498773574829102,18.517160415649414
22.0,24.0,0.0,26.199997,22.466856,15.499996185302734,23.663612365722656
22.0,24.0,0.0,26.099998,23.546719,15.499948501586914,18.589740753173828
22.0,24.0,0.0,25.900002,22.393585,15.499990463256836,21.79319953918457
22.0,24.0,0.0,25.599998,22.908783,15.374486923217773,23.53966522216797
22.0,24.0,0.0,25.299995,23.407299,15.446908950805664,18.293365478515625
22.0,24.0,0.0,25.100006,22.242136,15.494303703308105,18.429346084594727
22.0,24.0,0.0,24.599998,22.113192,15.494417190551758,24.726848602294922
22.0,24.0,0.0,24.199997,23.418455,15.497838020324707,22.339582443237305
22.0,24.0,0.0,23.699997,22.864,15.483778953552246,25.584672927856445
22.0,24.0,0.0,23.099998,23.589046,15.49507999420166,18.464162826538086
22.0,24.0,0.0,22.7,22.08915,15.499471664428711,24.7393856048584
22.0,24.0,0.0,22.3,23.322962,15.49101734161377,25.795387268066406
22.0,24.0,0.0,22.099998,23.57892,15.48436450958252,25.394323348999023
22.0,24.0,0.0,21.900002,23.534147,15.499067306518555,25.091007232666016
22.0,24.0,1.8150002,22.200005,23.489346,15.499711990356445,21.39208221435547
22.0,24.0,51.89083,22.5,22.47849,15.499557495117188,21.574296951293945
22.0,24.0,22.11,23.2,22.573528,15.494820594787598,25.575233459472656
22.0,24.0,120.30545,23.899998,23.520031,15.499879837036133,19.954975128173828
22.0,24.0,70.013855,24.700005,22.117062,15.499509811401367,18.301746368408203
22.0,24.0,181.05336,25.599998,22.240807,15.49999713897705,18.714250564575195
22.0,24.0,134.14005,26.400002,22.24855,15.499999046325684,23.882360458374023
22.0,24.0,313.00656,27.300003,23.543823,15.499998092651367,18.815340042114258
22.0,24.0,290.0088,28.200005,22.501148,15.5,19.76517677307129
22.0,24.0,440.46036,29.199997,22.603168,15.499994277954102,23.987560272216797
22.0,24.0,377.88623,29.700005,23.866997,15.5,21.61754608154297
22.0,24.0,527.67816,30.299995,23.194393,15.5,21.999290466308594
22.0,24.0,553.7122,30.599998,23.49479,15.499996185302734,18.307571411132812
22.0,24.0,629.00037,30.900002,23.142586,15.499998092651367,18.849327087402344
22.0,24.0,644.52826,31.0,23.235174,15.49999713897705,18.604467391967773
22.0,24.0,630.9938,31.199997,23.321903,15.499979972839355,18.373367309570312
22.0,24.0,367.41574,31.300003,23.314674,15.49999713897705,18.49509620666504
22.0,24.0,82.91805,31.300003,23.230495,15.499999046325684,18.183645248413086
22.0,24.0,75.07419,31.199997,23.167957,15.499994277954102,21.4959716796875
22.0,24.0,245.48929,31.099998,23.458263,15.499996185302734,18.534881591796875
22.0,24.0,210.38188,30.800003,23.197594,15.499996185302734,18.145326614379883
22.0,24.0,99.08029,30.5,23.119274,15.499992370605469,18.12767219543457
22.0,24.0,68.52895,30.100006,23.054474,15.49999713897705,18.519567489624023
22.0,24.0,65.846306,29.700005,22.999071,15.5,19.718944549560547
22.0,24.0,101.99286,29.099998,22.989069,15.499994277954102,22.585176467895508
22.0,24.0,63.25469,28.5,23.473978,15.499839782714844,25.357097625732422
22.0,24.0,36.715096,28.5,24.14973,15.499201774597168,21.057493209838867
22.0,24.0,41.92724,27.0,22.828678,15.49997615814209,21.42525863647461
22.0,24.0,24.013788,26.400002,22.973492,15.499918937683105,21.573171615600586
22.0,24.0,10.318581,25.700005,22.959948,15.497881889343262,23.693523406982422
22.0,24.0,0.0,25.299995,23.622833,15.499839782714844,19.02967643737793
22.0,24.0,0.0,25.0,22.443077,15.499956130981445,20.761045455932617
22.0,24.0,0.0,24.700005,22.561537,15.499879837036133,21.532875061035156
22.0,24.0,0.0,24.5,22.766731,15.499813079833984,22.284908294677734
22.0,24.0,0.0,24.299995,22.984032,15.499971389770508,20.76607322692871
22.0,24.0,0.0,24.099998,22.40374,15.49996566772461,24.810043334960938
22.0,24.0,0.0,23.899998,23.47228,15.499612808227539,23.562204360961914
22.0,24.0,0.0,23.800003,23.308903,15.483233451843262,25.909542083740234
22.0,24.0,0.0,23.600002,23.718185,15.49627685546875,22.03322982788086
22.0,24.0,0.0,23.5,22.761116,15.498334884643555,25.062650680541992
22.0,24.0,0.0,23.3,23.516102,15.492056846618652,25.50933265686035
22.0,24.0,0.0,23.2,23.643246,15.495585441589355,24.156410217285156
22.0,24.0,0.0,23.0,23.41749,15.499530792236328,24.42898941040039
22.0,24.0,0.0,22.900002,23.450218,15.499616622924805,23.183765411376953
22.0,24.0,0.0,22.7,23.18568,15.492941856384277,25.502986907958984
22.0,24.0,0.0,22.600002,23.608082,15.498122215270996,25.033130645751953
22.0,24.0,0.0,22.399998,23.552624,15.498980522155762,25.05718231201172
22.0,24.0,0.0,22.200005,23.554869,15.499448776245117,24.085805892944336
22.0,24.0,0.9797393,22.3,23.380415,15.498923301696777,24.01480484008789
22.0,24.0,4.9271975,22.399998,23.350647,15.499540328979492,23.07216453552246
22.0,24.0,60.274895,22.600002,23.144272,15.496543884277344,23.553207397460938
22.0,24.0,62.56959,22.900002,23.262377,15.498527526855469,20.69761085510254
22.0,24.0,117.164825,23.400002,22.318134,15.499982833862305,18.609874725341797
22.0,24.0,212.13988,24.0,22.31569,15.499990463256836,24.342039108276367
22.0,24.0,180.69438,24.700005,23.613853,15.499998092651367,19.7431697845459
22.0,24.0,315.4445,25.400002,22.517036,15.49999713897705,19.756988525390625
22.0,24.0,227.19774,25.900002,22.490383,15.499990463256836,18.26186752319336
22.0,24.0,294.5525,26.400002,22.466473,15.499998092651367,18.845245361328125
22.0,24.0,336.19003,26.799995,22.517189,15.499998092651367,20.532041549682617
22.0,24.0,341.51932,27.300003,22.708572,15.499980926513672,22.779067993164062
22.0,24.0,321.0267,27.399994,23.543814,15.499994277954102,18.94678497314453
22.0,24.0,327.98627,27.600006,22.744787,15.49999713897705,21.038944244384766
22.0,24.0,451.45184,27.600006,23.023392,15.499999046325684,21.092771530151367
22.0,24.0,605.6613,27.699997,23.12296,15.499995231628418,19.23572540283203
22.0,24.0,634.7881,27.699997,23.03815,15.49997329711914,18.62152671813965
22.0,24.0,487.30246,27.699997,23.047527,15.499998092651367,18.94567108154297
22.0,24.0,537.9107,27.799995,23.108784,15.499998092651367,18.505090713500977
22.0,24.0,391.7006,27.900002,23.096788,15.499996185302734,18.130062103271484
22.0,24.0,401.15265,27.900002,23.102482,15.499964714050293,18.966604232788086
22.0,24.0,191.51994,27.900002,23.052715,15.499998092651367,20.262399673461914
22.0,24.0,214.38608,27.600006,23.072727,15.49999713897705,18.1982421875
22.0,24.0,84.17723,27.399994,22.934074,15.49998664855957,20.160280227661133
22.0,24.0,110.701164,27.099998,22.939075,15.49997329711914,21.17707633972168
22.0,24.0,53.955,26.699997,22.88276,15.49995231628418,24.008956909179688
22.0,24.0,51.46338,26.699997,23.761446,15.499909400939941,20.739334106445312
22.0,24.0,17.49,25.5,22.643173,15.497625350952148,20.50028419494629
22.0,24.0,41.70637,24.700005,22.55398,15.499979972839355,25.701154708862305
22.0,24.0,14.472141,23.800003,23.869276,15.499910354614258,20.283586502075195
22.0,24.0,0.0,23.3,22.423033,15.49947738647461,22.177797317504883
22.0,24.0,0.0,22.799995,22.99702,15.499732971191406,20.654754638671875
22.0,24.0,0.0,22.3,22.375181,15.499794006347656,23.90464973449707
22.0,24.0,0.0,21.900002,23.298853,15.49990463256836,21.143774032592773
22.0,24.0,0.0,21.599998,22.434233,15.49970817565918,19.71173667907715
22.0,24.0,0.0,21.300003,22.035252,15.499530792236328,23.373876571655273
22.0,24.0,0.0,21.199997,23.009983,15.499744415283203,19.477720260620117
22.0,24.0,0.0,21.0,21.924183,15.495095252990723,24.556976318359375
22.0,24.0,0.0,21.0,23.120436,15.495767593383789,25.33500862121582
22.0,24.0,0.0,20.900002,23.325634,15.499147415161133,19.161239624023438
22.0,24.0,0.0,20.900002,21.853271,15.497608184814453,25.130931854248047
22.0,24.0,0.0,20.900002,23.158766,15.492527961730957,25.489206314086914
22.0,24.0,0.0,21.0,23.3074,15.49576473236084,22.262218475341797
22.0,24.0,0.0,21.0,22.59038,15.495922088623047,25.783586502075195
22.0,24.0,0.0,21.0,23.326874,15.499753952026367,23.770517349243164
22.0,24.0,0.0,21.0,23.025433,15.499699592590332,22.62458038330078
22.0,24.0,0.0,20.900002,22.739525,15.498100280761719,25.771272659301758
22.0,24.0,0.0,20.8,23.338459,15.49979305267334,21.629621505737305
22.0,24.0,1.9525118,20.900002,22.368479,15.499271392822266,24.601041793823242
22.0,24.0,11.758186,20.900002,23.09659,15.499691009521484,22.807716369628906
22.0,24.0,23.18271,21.0,22.791397,15.497598648071289,19.77476692199707
22.0,24.0,19.715422,21.199997,21.829197,15.492576599121094,22.945167541503906
22.0,24.0,35.22511,21.399998,22.728622,15.499780654907227,24.189910888671875
22.0,24.0,22.77,21.599998,23.239014,15.499990463256836,21.27034568786621
22.0,24.0,34.556183,22.099998,22.431293,15.5,20.49556541442871
22.0,24.0,109.58067,22.5,22.242687,15.499998092651367,25.143726348876953
22.0,24.0,164.36926,22.900002,23.473347,15.5,19.415712356567383
22.0,24.0,211.99234,23.400002,22.193537,15.499998092651367,18.399700164794922
22.0,24.0,170.11946,23.899998,22.107452,15.499994277954102,24.132099151611328
22.0,24.0,133.06357,24.299995,23.373861,15.499999046325684,18.215360641479492
22.0,24.0,77.21294,24.800003,22.20415,15.5,19.141239166259766
22.0,24.0,84.14222,25.199997,22.16415,15.499992370605469,20.886375427246094
22.0,24.0,113.601616,25.700005,22.523092,15.5,23.17291831970215
22.0,24.0,115.52565,26.099998,23.291183,15.499999046325684,18.495893478393555
22.0,24.0,137.02328,26.400002,22.295334,15.499985694885254,20.56444549560547
22.0,24.0,249.85767,26.599998,22.526981,15.499998092651367,25.240325927734375
22.0,24.0,194.62732,26.699997,23.811054,15.49998950958252,18.983537673950195
22.0,24.0,93.48212,26.900002,22.47188,15.49998664855957,18.06212615966797
22.0,24.0,159.86157,26.699997,22.39771,15.499998092651367,24.813695907592773
22.0,24.0,58.020687,26.5,23.759846,15.499993324279785,18.94270896911621
22.0,24.0,64.821526,26.0,22.48926,15.499999046325684,19.951133728027344
22.0,24.0,64.13918,25.599998,22.462587,15.499994277954102,20.988544464111328
22.0,24.0,42.15024,25.100006,22.693176,15.499998092651367,21.22371482849121
22.0,24.0,65.27042,24.5,22.549562,15.499917030334473,19.343379974365234
22.0,24.0,98.57279,24.5,22.113789,15.499942779541016,22.963769912719727
22.0,24.0,38.332592,23.3,23.06028,15.499984741210938,24.15268898010254
22.0,24.0,23.30964,22.799995,23.311726,15.49991226196289,22.985097885131836
22.0,24.0,9.971884,22.3,23.05823,15.499878883361816,19.903934478759766
22.0,24.0,0.0,21.900002,22.058931,15.499935150146484,20.620269775390625
22.0,24.0,0.0,21.5,22.213223,15.499702453613281,25.647565841674805
22.0,24.0,0.0,21.199997,23.369242,15.49998664855957,22.5328369140625
22.0,24.0,0.0,20.900002,22.750916,15.499663352966309,25.407991409301758
22.0,24.0,0.0,20.7,23.339764,15.499958038330078,18.465984344482422
22.0,24.0,0.0,20.400002,21.850819,15.499889373779297,18.761280059814453
22.0,24.0,0.0,20.100002,21.710773,15.499963760375977,21.08902359008789
22.0,24.0,0.0,19.899998,22.18487,15.499536514282227,23.78968048095703
22.0,24.0,0.0,19.700005,22.815662,15.425409317016602,23.324010848999023
22.0,24.0,0.0,19.599998,22.759367,15.496267318725586,25.592185974121094
22.0,24.0,0.0,19.400002,23.164225,15.490899085998535,23.07554054260254
22.0,24.0,0.0,19.3,22.748613,15.497894287109375,22.545398712158203
22.0,24.0,0.0,19.2,22.590334,15.498296737670898,24.87989044189453
22.0,24.0,0.0,19.099998,23.014814,15.498340606689453,23.29682731628418
22.0,24.0,0.0,19.099998,22.759775,15.492040634155273,24.83592414855957
22.0,24.0,0.0,19.0,23.015884,15.496496200561523,22.588642120361328
22.0,24.0,0.0,19.0,22.579258,15.499214172363281,22.015430450439453
22.0,24.0,0.0,18.899998,22.384497,15.498207092285156,24.653358459472656
22.0,24.0,3.2324328,19.099998,22.925951,15.46763801574707,25.317527770996094
22.0,24.0,44.625423,19.3,23.0988,15.499814987182617,21.266714096069336
22.0,24.0,54.03224,19.8,22.12952,15.498570442199707,19.269027709960938
22.0,24.0,66.37999,20.299995,21.620098,15.49995231628418,18.40741729736328
22.0,24.0,80.02211,21.100002,21.515362,15.498801231384277,19.303327560424805
22.0,24.0,207.00905,21.8,21.827784,15.499983787536621,22.367145538330078
22.0,24.0,141.9061,22.600002,22.7361,15.49998664855957,20.90719223022461
22.0,24.0,306.48734,23.400002,22.316788,15.499988555908203,19.52931785583496
22.0,24.0,318.0742,24.0,22.067085,15.499959945678711,18.305564880371094
22.0,24.0,327.63885,24.599998,22.056072,15.499998092651367,21.9835205078125
22.0,24.0,446.75034,25.0,22.939291,15.499996185302734,19.714540481567383
22.0,24.0,503.16766,25.400002,22.388025,15.499998092651367,22.137771606445312
22.0,24.0,298.70782,25.5,23.109818,15.499999046325684,19.262088775634766
22.0,24.0,352.57953,25.599998,22.48043,15.5,18.4969539642334
22.0,24.0,581.1323,25.5,22.549738,15.499999046325684,18.299924850463867
22.0,24.0,451.98096,25.299995,22.58329,15.5,21.411897659301758
22.0,24.0,490.56732,25.100006,23.076637,15.499984741210938,25.433258056640625
22.0,24.0,351.92722,24.899994,24.20127,15.5,21.688243865966797
22.0,24.0,108.552185,24.599998,23.07845,15.499998092651367,18.39626693725586
22.0,24.0,344.85495,24.400002,22.754396,15.499978065490723,24.35131072998047
22.0,24.0,385.53635,24.099998,24.054478,15.499998092651367,20.915863037109375
22.0,24.0,259.79654,23.899998,22.949093,15.49999713897705,21.96927833557129
22.0,24.0,263.4941,23.600002,23.338913,15.5,21.341629028320312
22.0,24.0,72.74526,23.400002,23.021513,15.499998092651367,21.624711990356445
22.0,24.0,37.360184,23.099998,23.092724,15.499996185302734,21.687549591064453
22.0,24.0,109.45311,22.799995,22.889107,15.499971389770508,23.722679138183594
22.0,24.0,78.396866,22.799995,23.508299,15.499939918518066,19.130678176879883
22.0,24.0,11.88,21.8,22.30365,15.499956130981445,22.115314483642578
22.0,24.0,35.150497,21.199997,22.929209,15.499994277954102,20.836769104003906
22.0,24.0,18.165,20.5,22.383684,15.499921798706055,18.729738235473633
22.0,24.0,0.0,20.2,21.98603,15.499553680419922,19.24539566040039
22.0,24.0,0.0,19.8,21.896347,15.499666213989258,24.119251251220703
22.0,24.0,0.0,19.5,23.037457,15.499916076660156,25.166465759277344
22.0,24.0,0.0,19.2,23.268465,15.499822616577148,21.77961540222168
22.0,24.0,0.0,18.800003,22.421139,15.499994277954102,19.713699340820312
22.0,24.0,0.0,18.5,21.782372,15.499604225158691,18.337738037109375
22.0,24.0,0.0,18.2,21.578558,15.499939918518066,20.215904235839844
22.0,24.0,0.0,17.900002,21.805384,15.465206146240234,25.695890426635742
22.0,24.0,0.0,17.7,22.98304,15.499764442443848,23.2449951171875
22.0,24.0,0.0,17.399998,22.62756,15.486980438232422,25.372570037841797
22.0,24.0,0.0,17.200005,22.978947,15.495569229125977,22.613496780395508
22.0,24.0,0.0,16.900002,22.47378,15.495894432067871,25.32260513305664
22.0,24.0,0.0,16.8,22.942995,15.497913360595703,25.74086570739746
22.0,24.0,0.0,16.599998,23.048494,15.499155044555664,20.821504592895508
22.0,24.0,0.0,16.5,21.850311,15.498611450195312,20.53015899658203
22.0,24.0,0.0,16.399998,21.77217,15.485248565673828,23.75152015686035
22.0,24.0,0.0,16.300003,22.51607,15.497962951660156,25.23565673828125
22.0,24.0,0.0,16.300003,22.815758,15.499751091003418,25.67681121826172
22.0,24.0,1.8150002,16.599998,22.925676,15.499358177185059,23.24196434020996
22.0,24.0,51.322456,16.8,22.528276,15.47043514251709,18.444171905517578
22.0,24.0,21.78,17.3,21.355268,15.499809265136719,18.302831649780273
22.0,24.0,76.59422,17.7,21.26388,15.499903678894043,24.645484924316406
22.0,24.0,46.768753,18.600002,22.589542,15.495569229125977,22.77477264404297
22.0,24.0,63.71236,19.400002,22.607399,15.499999046325684,21.58238983154297
22.0,24.0,46.29248,20.299995,22.262161,15.5,21.304845809936523
22.0,24.0,50.47589,21.199997,22.21595,15.5,21.26049041748047
22.0,24.0,143.8159,21.8,22.258389,15.499998092651367,19.98754119873047
22.0,24.0,260.79523,22.399998,21.92115,15.499994277954102,23.188634872436523
22.0,24.0,408.0816,22.900002,22.978573,15.499998092651367,23.46048927307129
22.0,24.0,552.2017,23.400002,23.269869,15.499970436096191,19.9016170501709
22.0,24.0,440.20892,23.899998,22.304857,15.5,23.03009033203125
22.0,24.0,195.476,24.299995,23.270231,15.499994277954102,18.72421646118164
22.0,24.0,170.24995,24.599998,22.303146,15.499999046325684,19.655839920043945
22.0,24.0,294.90735,24.899994,22.351824,15.5,18.654979705810547
22.0,24.0,301.52524,25.0,22.333061,15.499998092651367,19.487897872924805
22.0,24.0,318.39127,25.199997,22.401756,15.499999046325684,18.102163314819336
22.0,24.0,375.68695,25.100006,22.406124,15.499982833862305,21.230710983276367
22.0,24.0,348.7109,25.100006,22.865322,15.499992370605469,18.531963348388672
22.0,24.0,324.59158,25.0,22.510244,15.499984741210938,18.525005340576172
22.0,24.0,137.9709,24.800003,22.443073,15.499998092651367,19.529285430908203
22.0,24.0,58.086834,24.5,22.422182,15.499999046325684,20.383609771728516
22.0,24.0,98.72738,24.199997,22.498117,15.499981880187988,20.746944427490234
22.0,24.0,102.42287,23.699997,22.589912,15.499999046325684,20.06757354736328
22.0,24.0,75.03985,23.2,22.166285,15.499579429626465,20.548492431640625
22.0,24.0,79.35394,23.2,22.282278,15.499958992004395,21.08283233642578
22.0,24.0,32.232666,21.900002,22.402256,15.499983787536621,19.810874938964844
22.0,24.0,17.195904,21.100002,21.969852,15.499980926513672,20.628293991088867
22.0,24.0,6.547238,20.299995,22.153543,15.499957084655762,25.479385375976562
22.0,24.0,0.0,19.899998,23.25307,15.499969482421875,20.125871658325195
22.0,24.0,0.0,19.599998,21.880138,15.499680519104004,21.998153686523438
22.0,24.0,0.0,19.3,22.50034,15.499992370605469,21.81348991394043
22.0,24.0,0.0,19.0,22.373009,15.499893188476562,24.381017684936523
22.0,24.0,0.0,18.800003,22.924557,15.499988555908203,20.59593391418457
22.0,24.0,0.0,18.5,21.90518,15.499872207641602,23.957271575927734
22.0,24.0,0.0,18.3,22.759329,15.499963760375977,18.57567024230957
22.0,24.0,0.0,18.099998,21.533379,15.483098983764648,22.362791061401367
22.0,24.0,0.0,17.900002,22.362675,15.482148170471191,25.009618759155273
22.0,24.0,0.0,17.7,22.86308,15.492532730102539,25.1834659576416
22.0,24.0,0.0,17.600002,22.932932,15.493241310119629,24.498910903930664
22.0,24.0,0.0,17.399998,22.825327,15.496180534362793,25.367637634277344
22.0,24.0,0.0,17.200005,22.979147,15.499856948852539,22.896846771240234
22.0,24.0,0.0,17.099998,22.550356,15.48126220703125,21.828792572021484
22.0,24.0,0.0,16.900002,22.199196,15.479484558105469,24.0361385345459
22.0,24.0,0.0,16.8,22.657114,15.499467849731445,21.68136215209961
22.0,24.0,0.0,16.8,22.105547,15.493278503417969,25.7211971282959
22.0,24.0,0.0,16.8,22.904942,15.499425888061523,25.741209030151367
22.0,24.0,1.65,17.600002,22.982792,15.496981620788574,21.492931365966797
22.0,24.0,51.986446,18.5,22.054367,15.499046325683594,19.500791549682617
22.0,24.0,22.935,19.400002,21.476099,15.49947738647461,25.825244903564453
22.0,24.0,117.2379,20.2,22.904917,15.499079704284668,19.097787857055664
22.0,24.0,62.33368,21.599998,21.497993,15.477296829223633,19.828046798706055
22.0,24.0,174.84215,22.900002,21.860256,15.499991416931152,21.1717529296875
22.0,24.0,125.48922,23.800003,22.30205,15.499998092651367,22.052221298217773
22.0,24.0,300.21033,24.700005,22.68901,15.49998664855957,23.763025283813477
22.0,24.0,284.11444,25.400002,23.215199,15.499998092651367,19.247272491455078
22.0,24.0,464.36874,26.0,22.234198,15.499994277954102,21.995594024658203
22.0,24.0,473.85257,26.5,23.024963,15.499999046325684,24.596769332885742
22.0,24.0,595.2131,27.0,23.849058,15.499999046325684,18.341075897216797
22.0,24.0,609.33655,27.399994,22.729683,15.499999046325684,18.303752899169922
22.0,24.0,649.30035,27.799995,22.784164,15.49998664855957,18.83251190185547
22.0,24.0,648.3146,28.099998,22.899055,15.499977111816406,18.194774627685547
22.0,24.0,608.4869,28.400002,22.973135,15.49998950958252,21.927337646484375
22.0,24.0,614.43744,28.599998,23.563122,15.499996185302734,19.33050537109375
22.0,24.0,545.7507,28.699997,23.197706,15.499998092651367,19.417028427124023
22.0,24.0,534.66705,28.699997,23.232899,15.499956130981445,24.781803131103516
22.0,24.0,408.772,28.699997,24.592178,15.499998092651367,21.47696876525879
22.0,24.0,405.60593,28.5,23.499432,15.499968528747559,19.22530174255371
22.0,24.0,211.6622,28.300003,23.286377,15.499999046325684,24.79733657836914
22.0,24.0,236.7551,27.799995,24.598724,15.499998092651367,19.356399536132812
22.0,24.0,120.506096,27.200005,23.298176,15.49998664855957,18.558921813964844
22.0,24.0,158.16432,26.5,23.153381,15.499938011169434,18.734691619873047
22.0,24.0,74.222176,25.700005,22.803415,15.499988555908203,21.589462280273438
22.0,24.0,93.98162,25.700005,23.140034,15.499966621398926,18.53297996520996
22.0,24.0,20.295,23.0,22.59799,15.499610900878906,22.422983169555664
22.0,24.0,12.87,21.7,23.267994,15.499951362609863,19.379743576049805
22.0,24.0,28.216818,20.400002,22.406605,15.499934196472168,22.5596866607666
22.0,24.0,0.0,19.8,23.139698,15.499759674072266,19.446256637573242
22.0,24.0,0.0,19.099998,22.19162,15.499637603759766,22.055540084838867
22.0,24.0,0.0,18.600002,22.800884,15.499999046325684,25.468250274658203
22.0,24.0,0.0,18.099998,23.47375,15.49976634979248,19.3388671875
22.0,24.0,0.0,17.7,21.96753,15.499967575073242,20.5012264251709
22.0,24.0,0.0,17.3,22.092472,15.4999418258667,20.415786743164062
22.0,24.0,0.0,17.099998,21.980753,15.499960899353027,25.498729705810547
22.0,24.0,0.0,16.900002,23.113201,15.483766555786133,25.068599700927734
22.0,24.0,0.0,16.7,23.088285,15.498064041137695,24.435649871826172
22.0,24.0,0.0,16.599998,22.962265,15.49811840057373,22.671735763549805
22.0,24.0,0.0,16.5,22.589108,15.484410285949707,25.84772491455078
22.0,24.0,0.0,16.399998,23.131317,15.499954223632812,23.836898803710938
22.0,24.0,0.0,16.5,22.799732,15.495924949645996,25.85593032836914
22.0,24.0,0.0,16.5,23.127628,15.496757507324219,25.708024978637695
22.0,24.0,0.0,16.599998,23.123205,15.498517990112305,18.750341415405273
22.0,24.0,0.0,16.7,21.548702,15.491735458374023,19.584918975830078
22.0,24.0,0.0,16.900002,21.530733,15.495733261108398,25.52472496032715
22.0,24.0,0.0,17.099998,22.834307,15.499518394470215,24.590383529663086
22.0,24.0,1.65,17.799995,22.768679,15.498641014099121,22.479511260986328
22.0,24.0,47.920403,18.400002,22.391644,15.485836029052734,22.798118591308594
22.0,24.0,21.12,19.2,22.454016,15.499664306640625,24.195695877075195
22.0,24.0,121.175,19.899998,22.756952,15.4996976852417,20.887914657592773
22.0,24.0,93.97162,20.8,21.937147,15.499750137329102,23.559650421142578
22.0,24.0,210.50522,21.7,22.94297,15.5,18.34834861755371
22.0,24.0,193.00977,22.5,21.890669,15.5,24.693944931030273
22.0,24.0,317.45056,23.400002,23.295021,15.499998092651367,19.539167404174805
22.0,24.0,313.04852,24.099998,22.14315,15.499999046325684,23.228382110595703
22.0,24.0,437.4033,24.800003,23.269547,15.49998664855957,19.624683380126953
22.0,24.0,454.42603,25.299995,22.389046,15.499998092651367,19.338163375854492
22.0,24.0,550.76654,25.800003,22.456276,15.499899864196777,22.172527313232422
22.0,24.0,561.2404,26.099998,23.279293,15.499999046325684,19.09677505493164
22.0,24.0,601.9736,26.5,22.725874,15.499971389770508,19.055599212646484
22.0,24.0,595.1378,26.699997,22.786264,15.499992370605469,18.932836532592773
22.0,24.0,616.8672,27.0,22.874739,15.499982833862305,21.709718704223633
22.0,24.0,612.47144,27.099998,23.399185,15.499996185302734,22.169048309326172
22.0,24.0,548.93164,27.200005,23.596222,15.499971389770508,18.550376892089844
22.0,24.0,538.89435,27.200005,23.1529,15.5,20.120380401611328
22.0,24.0,412.95178,27.099998,23.173536,15.499961853027344,18.71569061279297
22.0,24.0,407.79907,27.0,23.135386,15.499996185302734,22.2130184173584
22.0,24.0,203.57515,26.799995,23.640617,15.499998092651367,20.89238739013672
22.0,24.0,224.55135,26.5,23.188042,15.499998092651367,20.41547966003418
22.0,24.0,92.12296,26.199997,23.058617,15.499994277954102,24.241300582885742
22.0,24.0,135.76395,25.700005,24.208914,15.5,18.638713836669922
22.0,24.0,48.51,25.199997,22.731497,15.496098518371582,19.788671493530273
22.0,24.0,77.56919,25.199997,22.604973,15.499984741210938,20.838232040405273
22.0,24.0,20.955,23.3,22.692812,15.499987602233887,24.997726440429688
22.0,24.0,22.972153,22.200005,23.777878,15.499948501586914,18.270505905151367
22.0,24.0,24.386303,21.100002,22.362719,15.499978065490723,19.72205924987793
22.0,24.0,0.0,20.7,22.232218,15.497955322265625,18.93491554260254
22.0,24.0,0.0,20.400002,22.065517,15.499988555908203,18.872604370117188
22.0,24.0,0.0,20.100002,21.947315,15.499932289123535,23.112720489501953
22.0,24.0,0.0,19.8,22.922241,15.49998950958252,22.767017364501953
22.0,24.0,0.0,19.700005,22.849182,15.49997615814209,23.6002197265625
22.0,24.0,0.0,19.599998,22.994595,15.499770164489746,23.473669052124023
22.0,24.0,0.0,19.5,22.960289,15.499588012695312,23.70762062072754
22.0,24.0,0.0,19.400002,22.981731,15.499397277832031,25.8542423248291
22.0,24.0,0.0,19.3,23.355803,15.45555591583252,23.857940673828125
22.0,24.0,0.0,19.2,23.021254,15.494562149047852,25.167537689208984
22.0,24.0,0.0,19.099998,23.228683,15.496272087097168,23.096725463867188
22.0,24.0,0.0,18.899998,22.864002,15.496265411376953,22.182266235351562
22.0,24.0,0.0,18.899998,22.537806,15.475173950195312,25.207778930664062
22.0,24.0,0.0,18.800003,23.146732,15.498740196228027,25.874032974243164
22.0,24.0,0.0,18.800003,23.303314,15.495377540588379,19.476242065429688
22.0,24.0,0.0,18.699997,21.743273,15.499314308166504,20.296630859375
22.0,24.0,0.0,18.800003,21.880148,15.494768142700195,23.788246154785156
22.0,24.0,0.0,18.800003,22.730223,15.499953269958496,20.04264259338379
22.0,24.0,1.858299,19.099998,21.693375,15.493291854858398,24.574920654296875
22.0,24.0,21.317617,19.400002,22.813812,15.499181747436523,25.2484188079834
22.0,24.0,40.271362,19.700005,23.023438,15.499653816223145,22.940383911132812
22.0,24.0,35.24574,20.100002,22.654167,15.499893188476562,24.52967071533203
22.0,24.0,18.742748,20.5,22.929405,15.499964714050293,20.15399742126465
22.0,24.0,28.699135,20.8,21.968134,15.5,22.346221923828125
22.0,24.0,47.223755,21.5,22.733187,15.5,22.078947067260742
22.0,24.0,41.58,22.200005,22.639168,15.499994277954102,18.393205642700195
22.0,24.0,44.547268,22.799995,21.876432,15.5,21.301111221313477
22.0,24.0,55.44,23.5,22.436817,15.499999046325684,22.1063175201416
22.0,24.0,65.32269,23.699997,22.711308,15.499995231628418,24.156234741210938
22.0,24.0,145.72917,24.0,23.265213,15.49999713897705,24.082015991210938
22.0,24.0,297.89136,24.099998,23.41838,15.499999046325684,18.622644424438477
22.0,24.0,401.65823,24.299995,22.301954,15.499993324279785,18.695465087890625
22.0,24.0,292.33566,24.299995,22.267334,15.499994277954102,18.592348098754883
22.0,24.0,257.87494,24.299995,22.271082,15.499999046325684,19.400924682617188
22.0,24.0,216.63202,24.299995,22.3042,15.499998092651367,19.627588272094727
22.0,24.0,358.7671,24.299995,22.376743,15.499983787536621,18.616008758544922
22.0,24.0,520.6811,24.299995,22.423092,15.499998092651367,19.805879592895508
22.0,24.0,411.82367,24.299995,22.514185,15.499992370605469,25.12877082824707
22.0,24.0,410.64218,24.299995,23.950739,15.499998092651367,18.065942764282227
22.0,24.0,208.10025,24.199997,22.612457,15.5,22.678903579711914
22.0,24.0,270.3795,24.099998,23.462759,15.499778747558594,23.632600784301758
22.0,24.0,85.617035,24.0,23.747429,15.49999713897705,18.07330894470215
22.0,24.0,120.238556,23.800003,22.604378,15.499992370605469,23.113990783691406
22.0,24.0,54.12,23.600002,23.323189,15.499768257141113,19.70355224609375
22.0,24.0,53.112698,23.600002,22.289833,15.49957275390625,21.11962127685547
22.0,24.0,22.44,23.0,22.565361,15.49960994720459,21.389272689819336
22.0,24.0,12.21,22.900002,22.59152,15.49994945526123,22.987382888793945
22.0,24.0,22.705719,22.799995,23.100555,15.499961853027344,24.189008712768555
22.0,24.0,0.0,22.799995,23.326258,15.499743461608887,25.324487686157227
22.0,24.0,0.0,22.799995,23.542534,15.499886512756348,19.22806739807129
22.0,24.0,0.0,22.7,22.077986,15.499899864196777,19.760250091552734
22.0,24.0,0.0,22.5,22.005592,15.49985408782959,22.592458724975586
22.0,24.0,0.0,22.3,22.838486,15.499889373779297,19.180622100830078
22.0,24.0,0.0,22.099998,21.88176,15.499911308288574,23.908939361572266
22.0,24.0,0.0,21.900002,22.989536,15.499937057495117,21.95549964904785
22.0,24.0,0.0,21.7,22.517006,15.495676040649414,24.498807907104492
22.0,24.0,0.0,21.399998,23.106153,15.488481521606445,25.869604110717773
22.0,24.0,0.0,21.100002,23.393394,15.49934196472168,21.479711532592773
22.0,24.0,0.0,20.599998,22.32753,15.499160766601562,21.293519973754883
22.0,24.0,0.0,20.2,22.291119,15.490570068359375,24.24534797668457
22.0,24.0,0.0,20.0,22.985329,15.497553825378418,25.83461570739746
22.0,24.0,0.0,19.8,23.308311,15.49942684173584,25.749435424804688
22.0,24.0,0.0,20.0,23.329863,15.493324279785156,25.697538375854492
22.0,24.0,0.0,20.100002,23.340664,15.392278671264648,25.30971908569336
22.0,24.0,0.0,20.2,23.283995,15.493898391723633,20.641098022460938
22.0,24.0,0.0,20.299995,22.033157,15.498642921447754,22.326236724853516
22.0,24.0,1.65,20.599998,22.622143,15.497626304626465,21.916057586669922
22.0,24.0,32.304558,21.0,22.453768,15.493325233459473,24.015182495117188
22.0,24.0,47.6647,21.399998,22.952108,15.499034881591797,18.494220733642578
22.0,24.0,59.786324,21.900002,21.733559,15.49985408782959,21.786624908447266
22.0,24.0,36.147305,22.5,22.436808,15.498739242553711,25.10179901123047
22.0,24.0,74.05074,23.0,23.381618,15.5,21.98775863647461
22.0,24.0,90.062584,23.699997,22.702074,15.499998092651367,21.42217254638672
22.0,24.0,94.10336,24.400002,22.580711,15.499999046325684,18.599180221557617
22.0,24.0,314.55884,24.899994,22.157106,15.5,18.797935485839844
22.0,24.0,407.27032,25.5,22.225845,15.5,24.915164947509766
22.0,24.0,440.28293,26.0,23.717596,15.499996185302734,18.078746795654297
22.0,24.0,561.28986,26.400002,22.568478,15.499999046325684,18.82297134399414
22.0,24.0,582.36847,26.799995,22.623856,15.499998092651367,23.645822525024414
22.0,24.0,556.70807,27.099998,23.879814,15.499996185302734,24.25540542602539
22.0,24.0,625.6003,27.300003,24.227709,15.499999046325684,20.01263999938965
22.0,24.0,651.1914,27.5,23.163399,15.499996185302734,18.031978607177734
22.0,24.0,334.3149,27.600006,23.042023,15.5,21.56532859802246
22.0,24.0,239.41052,27.699997,23.362146,15.499994277954102,18.64987564086914
22.0,24.0,485.5289,27.699997,23.109737,15.499993324279785,18.37734031677246
22.0,24.0,416.20615,27.699997,23.100117,15.499937057495117,19.424898147583008
22.0,24.0,403.80286,27.5,23.128147,15.499999046325684,19.52406120300293
22.0,24.0,233.87076,27.300003,23.081684,15.499984741210938,18.415611267089844
22.0,24.0,267.38593,27.0,23.031256,15.499998092651367,19.680500030517578
22.0,24.0,128.53809,26.799995,22.986649,15.5,20.972620010375977
22.0,24.0,103.48366,26.400002,23.063929,15.49997615814209,18.914752960205078
22.0,24.0,55.44,26.0,22.595577,15.499951362609863,19.842853546142578
22.0,24.0,41.91,26.0,22.53122,15.499884605407715,19.64690589904785
22.0,24.0,27.39,24.599998,22.423727,15.499996185302734,21.34813690185547
22.0,24.0,14.355,23.699997,22.76339,15.49989128112793,25.64357566833496
22.0,24.0,27.67969,22.7,23.782825,15.49998664855957,19.61168098449707
22.0,24.0,0.0,22.5,22.291368,15.499176025390625,21.26288604736328
22.0,24.0,0.0,22.200005,22.598326,15.499824523925781,19.193681716918945
22.0,24.0,0.0,22.099998,22.070845,15.499897003173828,22.669954299926758
22.0,24.0,0.0,22.0,22.94406,15.499938011169434,19.76759910583496
22.0,24.0,0.0,21.900002,22.005478,15.499970436096191,24.30633544921875
22.0,24.0,0.0,21.8,23.144379,15.499977111816406,19.22683334350586
22.0,24.0,0.0,21.7,21.901176,15.499979019165039,24.690448760986328
22.0,24.0,0.0,21.5,23.13515,15.495866775512695,21.430269241333008
22.0,24.0,0.0,21.399998,22.331894,15.481841087341309,24.616024017333984
22.0,24.0,0.0,21.300003,23.113407,15.499208450317383,24.893646240234375
22.0,24.0,0.0,21.100002,23.21478,15.482695579528809,24.561729431152344
22.0,24.0,0.0,20.8,23.170921,15.488654136657715,24.775951385498047
22.0,24.0,0.0,20.599998,23.212734,15.499492645263672,19.93997573852539
22.0,24.0,0.0,20.5,21.886316,15.477141380310059,24.66497802734375
22.0,24.0,0.0,20.299995,23.058674,15.492746353149414,22.03426170349121
22.0,24.0,0.0,20.100002,22.480484,15.49390983581543,25.071369171142578
22.0,24.0,0.0,20.100002,23.136059,15.498169898986816,25.01182746887207
22.0,24.0,0.0,20.0,23.170856,15.495804786682129,19.148168563842773
22.0,24.0,1.98,20.599998,21.750326,15.486912727355957,23.0030460357666
22.0,24.0,56.24995,21.100002,22.702765,15.4981689453125,25.438154220581055
22.0,24.0,22.935,21.8,23.198479,15.499518394470215,21.724105834960938
22.0,24.0,112.29658,22.5,22.390476,15.498970031738281,20.435606002807617
22.0,24.0,58.175186,23.800003,22.01131,15.499991416931152,21.632095336914062
22.0,24.0,168.49684,25.199997,22.675262,15.499999046325684,19.514041900634766
22.0,24.0,120.27652,25.900002,22.112646,15.499974250793457,20.74384117126465
22.0,24.0,295.98648,26.599998,22.474747,15.5,19.640342712402344
22.0,24.0,280.65054,27.200005,22.27768,15.499999046325684,20.724857330322266
22.0,24.0,463.05798,27.799995,22.624523,15.499927520751953,18.43524932861328
22.0,24.0,473.21014,28.200005,22.472525,15.499995231628418,18.683273315429688
22.0,24.0,596.1161,28.699997,22.602903,15.5,20.00528335571289
22.0,24.0,610.8206,29.0,22.791695,15.499982833862305,23.483156204223633
22.0,24.0,669.6902,29.400002,23.993362,15.499998092651367,18.761276245117188
22.0,24.0,620.8769,29.599998,23.103062,15.499958992004395,19.118471145629883
22.0,24.0,600.1187,29.899994,23.15141,15.499995231628418,18.535030364990234
22.0,24.0,640.0796,30.0,23.233553,15.499980926513672,19.064786911010742
22.0,24.0,545.0133,30.100006,23.29672,15.499974250793457,18.236907958984375
22.0,24.0,568.37695,30.100006,23.347672,15.499991416931152,21.029003143310547
22.0,24.0,414.4304,30.199997,23.474258,15.499998092651367,18.141796112060547
22.0,24.0,410.0763,30.0,23.382492,15.499990463256836,18.483726501464844
22.0,24.0,259.10657,29.899994,23.334389,15.499998092651367,18.7183837890625
22.0,24.0,217.26855,29.599998,23.2896,15.499985694885254,18.224361419677734
22.0,24.0,93.02662,29.400002,23.200024,15.499996185302734,19.80946922302246
22.0,24.0,134.21863,29.0,23.178745,15.499969482421875,21.00136375427246
22.0,24.0,46.529995,28.599998,22.996267,15.499469757080078,24.054183959960938
22.0,24.0,68.61181,28.599998,24.007423,15.499265670776367,19.943679809570312
22.0,24.0,23.43,26.599998,22.804415,15.499885559082031,20.555816650390625
22.0,24.0,12.54,25.5,22.739836,15.499968528747559,18.716556549072266
22.0,24.0,26.038671,24.400002,22.513943,15.499939918518066,19.309965133666992
22.0,24.0,0.0,24.0,22.40931,15.499866485595703,20.28493881225586
22.0,24.0,0.0,23.699997,22.410032,15.498950004577637,20.410310745239258
22.0,24.0,0.0,23.400002,22.368168,15.499995231628418,20.556655883789062
22.0,24.0,0.0,23.099998,22.356438,15.4969482421875,19.15818977355957
22.0,24.0,0.0,22.900002,22.059145,15.499711990356445,22.36300277709961
22.0,24.0,0.0,22.7,22.865452,15.49969482421875,18.7448673248291
22.0,24.0,0.0,22.399998,21.956089,15.49969482421875,20.27960205078125
22.0,24.0,0.0,22.200005,22.080933,15.499324798583984,21.937801361083984
22.0,24.0,0.0,21.8,22.585249,15.493301391601562,25.017688751220703
22.0,24.0,0.0,21.5,23.222944,15.497625350952148,19.978837966918945
22.0,24.0,0.0,21.100002,21.898489,15.49574089050293,25.081762313842773
22.0,24.0,0.0,20.7,23.142834,15.499174118041992,25.327871322631836
22.0,24.0,0.0,20.400002,23.263817,15.496610641479492,21.06508445739746
22.0,24.0,0.0,20.100002,22.159563,15.499536514282227,24.94979476928711
22.0,24.0,0.0,20.0,23.10436,15.486989974975586,19.93058204650879
22.0,24.0,0.0,19.899998,21.796164,15.49920654296875,25.204675674438477
22.0,24.0,0.0,20.0,23.06813,15.499699592590332,25.75448226928711
22.0,24.0,0.0,20.2,23.253132,15.486711502075195,23.593576431274414
22.0,24.0,1.155,20.900002,22.901937,15.488515853881836,23.09725570678711
22.0,24.0,34.916615,21.7,22.816235,15.496789932250977,20.0299129486084
22.0,24.0,20.13,22.399998,21.83409,15.499755859375,22.99534797668457
22.0,24.0,115.95008,23.2,22.753586,15.499813079833984,18.683483123779297
22.0,24.0,63.716537,24.299995,21.751467,15.499855995178223,22.170146942138672
22.0,24.0,174.7192,25.5,22.847961,15.499995231628418,19.15943717956543
22.0,24.0,126.85911,26.599998,22.101616,15.5,20.43064308166504
22.0,24.0,298.05334,27.699997,22.377937,15.499993324279785,18.5460205078125
22.0,24.0,310.32962,28.300003,22.241848,15.499991416931152,20.80705451965332
22.0,24.0,425.8126,29.0,22.662209,15.499969482421875,19.91924285888672
22.0,24.0,450.01373,29.400002,22.55806,15.5,19.188518524169922
22.0,24.0,578.991,29.899994,22.654366,15.49999713897705,20.680953979492188
22.0,24.0,581.8886,30.199997,22.920525,15.49999713897705,19.63880157470703
22.0,24.0,630.4618,30.5,22.950253,15.499994277954102,19.27602767944336
22.0,24.0,649.2993,30.700005,23.05827,15.499990463256836,19.401721954345703
22.0,24.0,643.5994,30.900002,23.173927,15.499996185302734,23.391050338745117
22.0,24.0,644.3731,30.900002,24.27121,15.49999713897705,20.302370071411133
22.0,24.0,577.4444,31.0,23.484467,15.499992370605469,18.104991912841797
22.0,24.0,565.44446,31.0,23.466572,15.49999713897705,21.846776962280273
22.0,24.0,451.72507,30.900002,23.790356,15.499998092651367,20.4581298828125
22.0,24.0,413.68793,30.5,23.5785,15.499998092651367,19.344526290893555
22.0,24.0,256.29956,30.100006,23.485804,15.49999713897705,21.817569732666016
22.0,24.0,216.52579,29.700005,23.721806,15.499998092651367,18.62716293334961
22.0,24.0,129.75064,29.299995,23.376677,15.499996185302734,19.04962158203125
22.0,24.0,105.1386,28.800003,23.286352,15.499991416931152,20.752099990844727
22.0,24.0,56.595005,28.300003,23.050003,15.499755859375,19.4193115234375
22.0,24.0,41.88985,28.300003,22.861496,15.499786376953125,21.792686462402344
22.0,24.0,27.06,27.200005,23.242683,15.49994945526123,24.457529067993164
22.0,24.0,14.19,26.699997,24.006817,15.499959945678711,21.603195190429688
22.0,24.0,27.389915,26.199997,23.015404,15.49996280670166,25.271747589111328
22.0,24.0,0.0,26.0,24.04784,15.499998092651367,19.285690307617188
22.0,24.0,0.0,25.700005,22.620007,15.499982833862305,21.894641876220703
22.0,24.0,0.0,25.599998,23.072754,15.499996185302734,19.613801956176758
22.0,24.0,0.0,25.400002,22.440384,15.49998664855957,20.579835891723633
22.0,24.0,0.0,25.199997,22.504858,15.499299049377441,18.67749786376953
22.0,24.0,0.0,25.0,22.225985,15.49996280670166,20.941499710083008
22.0,24.0,0.0,24.800003,22.520458,15.499958992004395,22.467920303344727
22.0,24.0,0.0,24.599998,23.00514,15.385873794555664,25.072494506835938
22.0,24.0,0.0,24.400002,23.545498,15.496763229370117,19.63637351989746
22.0,24.0,0.0,24.199997,22.16753,15.4974365234375,25.678739547729492
22.0,24.0,0.0,24.099998,23.559246,15.499760627746582,25.537521362304688
22.0,24.0,0.0,23.899998,23.631655,15.499176025390625,22.943323135375977
22.0,24.0,0.0,23.699997,23.078888,15.477327346801758,20.759695053100586
22.0,24.0,0.0,23.600002,22.319477,15.486381530761719,25.359962463378906
22.0,24.0,0.0,23.5,23.482979,15.488067626953125,25.42568016052246
22.0,24.0,0.0,23.400002,23.572819,15.499215126037598,25.653684616088867
22.0,24.0,0.0,23.3,23.638145,15.483772277832031,21.49135398864746
22.0,24.0,0.0,23.2,22.531631,15.49752426147461,22.194015502929688
22.0,24.0,1.8150002,23.699997,22.824108,15.499326705932617,20.174041748046875
22.0,24.0,53.653206,24.099998,22.128826,15.498416900634766,24.966978073120117
22.0,24.0,22.11,24.5,23.364777,15.497896194458008,19.423763275146484
22.0,24.0,111.61669,25.0,22.078304,15.499878883361816,19.54985237121582
22.0,24.0,59.31427,25.5,22.01598,15.498564720153809,18.63727378845215
22.0,24.0,170.56142,26.0,22.203838,15.5,19.699745178222656
22.0,24.0,122.17133,26.900002,22.275116,15.499998092651367,22.22146987915039
22.0,24.0,295.99008,27.699997,23.11779,15.499999046325684,18.754335403442383
22.0,24.0,281.11844,28.200005,22.434738,15.499996185302734,19.437896728515625
22.0,24.0,461.82025,28.800003,22.543852,15.5,24.128803253173828
22.0,24.0,472.5067,29.199997,23.880085,15.499999046325684,18.538740158081055
22.0,24.0,595.0114,29.700005,22.88649,15.49997615814209,19.402759552001953
22.0,24.0,609.884,30.0,22.96482,15.499945640563965,20.2929630279541
22.0,24.0,669.2795,30.299995,23.141075,15.499999046325684,18.202457427978516
22.0,24.0,676.7606,30.5,23.19286,15.49999713897705,19.556283950805664
22.0,24.0,669.8005,30.700005,23.318203,15.499999046325684,20.565570831298828
22.0,24.0,665.08844,30.800003,23.464447,15.49999713897705,18.086923599243164
22.0,24.0,610.99493,30.900002,23.470963,15.499895095825195,18.058818817138672
22.0,24.0,576.46344,30.900002,23.518932,15.49997615814209,18.202054977416992
22.0,24.0,470.83694,30.900002,23.532413,15.499998092651367,19.293582916259766
22.0,24.0,418.21732,30.800003,23.548641,15.499998092651367,23.358856201171875
22.0,24.0,270.91577,30.599998,24.399014,15.499996185302734,18.368595123291016
22.0,24.0,212.49942,30.299995,23.54269,15.499999046325684,19.60199737548828
22.0,24.0,85.318436,30.100006,23.425388,15.499824523925781,22.3416748046875
22.0,24.0,121.70389,29.599998,23.87136,15.5,21.150211334228516
22.0,24.0,41.80328,29.199997,23.188189,15.499979019165039,19.269102096557617
22.0,24.0,73.238716,29.199997,22.969004,15.499690055847168,19.09099578857422
22.0,24.0,23.76,27.600006,22.842798,15.49995231628418,19.091365814208984
22.0,24.0,15.179999,26.900002,22.72662,15.499971389770508,23.14021110534668
22.0,24.0,30.296728,26.099998,23.655487,15.499959945678711,19.246965408325195
22.0,24.0,0.0,25.900002,22.620754,15.49997329711914,19.11605453491211
22.0,24.0,0.0,25.700005,22.472197,15.499940872192383,21.010456085205078
22.0,24.0,0.0,25.5,22.702572,15.499996185302734,21.437759399414062
22.0,24.0,0.0,25.400002,22.785603,15.49976921081543,23.885713577270508
22.0,24.0,0.0,25.199997,23.489449,15.499977111816406,23.510366439819336
22.0,24.0,0.0,25.0,23.451576,15.49979019165039,21.36384391784668
22.0,24.0,0.0,24.899994,22.650764,15.499968528747559,25.87922477722168
22.0,24.0,0.0,24.700005,23.773628,15.478687286376953,21.367511749267578
22.0,24.0,0.0,24.5,22.597195,15.494040489196777,23.0256404876709
22.0,24.0,0.0,24.299995,23.213673,15.494222640991211,25.553081512451172
22.0,24.0,0.0,24.199997,23.693897,15.484509468078613,20.211652755737305
22.0,24.0,0.0,24.099998,22.255608,15.494758605957031,19.537506103515625
22.0,24.0,0.0,23.899998,22.105291,15.492130279541016,25.165313720703125
22.0,24.0,0.0,23.800003,23.441475,15.498781204223633,25.935373306274414
22.0,24.0,0.0,23.600002,23.666975,15.490850448608398,25.203176498413086
22.0,24.0,0.0,23.5,23.571854,15.499287605285645,20.222034454345703
22.0,24.0,0.0,23.400002,22.175678,15.498857498168945,21.450040817260742
22.0,24.0,0.0,23.400002,22.56704,15.49632740020752,23.149883270263672
22.0,24.0,1.32,24.0,23.060112,15.492727279663086,23.68747329711914
22.0,24.0,38.238823,24.599998,23.200962,15.499593734741211,23.921436309814453
22.0,24.0,21.285,25.199997,23.271587,15.499540328979492,23.1525936126709
22.0,24.0,109.30409,25.800003,23.178232,15.499597549438477,21.663047790527344
22.0,24.0,56.6774,26.699997,22.655872,15.499683380126953,22.844436645507812
22.0,24.0,166.04788,27.600006,23.36597,15.499999046325684,24.42592430114746
22.0,24.0,122.197495,28.200005,23.796047,15.499998092651367,20.10880470275879
22.0,24.0,295.84573,28.800003,22.679668,15.499984741210938,20.687572479248047
22.0,24.0,282.05267,29.299995,22.79444,15.499999046325684,21.33116340637207
22.0,24.0,451.4728,29.700005,23.105772,15.499999046325684,18.735822677612305
22.0,24.0,454.17368,30.0,22.865599,15.5,19.385738372802734
22.0,24.0,541.7002,30.400002,22.970308,15.499998092651367,23.53374481201172
22.0,24.0,550.3607,30.599998,24.151217,15.5,21.22846031188965
22.0,24.0,616.07184,30.900002,23.393192,15.499995231628418,19.020723342895508
22.0,24.0,624.3082,30.900002,23.351994,15.499994277954102,18.579118728637695
22.0,24.0,631.9324,31.0,23.421814,15.49999713897705,18.21112823486328
22.0,24.0,623.94434,31.0,23.491095,15.499980926513672,21.38361930847168
22.0,24.0,555.26874,31.0,23.696644,15.499992370605469,18.01978874206543
22.0,24.0,544.7326,30.800003,23.599907,15.499916076660156,20.658519744873047
22.0,24.0,420.02023,30.5,23.64977,15.499996185302734,22.1672306060791
22.0,24.0,417.0237,30.199997,23.978588,15.499998092651367,18.15806770324707
22.0,24.0,258.64035,29.800003,23.57817,15.499975204467773,20.153514862060547
22.0,24.0,231.73917,29.5,23.53823,15.499988555908203,21.555767059326172
22.0,24.0,103.66656,29.099998,23.606644,15.5,22.165729522705078
22.0,24.0,146.04614,28.699997,23.799809,15.499937057495117,20.331228256225586
22.0,24.0,42.24,28.200005,23.106596,15.499916076660156,20.37070655822754
22.0,24.0,58.171818,28.200005,23.0009,15.499899864196777,18.083372116088867
22.0,24.0,26.4,27.300003,22.808819,15.499979019165039,20.64057159423828
22.0,24.0,12.87,26.900002,22.832659,15.49996566772461,19.322465896606445
22.0,24.0,22.380068,26.5,22.629387,15.499988555908203,20.499433517456055
22.0,24.0,0.0,26.300003,22.640669,15.499938011169434,19.443893432617188
22.0,24.0,0.0,26.099998,22.450092,15.49997329711914,20.07613754272461
22.0,24.0,0.0,26.0,22.416515,15.499862670898438,20.0222110748291
22.0,24.0,0.0,25.900002,22.342604,15.49904727935791,18.475261688232422
22.0,24.0,0.0,25.700005,22.179396,15.499935150146484,24.185829162597656
22.0,24.0,0.0,25.599998,23.389378,15.499992370605469,21.06211280822754
22.0,24.0,0.0,25.299995,22.470211,15.499964714050293,21.732521057128906
22.0,24.0,0.0,25.100006,22.731121,15.48712158203125,25.048974990844727
22.0,24.0,0.0,24.899994,23.513302,15.470375061035156,23.32073974609375
22.0,24.0,0.0,24.599998,23.250792,15.461450576782227,24.445852279663086
22.0,24.0,0.0,24.400002,23.44822,15.494327545166016,21.4736270904541
22.0,24.0,0.0,24.099998,22.571335,15.499744415283203,18.783721923828125
22.0,24.0,0.0,23.899998,22.048037,15.499311447143555,23.981327056884766
22.0,24.0,0.0,23.699997,23.19513,15.48924446105957,25.570144653320312
22.0,24.0,0.0,23.5,23.545975,15.499300003051758,22.3739070892334
22.0,24.0,0.0,23.3,22.81118,15.493837356567383,25.577735900878906
22.0,24.0,0.0,23.099998,23.52602,15.484081268310547,22.084651947021484
22.0,24.0,0.0,22.900002,22.700474,15.499269485473633,25.719844818115234
22.0,24.0,3.5207806,23.0,23.534422,15.499846458435059,23.849517822265625
22.0,24.0,25.849825,23.099998,23.270126,15.496225357055664,23.97281265258789
22.0,24.0,56.517555,23.3,23.297546,15.49837875366211,25.787952423095703
22.0,24.0,103.31759,23.600002,23.661312,15.499666213989258,23.792877197265625
22.0,24.0,119.35689,24.099998,23.376005,15.49979305267334,18.276323318481445
22.0,24.0,196.33238,24.700005,22.434649,15.499991416931152,20.950729370117188
22.0,24.0,195.40723,25.299995,22.717594,15.5,19.62619400024414
22.0,24.0,293.03116,25.900002,22.497711,15.499998092651367,19.273033142089844
22.0,24.0,302.32446,26.5,22.5061,15.49999713897705,23.570899963378906
22.0,24.0,459.733,27.0,23.736158,15.499999046325684,19.429393768310547
22.0,24.0,467.01297,27.399994,22.783228,15.49999713897705,19.502864837646484
22.0,24.0,560.5588,27.799995,22.844767,15.499999046325684,18.30992317199707
22.0,24.0,524.50073,28.200005,22.88271,15.499994277954102,23.351158142089844
22.0,24.0,583.8077,28.599998,24.039078,15.499998092651367,20.227643966674805
22.0,24.0,642.7485,28.900002,23.235065,15.499992370605469,18.878000259399414
22.0,24.0,663.21375,29.199997,23.25787,15.499998092651367,21.58988380432129
22.0,24.0,662.73785,29.299995,23.60876,15.499983787536621,18.152236938476562
22.0,24.0,602.32184,29.5,23.424665,15.499990463256836,18.72502326965332
22.0,24.0,575.2064,29.5,23.460732,15.499996185302734,18.07143783569336
22.0,24.0,463.52258,29.5,23.457302,15.499995231628418,20.767269134521484
22.0,24.0,421.1238,29.400002,23.536768,15.499998092651367,19.4332218170166
22.0,24.0,265.88217,29.199997,23.43242,15.499975204467773,18.388147354125977
22.0,24.0,219.31181,29.0,23.354744,15.499998092651367,20.389211654663086
22.0,24.0,132.65025,28.699997,23.330801,15.499978065490723,18.60964584350586
22.0,24.0,102.49539,28.599998,23.202251,15.499994277954102,19.139286041259766
22.0,24.0,57.585,28.400002,22.880363,15.499611854553223,20.163116455078125
22.0,24.0,42.24,28.400002,22.8274,15.49996566772461,20.59990882873535
22.0,24.0,27.39,26.0,22.792164,15.5,21.569032669067383
22.0,24.0,14.19,24.800003,23.028257,15.49980354309082,18.550840377807617
22.0,24.0,26.83656,23.5,22.487463,15.499977111816406,19.21969223022461
22.0,24.0,0.0,23.099998,22.363056,15.499961853027344,25.549562454223633
22.0,24.0,0.0,22.7,23.75625,15.499930381774902,24.102603912353516
22.0,24.0,0.0,22.3,23.55578,15.499870300292969,22.257709503173828
22.0,24.0,0.0,22.0,22.935001,15.499981880187988,22.156539916992188
22.0,24.0,0.0,21.8,22.892416,15.499991416931152,21.223377227783203
22.0,24.0,0.0,21.599998,22.516289,15.499955177307129,23.29774284362793
22.0,24.0,0.0,21.5,23.138,15.499920845031738,25.32611656188965
22.0,24.0,0.0,21.399998,23.511574,15.48753547668457,24.916303634643555
22.0,24.0,0.0,21.300003,23.456852,15.497064590454102,19.569076538085938
22.0,24.0,0.0,21.199997,22.048752,15.482707977294922,24.160118103027344
22.0,24.0,0.0,21.199997,23.153324,15.471109390258789,23.773761749267578
22.0,24.0,0.0,21.100002,23.130737,15.496156692504883,23.67397689819336
22.0,24.0,0.0,21.100002,23.102665,15.498449325561523,21.149761199951172
22.0,24.0,0.0,21.100002,22.296951,15.47952651977539,21.862567901611328
22.0,24.0,0.0,21.100002,22.54879,15.499029159545898,23.74944305419922
22.0,24.0,0.0,21.100002,22.991106,15.492593765258789,25.758625030517578
22.0,24.0,0.0,21.300003,23.376652,15.498930931091309,22.719070434570312
22.0,24.0,0.0,21.399998,22.781239,15.499187469482422,25.427940368652344
22.0,24.0,0.99,22.3,23.322079,15.499383926391602,25.80910873413086
22.0,24.0,43.264202,23.3,23.467903,15.495052337646484,24.383981704711914
22.0,24.0,21.298042,24.0,23.263508,15.499873161315918,25.320518493652344
22.0,24.0,119.31822,24.800003,23.490929,15.499631881713867,20.23931121826172
22.0,24.0,74.29238,25.900002,22.13927,15.498044967651367,24.206314086914062
22.0,24.0,181.12065,27.099998,23.54673,15.499996185302734,18.9211483001709
22.0,24.0,135.6136,27.900002,22.41626,15.499998092651367,20.899396896362305
22.0,24.0,301.3232,28.699997,22.739033,15.499998092651367,22.9429931640625
22.0,24.0,286.97,29.199997,23.52071,15.499996185302734,19.01303482055664
22.0,24.0,457.29352,29.700005,22.7317,15.499998092651367,19.994789123535156
22.0,24.0,467.13797,30.100006,22.831688,15.49998664855957,19.341381072998047
22.0,24.0,583.6845,30.5,22.92417,15.499999046325684,21.288625717163086
22.0,24.0,592.49274,30.700005,23.291542,15.499944686889648,18.436279296875
22.0,24.0,654.3917,30.900002,23.17189,15.49999713897705,19.040313720703125
22.0,24.0,651.8781,31.0,23.276579,15.499967575073242,18.069673538208008
22.0,24.0,642.38574,31.099998,23.355328,15.499999046325684,18.027240753173828
22.0,24.0,645.56116,31.099998,23.439482,15.5,18.072303771972656
22.0,24.0,570.99835,31.099998,23.491167,15.499993324279785,18.33075523376465
22.0,24.0,555.09015,31.0,23.539139,15.499998092651367,18.856067657470703
22.0,24.0,419.497,30.900002,23.53976,15.499996185302734,19.208635330200195
22.0,24.0,418.57327,30.599998,23.551601,15.499996185302734,24.045013427734375
22.0,24.0,211.94633,30.299995,24.643885,15.499998092651367,22.122196197509766
22.0,24.0,247.18927,29.899994,23.807907,15.499966621398926,18.60711669921875
22.0,24.0,93.51165,29.5,23.450306,15.499995231628418,19.33961296081543
22.0,24.0,151.44621,28.900002,23.379768,15.499992370605469,21.505197525024414
22.0,24.0,44.88,28.400002,23.300375,15.499555587768555,20.5113582611084
22.0,24.0,56.97383,28.400002,23.015854,15.499985694885254,18.73709487915039
22.0,24.0,25.905,27.0,22.819757,15.499839782714844,21.998815536499023
22.0,24.0,13.53,26.5,23.294792,15.499950408935547,19.163646697998047
22.0,24.0,26.313305,25.900002,22.663593,15.499977111816406,21.86768341064453
22.0,24.0,0.0,25.700005,23.1166,15.499996185302734,18.672422409057617
22.0,24.0,0.0,25.5,22.47348,15.499759674072266,21.09355926513672
22.0,24.0,0.0,25.299995,22.72229,15.49996566772461,22.139205932617188
22.0,24.0,0.0,25.0,23.029102,15.498809814453125,19.895931243896484
22.0,24.0,0.0,24.800003,22.320948,15.499948501586914,23.59025764465332
22.0,24.0,0.0,24.599998,23.33498,15.49998664855957,22.4002742767334
22.0,24.0,0.0,24.400002,22.974087,15.499724388122559,24.92136573791504
22.0,24.0,0.0,24.199997,23.57095,15.47985553741455,22.907678604125977
22.0,24.0,0.0,24.0,23.127716,15.487740516662598,25.845165252685547
22.0,24.0,0.0,23.800003,23.73147,15.494548797607422,25.67823600769043
22.0,24.0,0.0,23.600002,23.749142,15.495433807373047,25.17113494873047
22.0,24.0,0.0,23.5,23.671673,15.49642562866211,25.38365936279297
22.0,24.0,0.0,23.3,23.710941,15.475785255432129,22.69693946838379
22.0,24.0,0.0,23.2,23.05186,15.497838020324707,20.353626251220703
22.0,24.0,0.0,23.099998,22.260395,15.499503135681152,25.06138801574707
22.0,24.0,0.0,23.0,23.476126,15.49748420715332,19.985973358154297
22.0,24.0,0.0,23.0,22.143642,15.48719596862793,20.76580238342285
22.0,24.0,0.0,23.0,22.32256,15.496601104736328,21.07299041748047
22.0,24.0,1.155,23.5,22.376995,15.499146461486816,22.460107803344727
22.0,24.0,45.625225,23.899998,22.845322,15.498769760131836,19.580232620239258
22.0,24.0,19.47,24.400002,21.96399,15.498771667480469,18.516462326049805
22.0,24.0,116.9943,24.899994,21.870922,15.499612808227539,23.307098388671875
22.0,24.0,71.22711,25.5,22.965271,15.49986457824707,22.552608489990234
22.0,24.0,180.16856,26.199997,23.09209,15.499999046325684,19.74602508544922
22.0,24.0,134.72966,27.0,22.322441,15.499996185302734,24.782676696777344
22.0,24.0,302.55698,27.699997,23.712236,15.499999046325684,18.51776123046875
22.0,24.0,288.22348,28.200005,22.519575,15.499998092651367,20.179441452026367
22.0,24.0,459.58063,28.699997,22.66021,15.499981880187988,22.598665237426758
22.0,24.0,469.73935,29.0,23.53767,15.499998092651367,18.20125961303711
22.0,24.0,586.90594,29.400002,22.881155,15.499980926513672,21.335906982421875
22.0,24.0,601.23895,29.700005,23.266138,15.499967575073242,19.180185317993164
22.0,24.0,658.3825,30.0,23.126663,15.499994277954102,18.467025756835938
22.0,24.0,665.3191,30.199997,23.20625,15.499792098999023,24.464452743530273
22.0,24.0,658.5267,30.400002,24.616686,15.499996185302734,19.244243621826172
22.0,24.0,654.35034,30.5,23.552338,15.49996280670166,21.747434616088867
22.0,24.0,581.9893,30.599998,23.78392,15.499990463256836,18.87232208251953
22.0,24.0,569.98004,30.599998,23.6156,15.499947547912598,18.19641876220703
22.0,24.0,429.6024,30.700005,23.590256,15.499992370605469,19.55058479309082
22.0,24.0,421.404,30.700005,23.608868,15.499998092651367,20.3542537689209
22.0,24.0,210.9886,30.599998,23.568722,15.499985694885254,18.229707717895508
22.0,24.0,227.51642,30.5,23.479843,15.499999046325684,19.554828643798828
22.0,24.0,130.74612,30.299995,23.419655,15.499987602233887,23.882164001464844
22.0,24.0,109.263695,29.899994,24.474846,15.499996185302734,18.645362854003906
22.0,24.0,55.44,29.400002,23.126928,15.499945640563965,18.22496795654297
22.0,24.0,45.773746,29.400002,22.95098,15.499841690063477,20.230607986450195
22.0,24.0,26.235,28.099998,22.90796,15.499958038330078,22.078834533691406
22.0,24.0,13.695,27.699997,23.354439,15.499384880065918,23.567325592041016
22.0,24.0,27.564543,27.200005,23.84935,15.499974250793457,18.222532272338867
22.0,24.0,0.0,27.0,22.695452,15.499995231628418,20.152881622314453
22.0,24.0,0.0,26.799995,22.624033,15.499956130981445,23.753610610961914
22.0,24.0,0.0,26.599998,23.659191,15.499942779541016,19.825319290161133
22.0,24.0,0.0,26.400002,22.52303,15.499980926513672,22.42304229736328
22.0,24.0,0.0,26.099998,23.20974,15.499992370605469,22.34899139404297
22.0,24.0,0.0,25.900002,23.105219,15.499833106994629,24.551624298095703
22.0,24.0,0.0,25.5,23.670452,15.499902725219727,18.903093338012695
22.0,24.0,0.0,25.199997,22.347069,15.463064193725586,22.012332916259766
22.0,24.0,0.0,24.899994,22.939444,15.496562004089355,24.27314567565918
22.0,24.0,0.0,24.599998,23.493542,15.486708641052246,23.5988712310791
22.0,24.0,0.0,24.299995,23.398857,15.497562408447266,22.135866165161133
22.0,24.0,0.0,24.0,22.873028,15.477069854736328,25.06283950805664
22.0,24.0,0.0,23.699997,23.582146,15.492538452148438,25.05947494506836
22.0,24.0,0.0,23.400002,23.623398,15.499895095825195,23.88588523864746
22.0,24.0,0.0,23.2,23.417284,15.487235069274902,23.819414138793945
22.0,24.0,0.0,23.0,23.382229,15.492743492126465,22.10565757751465
22.0,24.0,0.0,23.0,22.81495,15.491233825683594,24.47575569152832
22.0,24.0,0.0,23.099998,23.416498,15.498924255371094,23.025354385375977
22.0,24.0,0.99,23.899998,23.126055,15.498666763305664,21.386178970336914
22.0,24.0,27.597282,24.599998,22.549965,15.498687744140625,18.44052505493164
22.0,24.0,40.24469,25.100006,22.040138,15.499529838562012,22.78126335144043
22.0,24.0,114.66128,25.599998,23.027477,15.499927520751953,22.664875030517578
22.0,24.0,65.905846,26.099998,22.998571,15.498641967773438,18.534515380859375
22.0,24.0,185.42747,26.599998,22.366991,15.499999046325684,21.83007049560547
22.0,24.0,202.78351,27.200005,23.016563,15.499979972839355,23.178760528564453
22.0,24.0,294.03317,27.699997,23.55425,15.5,22.580781936645508
22.0,24.0,309.42087,28.099998,23.381458,15.499996185302734,19.548377990722656
22.0,24.0,240.71558,28.5,22.69982,15.499994277954102,25.42401695251465
22.0,24.0,66.19065,28.699997,24.108088,15.499998092651367,19.593719482421875
22.0,24.0,85.96984,28.800003,22.766714,15.499999046325684,19.555082321166992
22.0,24.0,79.09145,28.900002,22.693144,15.499998092651367,19.877777099609375
22.0,24.0,85.049805,29.0,22.691244,15.5,20.426734924316406
22.0,24.0,104.69468,29.099998,22.748112,15.499998092651367,23.143199920654297
22.0,24.0,87.98582,29.199997,23.678938,15.499999046325684,18.2807559967041
22.0,24.0,87.002785,29.199997,22.719883,15.499999046325684,19.955808639526367
22.0,24.0,82.97758,29.299995,22.71193,15.499993324279785,22.69447135925293
22.0,24.0,76.107254,29.199997,23.536743,15.5,19.299118041992188
22.0,24.0,68.07953,29.199997,22.72551,15.499999046325684,18.323959350585938
22.0,24.0,58.28537,29.0,22.639042,15.499985694885254,21.271846771240234
22.0,24.0,51.174484,28.699997,22.983492,15.499996185302734,20.8564453125
22.0,24.0,81.15514,28.400002,22.816397,15.499991416931152,20.94806480407715
22.0,24.0,93.00024,28.0,22.857315,15.499991416931152,19.1345272064209
22.0,24.0,127.32546,27.600006,22.639746,15.499998092651367,20.800647735595703
22.0,24.0,100.01926,27.200005,22.6036,15.49960994720459,23.55190658569336
22.0,24.0,103.80975,27.200005,23.489304,15.499994277954102,22.251855850219727
22.0,24.0,18.443403,25.900002,23.03416,15.499959945678711,20.956501007080078
22.0,24.0,32.16546,25.299995,22.580528,15.499874114990234,21.139429092407227
22.0,24.0,13.516359,24.700005,22.625166,15.499981880187988,23.4140567779541
22.0,24.0,0.0,24.5,23.314255,15.499587059020996,22.61031150817871
22.0,24.0,0.0,24.299995,23.048742,15.499990463256836,19.93442726135254
22.0,24.0,0.0,24.199997,22.210012,15.49997615814209,22.871862411499023
22.0,24.0,0.0,24.099998,23.085152,15.499931335449219,19.63991355895996
22.0,24.0,0.0,24.0,22.10721,15.499981880187988,22.157081604003906
22.0,24.0,0.0,24.0,22.812134,15.49996280670166,22.43021011352539
22.0,24.0,0.0,23.899998,22.853146,15.49989128112793,18.865360260009766
22.0,24.0,0.0,23.899998,21.968262,15.498148918151855,24.841917037963867
22.0,24.0,0.0,23.800003,23.264542,15.49520206451416,24.761892318725586
22.0,24.0,0.0,23.800003,23.340923,15.495224952697754,23.7141170501709
22.0,24.0,0.0,23.600002,23.178192,15.47911262512207,25.584108352661133
22.0,24.0,0.0,23.400002,23.514698,15.49515438079834,22.853174209594727
22.0,24.0,0.0,23.099998,22.964289,15.489617347717285,25.531957626342773
22.0,24.0,0.0,22.799995,23.504616,15.485575675964355,21.05414390563965
22.0,24.0,0.0,22.5,22.322502,15.440340042114258,24.959495544433594
22.0,24.0,0.0,22.099998,23.326618,15.498126983642578,23.551788330078125
22.0,24.0,0.0,21.7,23.131922,15.489462852478027,22.198348999023438
22.0,24.0,0.0,21.199997,22.694313,15.485782623291016,25.652578353881836
22.0,24.0,1.32,20.900002,23.428354,15.498022079467773,24.92615509033203
22.0,24.0,50.392994,20.599998,23.360737,15.499553680419922,21.09210205078125
22.0,24.0,21.615,20.8,22.285368,15.49954605102539,22.714359283447266
22.0,24.0,118.59521,20.900002,22.87987,15.499950408935547,22.006025314331055
22.0,24.0,63.588856,21.5,22.608704,15.494634628295898,23.76959800720215
22.0,24.0,163.4746,22.0,23.336924,15.499998092651367,18.190486907958984
22.0,24.0,116.35744,22.600002,22.191708,15.499998092651367,21.22232437133789
22.0,24.0,298.40448,23.2,22.671103,15.499995231628418,18.297483444213867
22.0,24.0,286.25952,23.600002,22.247356,15.499984741210938,23.429534912109375
22.0,24.0,477.94086,24.0,23.46429,15.499996185302734,19.472434997558594
22.0,24.0,510.76334,24.299995,22.53741,15.499994277954102,23.55957794189453
22.0,24.0,622.16064,24.599998,23.744118,15.499995231628418,25.033695220947266
22.0,24.0,651.96606,24.899994,24.235146,15.499994277954102,19.00562858581543
22.0,24.0,708.055,25.100006,23.023037,15.499950408935547,22.28165626525879
22.0,24.0,720.5377,25.299995,23.675331,15.499999046325684,18.270652770996094
22.0,24.0,705.278,25.400002,23.18461,15.499990463256836,18.094467163085938
22.0,24.0,687.9939,25.5,23.211857,15.49994945526123,20.445878982543945
22.0,24.0,628.4335,25.599998,23.316368,15.499972343444824,18.126384735107422
22.0,24.0,616.1959,25.599998,23.2902,15.499974250793457,18.70891571044922
22.0,24.0,496.5472,25.599998,23.279749,15.499998092651367,20.278526306152344
22.0,24.0,439.406,25.5,23.31054,15.499995231628418,19.296316146850586
22.0,24.0,287.99982,25.400002,23.211891,15.499971389770508,18.73982810974121
22.0,24.0,223.43321,25.100006,23.121922,15.499990463256836,18.538169860839844
22.0,24.0,138.33379,24.899994,23.018982,15.499999046325684,19.14449691772461
22.0,24.0,94.19469,24.299995,22.929482,15.499999046325684,18.195722579956055
22.0,24.0,62.04,23.800003,22.56237,15.499974250793457,18.633159637451172
22.0,24.0,45.87,23.800003,22.441128,15.499876022338867,20.72213363647461
22.0,24.0,30.359999,21.599998,22.570038,15.499961853027344,21.779563903808594
22.0,24.0,16.17,20.5,22.846594,15.499961853027344,21.74732208251953
22.0,24.0,30.929667,19.3,22.748734,15.499883651733398,19.364459991455078
22.0,24.0,0.0,18.899998,22.079445,15.499937057495117,25.32232666015625
22.0,24.0,0.0,18.5,23.39521,15.499919891357422,23.36222267150879
22.0,24.0,0.0,18.099998,23.084393,15.497480392456055,21.245025634765625
22.0,24.0,0.0,17.7,22.318954,15.499984741210938,18.414194107055664
22.0,24.0,0.0,17.3,21.748867,15.49997329711914,19.189870834350586
22.0,24.0,0.0,16.900002,21.658443,15.499225616455078,22.070571899414062
22.0,24.0,0.0,16.5,22.405155,15.499921798706055,23.153472900390625
22.0,24.0,0.0,16.100002,22.603914,15.493060111999512,23.992734909057617
22.0,24.0,0.0,15.799999,22.73359,15.488950729370117,25.05948257446289
22.0,24.0,0.0,15.400002,22.910774,15.488000869750977,20.18572998046875
22.0,24.0,0.0,15.0,21.6352,15.498974800109863,22.942340850830078
22.0,24.0,0.0,14.599998,22.373425,15.499214172363281,25.345476150512695
22.0,24.0,0.0,14.299999,22.810284,15.499099731445312,23.391542434692383
22.0,24.0,0.0,13.899998,22.472382,15.484204292297363,25.848072052001953
22.0,24.0,0.0,13.5,22.854523,15.495203971862793,25.952587127685547
22.0,24.0,0.0,13.200001,22.888626,15.491528511047363,23.143211364746094
22.0,24.0,0.0,12.900002,22.389591,15.465065002441406,20.822702407836914
22.0,24.0,0.0,12.700001,21.680227,15.499874114990234,25.75637435913086
22.0,24.0,1.485,13.600002,22.63933,15.499547004699707,25.494287490844727
22.0,24.0,55.94392,14.5,22.72474,15.489960670471191,25.218671798706055
22.0,24.0,23.76,15.599998,22.701366,15.499306678771973,23.743913650512695
22.0,24.0,104.03812,16.599998,22.490597,15.496833801269531,20.229183197021484
22.0,24.0,55.44,18.0,21.551498,15.492803573608398,19.58201026916504
22.0,24.0,158.11108,19.5,21.627327,15.5,19.09977149963379
22.0,24.0,109.851814,20.400002,21.551714,15.49999713897705,23.947948455810547
22.0,24.0,299.9136,21.300003,22.832876,15.499996185302734,21.208078384399414
22.0,24.0,288.68796,22.0,22.255117,15.499998092651367,20.50867462158203
22.0,24.0,480.85733,22.7,22.188019,15.499919891357422,19.37196159362793
22.0,24.0,511.77847,23.3,22.057907,15.499984741210938,19.232202529907227
22.0,24.0,623.7576,23.899998,22.180515,15.499995231628418,18.058666229248047
22.0,24.0,652.24786,24.400002,22.270496,15.499983787536621,18.315528869628906
22.0,24.0,708.5841,24.899994,22.41343,15.499977111816406,18.441015243530273
22.0,24.0,720.4375,25.199997,22.547537,15.499998092651367,18.199127197265625
22.0,24.0,718.5105,25.599998,22.664219,15.499991416931152,18.244503021240234
22.0,24.0,710.6506,25.800003,22.774586,15.499991416931152,18.424535751342773
22.0,24.0,647.4437,26.0,22.859001,15.499995231628418,18.81670379638672
22.0,24.0,620.1131,26.0,22.937588,15.5,21.69968032836914
22.0,24.0,501.87717,26.099998,23.393652,15.499982833862305,18.1115665435791
22.0,24.0,463.7497,26.0,23.027153,15.499978065490723,24.967548370361328
22.0,24.0,293.36356,25.900002,24.383287,15.499994277954102,18.927570343017578
22.0,24.0,224.91156,25.700005,23.081558,15.499998092651367,20.726760864257812
22.0,24.0,140.50226,25.400002,23.049294,15.499980926513672,18.904560089111328
22.0,24.0,92.99468,24.899994,22.868973,15.5,18.403881072998047
22.0,24.0,62.37,24.400002,22.518188,15.499996185302734,21.036052703857422
22.0,24.0,46.2,24.400002,22.744427,15.499993324279785,20.534543991088867
22.0,24.0,30.525,21.599998,22.482,15.49998664855957,18.822229385375977
22.0,24.0,16.17,20.299995,22.208035,15.499601364135742,18.69568634033203
22.0,24.0,30.859684,18.899998,22.06777,15.499980926513672,21.947349548339844
22.0,24.0,0.0,18.400002,22.716713,15.499972343444824,23.06061553955078
22.0,24.0,0.0,18.0,22.97577,15.499889373779297,18.263261795043945
22.0,24.0,0.0,17.600002,21.83463,15.499950408935547,22.477506637573242
22.0,24.0,0.0,17.200005,22.656776,15.49980354309082,25.215177536010742
22.0,24.0,0.0,16.900002,23.146326,15.49987506866455,19.961292266845703
22.0,24.0,0.0,16.5,21.750544,15.499993324279785,22.876359939575195
22.0,24.0,0.0,16.199997,22.56411,15.499774932861328,20.63761329650879
22.0,24.0,0.0,15.799999,21.858236,15.49675178527832,25.51970100402832
22.0,24.0,0.0,15.5,22.92265,15.496743202209473,25.38147735595703
22.0,24.0,0.0,15.100002,22.953272,15.498651504516602,25.78523826599121
22.0,24.0,0.0,14.799999,23.021212,15.499116897583008,25.51519775390625
22.0,24.0,0.0,14.5,22.971638,15.496160507202148,23.684568405151367
22.0,24.0,0.0,14.200001,22.62797,15.494317054748535,20.567317962646484
22.0,24.0,0.0,13.899998,21.712887,15.47419548034668,24.75121307373047
22.0,24.0,0.0,13.600002,22.640265,15.498283386230469,24.033626556396484
22.0,24.0,0.0,13.400002,22.541616,15.496679306030273,24.469982147216797
22.0,24.0,0.0,13.400002,22.592854,15.496275901794434,22.126712799072266
22.0,24.0,0.0,13.400002,22.103708,15.498540878295898,21.311622619628906
22.0,24.0,0.0,14.599998,21.827261,15.499383926391602,25.928823471069336
22.0,24.0,53.541542,15.799999,22.672909,15.497823715209961,19.983917236328125
22.0,24.0,22.935,16.8,21.397476,15.499665260314941,19.50423240661621
22.0,24.0,105.38886,17.799995,21.318386,15.498668670654297,24.844348907470703
22.0,24.0,54.285,19.2,22.526766,15.498674392700195,21.633100509643555
22.0,24.0,159.31091,20.5,22.205208,15.49997615814209,24.19389533996582
22.0,24.0,110.15988,22.200005,22.85485,15.499999046325684,21.63977813720703
22.0,24.0,299.41583,23.899998,22.39209,15.499998092651367,21.515413284301758
22.0,24.0,288.5834,24.700005,22.4733,15.499998092651367,22.818811416625977
22.0,24.0,479.277,25.5,23.064571,15.499999046325684,20.734954833984375
22.0,24.0,512.1412,26.0,22.458345,15.499999046325684,19.39812469482422
22.0,24.0,622.1627,26.599998,22.40039,15.499999046325684,19.201419830322266
22.0,24.0,651.92426,27.0,22.524548,15.499999046325684,18.966201782226562
22.0,24.0,707.1788,27.399994,22.659855,15.499981880187988,20.24582862854004
22.0,24.0,719.10675,27.699997,22.87495,15.499994277954102,21.770326614379883
22.0,24.0,716.6577,28.099998,23.408741,15.5,20.2863826751709
22.0,24.0,707.22406,28.200005,23.152233,15.5,18.091630935668945
22.0,24.0,645.5673,28.400002,23.160845,15.499999046325684,18.34583854675293
22.0,24.0,618.0924,28.5,23.225698,15.499977111816406,18.60102081298828
22.0,24.0,500.85757,28.599998,23.251694,15.499993324279785,18.6840877532959
22.0,24.0,441.71027,28.599998,23.26327,15.499992370605469,18.998043060302734
22.0,24.0,294.5191,28.599998,23.233433,15.499994277954102,19.909513473510742
22.0,24.0,227.71802,28.400002,23.215963,15.499978065490723,20.656156539916992
22.0,24.0,141.27762,28.200005,23.209505,15.5,22.335975646972656
22.0,24.0,95.20399,28.200005,23.676594,15.49999713897705,18.282367706298828
22.0,24.0,60.39,28.200005,22.805992,15.499858856201172,18.716205596923828
22.0,24.0,44.22,28.200005,22.681,15.499896049499512,25.214111328125
22.0,24.0,28.545,26.5,24.040642,15.49994945526123,20.089271545410156
22.0,24.0,14.85,26.099998,22.670366,15.499913215637207,18.53215217590332
22.0,24.0,29.233341,25.700005,22.478268,15.499626159667969,18.598024368286133
22.0,24.0,0.0,25.100006,22.365747,15.499723434448242,24.51285171508789
22.0,24.0,0.0,24.599998,23.607126,15.499688148498535,23.36873435974121
22.0,24.0,0.0,24.099998,23.413755,15.499984741210938,19.661617279052734
22.0,24.0,0.0,23.5,22.306057,15.499994277954102,21.65058708190918
22.0,24.0,0.0,22.7,22.757576,15.499971389770508,22.091175079345703
22.0,24.0,0.0,21.900002,22.834637,15.499699592590332,20.55658721923828
22.0,24.0,0.0,21.300003,22.251833,15.499909400939941,18.36447525024414
22.0,24.0,0.0,20.7,21.922585,15.496299743652344,22.918012619018555
22.0,24.0,0.0,20.299995,22.876438,15.475059509277344,22.051937103271484
22.0,24.0,0.0,20.0,22.583502,15.488785743713379,25.21298599243164
22.0,24.0,0.0,19.8,23.254093,15.498010635375977,22.502471923828125
22.0,24.0,0.0,19.700005,22.687122,15.494139671325684,25.029582977294922
22.0,24.0,0.0,19.700005,23.196491,15.324142456054688,22.298553466796875
22.0,24.0,0.0,19.8,22.57954,15.489990234375,22.6090030670166
22.0,24.0,0.0,20.0,22.714561,15.496027946472168,24.97563362121582
22.0,24.0,0.0,20.2,23.141499,15.47714614868164,23.29619598388672
22.0,24.0,0.0,20.299995,22.87088,15.497858047485352,23.187021255493164
22.0,24.0,0.0,20.400002,22.831936,15.49988079071045,22.76519012451172
22.0,24.0,0.0,21.300003,22.747356,15.499509811401367,22.430784225463867
22.0,24.0,47.746735,22.200005,22.646477,15.499401092529297,23.548595428466797
22.0,24.0,20.955,23.0,22.90729,15.496681213378906,23.436603546142578
22.0,24.0,108.07579,23.899998,22.959496,15.499692916870117,18.179683685302734
22.0,24.0,54.823036,24.899994,21.823944,15.499342918395996,20.1923828125
22.0,24.0,165.57079,25.900002,22.242369,15.499992370605469,18.54216194152832
22.0,24.0,117.76169,26.799995,22.081861,15.499958038330078,20.273168563842773
22.0,24.0,301.08847,27.600006,22.345554,15.499999046325684,24.76586151123047
22.0,24.0,291.40173,28.0,23.641644,15.499998092651367,18.6750545501709
22.0,24.0,469.54404,28.400002,22.517544,15.499996185302734,21.736007690429688
22.0,24.0,485.39,28.800003,23.139362,15.499996185302734,22.326459884643555
22.0,24.0,586.4588,29.199997,23.449364,15.499996185302734,18.649065017700195
22.0,24.0,550.3162,29.5,22.910034,15.499990463256836,20.168668746948242
22.0,24.0,591.79193,29.899994,23.04718,15.49999713897705,18.12173843383789
22.0,24.0,622.4912,30.100006,23.093912,15.499998092651367,19.093936920166016
22.0,24.0,642.20654,30.400002,23.210106,15.499995231628418,23.351234436035156
22.0,24.0,581.29205,30.5,24.263365,15.499985694885254,19.09156608581543
22.0,24.0,544.69916,30.599998,23.454033,15.49998950958252,19.398033142089844
22.0,24.0,556.5316,30.599998,23.475517,15.499967575073242,21.644245147705078
22.0,24.0,478.76028,30.599998,23.71307,15.499984741210938,19.012283325195312
22.0,24.0,437.60364,30.400002,23.530811,15.499995231628418,19.827428817749023
22.0,24.0,286.2196,30.299995,23.498873,15.499992370605469,22.37593650817871
22.0,24.0,233.8833,30.199997,23.950659,15.499994277954102,24.400848388671875
22.0,24.0,138.58414,30.100006,24.696999,15.499999046325684,22.689855575561523
22.0,24.0,101.16908,29.800003,23.945122,15.499992370605469,18.638357162475586
22.0,24.0,57.915,29.400002,23.132166,15.499967575073242,23.12164306640625
22.0,24.0,42.24,29.400002,23.938866,15.499990463256836,25.33973503112793
22.0,24.0,27.225,27.099998,24.45371,15.499974250793457,18.834407806396484
22.0,24.0,14.19,26.0,22.97091,15.499889373779297,24.035629272460938
22.0,24.0,27.062334,24.899994,24.01118,15.499871253967285,19.03631019592285
22.0,24.0,0.0,24.5,22.760464,15.499969482421875,25.80890655517578
22.0,24.0,0.0,24.099998,24.139885,15.499939918518066,19.663652420043945
22.0,24.0,0.0,23.800003,22.63176,15.499932289123535,20.198331832885742
22.0,24.0,0.0,23.5,22.518627,15.499977111816406,24.37107276916504
22.0,24.0,0.0,23.2,23.628822,15.499984741210938,18.672775268554688
22.0,24.0,0.0,23.0,22.334938,15.499971389770508,21.294126510620117
22.0,24.0,0.0,22.799995,22.663029,15.499667167663574,20.664228439331055
22.0,24.0,0.0,22.7,22.371336,15.465324401855469,25.281444549560547
22.0,24.0,0.0,22.600002,23.520557,15.489437103271484,24.4046630859375
22.0,24.0,0.0,22.5,23.426113,15.499417304992676,20.524242401123047
22.0,24.0,0.0,22.399998,22.215193,15.497081756591797,25.042171478271484
22.0,24.0,0.0,22.3,23.3981,15.499499320983887,23.629606246948242
22.0,24.0,0.0,22.3,23.2089,15.48917293548584,24.99390983581543
22.0,24.0,0.0,22.200005,23.436653,15.499306678771973,22.948009490966797
22.0,24.0,0.0,22.0,23.011719,15.494592666625977,25.364572525024414
22.0,24.0,0.0,21.900002,23.476818,15.499890327453613,24.0822811126709
22.0,24.0,0.0,21.8,23.277678,15.379024505615234,22.542287826538086
22.0,24.0,0.0,21.7,22.844755,15.49815559387207,23.063753128051758
22.0,24.0,16.882246,22.399998,23.033737,15.49828815460205,23.880020141601562
22.0,24.0,44.496414,23.099998,23.198305,15.496539115905762,20.383209228515625
22.0,24.0,19.8,23.899998,22.109886,15.490200996398926,25.574419021606445
22.0,24.0,110.3772,24.700005,23.457264,15.496002197265625,24.19865608215332
22.0,24.0,58.786823,25.800003,23.334496,15.499616622924805,18.90572166442871
22.0,24.0,169.30482,26.900002,22.366451,15.499998092651367,22.096147537231445
22.0,24.0,122.06616,27.799995,23.079044,15.49999713897705,21.259092330932617
22.0,24.0,302.77094,28.699997,22.827326,15.499999046325684,22.866153717041016
22.0,24.0,291.92953,29.299995,23.508518,15.499998092651367,19.433433532714844
22.0,24.0,469.67532,29.899994,22.76304,15.499999046325684,21.359256744384766
22.0,24.0,481.4455,30.299995,23.164518,15.499998092651367,22.429658889770508
22.0,24.0,603.3129,30.700005,23.66279,15.499984741210938,18.161319732666016
22.0,24.0,583.5755,30.900002,23.137474,15.499992370605469,18.197341918945312
22.0,24.0,566.2989,31.099998,23.189743,15.499958038330078,18.108524322509766
22.0,24.0,605.1927,31.199997,23.279844,15.5,18.039817810058594
22.0,24.0,565.295,31.199997,23.347061,15.499939918518066,19.213579177856445
22.0,24.0,571.59265,31.099998,23.430855,15.499968528747559,20.215465545654297
22.0,24.0,273.63785,31.0,23.424313,15.499999046325684,19.733379364013672
22.0,24.0,75.0976,30.800003,23.324284,15.499994277954102,18.577953338623047
22.0,24.0,156.03961,30.700005,23.26046,15.499981880187988,20.588150024414062
22.0,24.0,405.79172,30.299995,23.378658,15.499995231628418,19.854568481445312
22.0,24.0,238.26247,29.899994,23.30406,15.499999046325684,20.492277145385742
22.0,24.0,247.13934,29.5,23.315395,15.499998092651367,18.102012634277344
22.0,24.0,88.10515,29.099998,23.169273,15.499994277954102,23.893085479736328
22.0,24.0,118.65548,28.5,24.298534,15.499799728393555,18.047935485839844
22.0,24.0,52.965,27.799995,22.907602,15.499994277954102,19.371082305908203
22.0,24.0,58.488934,27.799995,22.769117,15.499954223632812,21.71108055114746
22.0,24.0,25.905,25.700005,23.14627,15.499988555908203,20.726242065429688
22.0,24.0,13.695,24.5,22.716,15.499977111816406,23.134193420410156
22.0,24.0,25.749273,23.400002,23.518219,15.499929428100586,18.364736557006836
22.0,24.0,0.0,22.600002,22.428743,15.499923706054688,21.016605377197266
22.0,24.0,0.0,21.8,22.627335,15.499738693237305,21.62163543701172
22.0,24.0,0.0,21.100002,22.750374,15.499836921691895,24.231834411621094
22.0,24.0,0.0,20.5,23.400806,15.499961853027344,19.35284423828125
22.0,24.0,0.0,20.100002,22.115227,15.49979305267334,25.062938690185547
22.0,24.0,0.0,19.700005,23.3769,15.499691009521484,25.604028701782227
22.0,24.0,0.0,19.400002,23.521194,15.499956130981445,18.863895416259766
22.0,24.0,0.0,19.099998,21.965649,15.480194091796875,24.670780181884766
22.0,24.0,0.0,18.899998,23.162287,15.495312690734863,21.2146053314209
22.0,24.0,0.0,18.600002,22.255337,15.490711212158203,20.592573165893555
22.0,24.0,0.0,18.400002,22.04662,15.486037254333496,25.092782974243164
22.0,24.0,0.0,18.099998,23.081106,15.49730396270752,25.419172286987305
22.0,24.0,0.0,17.900002,23.189224,15.492751121520996,25.91607093811035
22.0,24.0,0.0,17.7,23.284538,15.497363090515137,20.87647247314453
22.0,24.0,0.0,17.600002,22.013113,15.484889030456543,24.47517967224121
22.0,24.0,0.0,17.5,22.896755,15.493202209472656,24.877838134765625
22.0,24.0,0.0,17.5,23.005661,15.499652862548828,23.86307144165039
22.0,24.0,0.0,17.600002,22.826479,15.484907150268555,25.443552017211914
22.0,24.0,4.51878,18.600002,23.098448,15.46446418762207,23.30568504333496
22.0,24.0,43.814823,19.599998,22.760513,15.497467994689941,19.19805908203125
22.0,24.0,19.8,20.5,21.632135,15.497063636779785,22.17110252380371
22.0,24.0,111.59226,21.399998,22.463167,15.495985984802246,19.291627883911133
22.0,24.0,57.843975,22.600002,21.628464,15.499639511108398,19.435726165771484
22.0,24.0,169.63168,23.800003,21.887156,15.5,19.471805572509766
22.0,24.0,120.75977,24.700005,21.910873,15.499998092651367,23.19046401977539
22.0,24.0,309.41214,25.599998,23.05045,15.499988555908203,20.167699813842773
22.0,24.0,305.36636,26.099998,22.220259,15.499998092651367,18.53304672241211
22.0,24.0,456.69077,26.699997,22.211666,15.499999046325684,21.38377571105957
22.0,24.0,476.93872,27.200005,22.840054,15.499998092651367,19.506746292114258
22.0,24.0,588.3023,27.600006,22.541702,15.499992370605469,18.201353073120117
22.0,24.0,583.52795,28.0,22.602911,15.499999046325684,19.008907318115234
22.0,24.0,632.80554,28.300003,22.741413,15.5,18.275976181030273
22.0,24.0,641.144,28.5,22.84265,15.499999046325684,23.771278381347656
22.0,24.0,659.56665,28.699997,24.144768,15.49984359741211,19.941396713256836
22.0,24.0,675.1299,28.800003,23.23074,15.499994277954102,23.759578704833984
22.0,24.0,606.82434,28.900002,24.362686,15.499990463256836,20.06328010559082
22.0,24.0,598.43713,28.900002,23.440067,15.499990463256836,18.389007568359375
22.0,24.0,444.01688,28.900002,23.36629,15.499982833862305,22.25591468811035
22.0,24.0,428.89542,28.800003,23.874865,15.499999046325684,22.114633560180664
22.0,24.0,244.46735,28.599998,23.753109,15.499987602233887,20.27739906311035
22.0,24.0,255.83437,28.599998,23.400055,15.499998092651367,20.977846145629883
22.0,24.0,89.68795,28.5,23.36208,15.499983787536621,18.519163131713867
22.0,24.0,119.33099,28.200005,23.193306,15.499995231628418,18.350139617919922
22.0,24.0,54.945,27.900002,22.845581,15.499195098876953,18.425710678100586
22.0,24.0,41.745,27.900002,22.730553,15.49990177154541,23.722890853881836
22.0,24.0,26.895,25.100006,23.809725,15.499960899353027,20.280763626098633
22.0,24.0,13.53,24.099998,22.676315,15.499971389770508,20.51861572265625
22.0,24.0,23.617186,23.0,22.600878,15.499496459960938,24.550443649291992
22.0,24.0,0.0,22.5,23.691488,15.499879837036133,18.338237762451172
22.0,24.0,0.0,22.0,22.356764,15.499998092651367,20.40768051147461
22.0,24.0,0.0,21.599998,22.361666,15.49970817565918,21.655269622802734
22.0,24.0,0.0,21.100002,22.712196,15.499834060668945,21.96643829345703
22.0,24.0,0.0,20.7,22.74287,15.499946594238281,19.017147064208984
22.0,24.0,0.0,20.299995,21.98228,15.499889373779297,24.369508743286133
22.0,24.0,0.0,20.0,23.159224,15.499966621398926,23.252927780151367
22.0,24.0,0.0,19.599998,23.00069,15.488574981689453,22.066526412963867
22.0,24.0,0.0,19.400002,22.582047,15.462742805480957,24.936983108520508
22.0,24.0,0.0,19.099998,23.197401,15.497243881225586,22.29519271850586
22.0,24.0,0.0,18.899998,22.601934,15.496625900268555,24.091651916503906
22.0,24.0,0.0,18.699997,22.996073,15.496354103088379,20.363483428955078
22.0,24.0,0.0,18.5,21.908932,15.498531341552734,24.025861740112305
22.0,24.0,0.0,18.3,22.856531,15.498823165893555,21.483963012695312
22.0,24.0,0.0,18.2,22.2103,15.486841201782227,19.354154586791992
22.0,24.0,0.0,18.099998,21.588879,15.499776840209961,24.00338363647461
22.0,24.0,0.0,18.099998,22.696968,15.499330520629883,21.796401977539062
22.0,24.0,0.0,18.0,22.212797,15.498366355895996,18.7479190826416
22.0,24.0,4.796772,18.699997,21.440477,15.497136116027832,21.773900985717773
22.0,24.0,38.872704,19.400002,22.192652,15.491300582885742,25.04599380493164
22.0,24.0,17.82,20.100002,22.836876,15.497968673706055,19.464384078979492
22.0,24.0,116.81348,20.8,21.534897,15.499818801879883,22.88221549987793
22.0,24.0,68.91114,21.8,22.467012,15.499137878417969,23.173763275146484
22.0,24.0,180.60484,22.900002,22.886862,15.5,20.474714279174805
22.0,24.0,133.10165,24.199997,22.095036,15.49999713897705,25.208751678466797
22.0,24.0,310.42044,25.400002,23.420908,15.5,21.324115753173828
22.0,24.0,300.4455,26.0,22.560528,15.499998092651367,23.56866455078125
22.0,24.0,462.84738,26.599998,23.441587,15.499999046325684,19.327878952026367
22.0,24.0,464.62558,27.0,22.487606,15.499998092651367,19.27245330810547
22.0,24.0,578.9511,27.399994,22.573277,15.499996185302734,20.22685432434082
22.0,24.0,606.10846,27.699997,22.759184,15.499943733215332,19.369853973388672
22.0,24.0,636.65796,28.0,22.821123,15.4999418258667,18.746715545654297
22.0,24.0,631.0392,28.200005,22.906485,15.49999713897705,20.221660614013672
22.0,24.0,645.8412,28.400002,23.069683,15.499980926513672,18.15074920654297
22.0,24.0,679.9961,28.5,23.112482,15.499996185302734,19.754749298095703
22.0,24.0,612.2346,28.599998,23.214996,15.499979019165039,18.66913604736328
22.0,24.0,590.5593,28.599998,23.250896,15.499992370605469,23.29189682006836
22.0,24.0,442.55072,28.599998,24.219543,15.499967575073242,18.156723022460938
22.0,24.0,431.12717,28.5,23.373676,15.49999713897705,18.903762817382812
22.0,24.0,249.42644,28.400002,23.279137,15.5,21.434701919555664
22.0,24.0,258.73935,28.300003,23.462685,15.499977111816406,18.847755432128906
22.0,24.0,131.75554,28.200005,23.191116,15.499975204467773,18.4178524017334
22.0,24.0,107.619545,28.0,23.099714,15.499999046325684,18.987592697143555
22.0,24.0,56.76,27.799995,22.780144,15.499922752380371,24.353328704833984
22.0,24.0,54.530632,27.799995,23.977127,15.49990177154541,18.138961791992188
22.0,24.0,25.905,25.5,22.697834,15.498708724975586,20.322978973388672
22.0,24.0,13.53,24.700005,22.624687,15.499687194824219,24.848196029663086
22.0,24.0,22.70474,23.800003,23.824856,15.499992370605469,20.069538116455078
22.0,24.0,0.0,23.3,22.494297,15.499953269958496,18.051746368408203
22.0,24.0,0.0,22.799995,22.267927,15.499967575073242,21.148845672607422
22.0,24.0,0.0,22.3,22.608223,15.497276306152344,19.38616371154785
22.0,24.0,0.0,21.7,22.127739,15.498737335205078,21.699649810791016
22.0,24.0,0.0,21.199997,22.66537,15.499171257019043,19.701736450195312
22.0,24.0,0.0,20.599998,22.00194,15.499977111816406,22.58380126953125
22.0,24.0,0.0,20.100002,22.818392,15.499996185302734,22.95963478088379
22.0,24.0,0.0,19.599998,22.897263,15.485910415649414,25.16728401184082
22.0,24.0,0.0,19.2,23.270077,15.499078750610352,23.353954315185547
22.0,24.0,0.0,18.800003,22.956194,15.496172904968262,22.66846466064453
22.0,24.0,0.0,18.5,22.742567,15.498851776123047,24.631610870361328
22.0,24.0,0.0,18.2,23.09356,15.490504264831543,24.536460876464844
22.0,24.0,0.0,17.900002,23.080166,15.496726989746094,25.5784854888916
22.0,24.0,0.0,17.7,23.253555,15.499866485595703,24.699840545654297
22.0,24.0,0.0,17.5,23.100262,15.492098808288574,24.519886016845703
22.0,24.0,0.0,17.200005,23.044178,15.497187614440918,25.692989349365234
22.0,24.0,0.0,17.200005,23.236858,15.49376106262207,24.185768127441406
22.0,24.0,0.0,17.099998,22.971027,15.497705459594727,25.327672958374023
22.0,24.0,4.6824913,18.099998,23.152882,15.49459171295166,22.9415340423584
22.0,24.0,41.28987,19.099998,22.752144,15.499385833740234,19.81814956665039
22.0,24.0,18.975,20.0,21.734125,15.499922752380371,20.159448623657227
22.0,24.0,112.44382,20.900002,21.859951,15.499921798706055,24.737018585205078
22.0,24.0,60.39924,21.900002,22.9567,15.498248100280762,18.288660049438477
22.0,24.0,173.50165,23.0,21.935617,15.499987602233887,25.876619338989258
22.0,24.0,124.48079,24.599998,23.485308,15.499990463256836,18.91364288330078
22.0,24.0,309.4706,26.099998,22.158388,15.499992370605469,22.122093200683594
22.0,24.0,299.89648,26.900002,22.976229,15.499992370605469,18.426427841186523
22.0,24.0,477.29028,27.600006,22.360733,15.49999713897705,18.051654815673828
22.0,24.0,492.35776,28.099998,22.426672,15.499978065490723,18.268980026245117
22.0,24.0,613.8542,28.5,22.569666,15.5,23.97528839111328
22.0,24.0,631.9038,28.900002,23.944332,15.5,19.738109588623047
22.0,24.0,691.8626,29.299995,23.008984,15.499998092651367,21.05847930908203
22.0,24.0,700.0012,29.5,23.24364,15.499984741210938,18.841541290283203
22.0,24.0,696.1729,29.800003,23.205528,15.499929428100586,19.081687927246094
22.0,24.0,690.7829,29.899994,23.305431,15.499824523925781,18.0875301361084
22.0,24.0,633.1328,30.100006,23.364899,15.499987602233887,18.365856170654297
22.0,24.0,603.97955,30.100006,23.42686,15.499992370605469,18.18401527404785
22.0,24.0,494.82764,30.199997,23.445934,15.499981880187988,18.236637115478516
22.0,24.0,449.57672,30.100006,23.456173,15.499985694885254,18.047019958496094
22.0,24.0,296.04623,30.0,23.412868,15.499916076660156,22.005449295043945
22.0,24.0,246.9288,29.800003,23.77127,15.5,20.51828384399414
22.0,24.0,138.71687,29.700005,23.406546,15.499998092651367,25.345502853393555
22.0,24.0,105.57248,29.299995,24.74192,15.49992561340332,20.09668731689453
22.0,24.0,56.43,28.900002,23.125648,15.499783515930176,21.94540786743164
22.0,24.0,42.93204,28.900002,23.424004,15.499731063842773,18.705429077148438
22.0,24.0,26.235,26.199997,22.855083,15.499893188476562,18.715072631835938
22.0,24.0,13.2,25.100006,22.701538,15.499994277954102,20.16152000427246
22.0,24.0,21.688835,24.099998,22.649353,15.499938011169434,20.811279296875
22.0,24.0,0.0,23.699997,22.68898,15.499996185302734,25.008258819580078
22.0,24.0,0.0,23.3,23.791073,15.499963760375977,22.68305206298828
22.0,24.0,0.0,23.099998,23.190037,15.499753952026367,22.062255859375
22.0,24.0,0.0,22.799995,22.95602,15.499991416931152,21.205398559570312
22.0,24.0,0.0,22.5,22.613527,15.499942779541016,22.764406204223633
22.0,24.0,0.0,22.3,23.13451,15.4998197555542,20.07257080078125
22.0,24.0,0.0,22.0,22.195591,15.499950408935547,21.1015625
22.0,24.0,0.0,21.7,22.46172,15.413105010986328,25.39531898498535
22.0,24.0,0.0,21.399998,23.446888,15.493444442749023,19.004396438598633
22.0,24.0,0.0,21.199997,21.995886,15.487095832824707,23.51770782470703
22.0,24.0,0.0,20.900002,22.999796,15.490127563476562,22.16582679748535
22.0,24.0,0.0,20.7,22.638319,15.496399879455566,23.062620162963867
22.0,24.0,0.0,20.599998,22.898329,15.49436092376709,24.95090103149414
22.0,24.0,0.0,20.400002,23.23528,15.499000549316406,24.777128219604492
22.0,24.0,0.0,20.2,23.225544,15.496777534484863,25.836652755737305
22.0,24.0,0.0,20.100002,23.418205,15.498313903808594,24.650297164916992
22.0,24.0,0.0,19.8,23.224695,15.490995407104492,22.28499984741211
22.0,24.0,0.0,19.5,22.62782,15.498952865600586,23.7691593170166
22.0,24.0,3.8248522,20.400002,22.985432,15.478967666625977,25.086389541625977
22.0,24.0,22.99058,21.300003,23.248034,15.499656677246094,22.131145477294922
22.0,24.0,43.86345,22.200005,22.581852,15.499159812927246,20.414417266845703
22.0,24.0,112.5972,23.2,22.061577,15.499673843383789,19.53937530517578
22.0,24.0,60.973766,24.099998,21.845245,15.499320983886719,24.64104461669922
22.0,24.0,173.5245,25.0,23.39542,15.499999046325684,21.512651443481445
22.0,24.0,127.07444,26.199997,22.648338,15.499994277954102,24.997900009155273
22.0,24.0,310.64175,27.5,23.702892,15.5,23.677412033081055
22.0,24.0,302.81708,28.0,23.661446,15.5,20.444931030273438
22.0,24.0,470.80853,28.5,22.722868,15.499995231628418,18.291414260864258
22.0,24.0,435.65994,28.699997,22.675394,15.499996185302734,21.99271011352539
22.0,24.0,303.83096,28.900002,23.32291,15.499998092651367,18.85606575012207
22.0,24.0,116.353355,29.099998,22.740908,15.499974250793457,18.68865203857422
22.0,24.0,107.65368,29.299995,22.692528,15.499990463256836,21.792266845703125
22.0,24.0,143.87285,29.599998,23.234098,15.499998092651367,19.0118465423584
22.0,24.0,186.65858,29.899994,22.771183,15.499999046325684,19.020963668823242
22.0,24.0,132.1075,30.100006,22.73966,15.499994277954102,22.484094619750977
22.0,24.0,155.17825,30.299995,23.531082,15.499999046325684,19.63155746459961
22.0,24.0,128.94016,30.199997,22.840244,15.499998092651367,18.580045700073242
22.0,24.0,240.10994,30.199997,22.814024,15.5,20.645719528198242
22.0,24.0,314.46634,30.0,22.9816,15.499981880187988,19.434980392456055
22.0,24.0,261.67755,29.899994,22.905987,15.499998092651367,25.11703109741211
22.0,24.0,266.7558,29.599998,24.338531,15.499994277954102,21.813329696655273
22.0,24.0,94.637115,29.299995,23.297657,15.499993324279785,18.00815200805664
22.0,24.0,143.90018,28.5,22.94545,15.499995231628418,19.188404083251953
22.0,24.0,44.715,27.699997,22.633505,15.499828338623047,18.492408752441406
22.0,24.0,71.07871,27.699997,22.533045,15.499998092651367,20.48395538330078
22.0,24.0,21.615,25.800003,22.58532,15.499649047851562,22.598445892333984
22.0,24.0,11.785479,25.400002,23.273027,15.499929428100586,22.68657112121582
22.0,24.0,18.630035,24.899994,23.230026,15.499985694885254,19.123552322387695
22.0,24.0,0.0,24.700005,22.335117,15.499983787536621,20.631500244140625
22.0,24.0,0.0,24.5,22.453152,15.499993324279785,20.79019546508789
22.0,24.0,0.0,24.299995,22.447016,15.499893188476562,23.040395736694336
22.0,24.0,0.0,24.099998,23.156517,15.499977111816406,24.59736442565918
22.0,24.0,0.0,24.0,23.46426,15.499998092651367,24.750469207763672
22.0,24.0,0.0,24.0,23.517174,15.499969482421875,21.667238235473633
22.0,24.0,0.0,23.899998,22.637379,15.499756813049316,25.910768508911133
22.0,24.0,0.0,23.800003,23.651012,15.497275352478027,20.916271209716797
22.0,24.0,0.0,23.5,22.350304,15.49979305267334,25.876399993896484
22.0,24.0,0.0,23.2,23.58873,15.486475944519043,23.970182418823242
22.0,24.0,0.0,23.0,23.329384,15.499187469482422,23.360137939453125
22.0,24.0,0.0,22.799995,23.20277,15.151060104370117,21.566444396972656
22.0,24.0,0.0,22.399998,22.518501,15.498830795288086,24.462129592895508
22.0,24.0,0.0,22.099998,23.294487,15.494661331176758,23.99227523803711
22.0,24.0,0.0,21.900002,23.246893,15.49425983428955,22.212858200073242
22.0,24.0,0.0,21.7,22.729145,15.499614715576172,21.64301300048828
22.0,24.0,0.0,21.7,22.530582,15.498504638671875,18.77897071838379
22.0,24.0,0.0,21.7,21.867046,15.497862815856934,23.2237548828125
22.0,24.0,1.3512313,22.099998,22.87585,15.499516487121582,21.457901000976562
22.0,24.0,4.9184465,22.600002,22.360622,15.498289108276367,19.044599533081055
22.0,24.0,10.737375,23.099998,21.781878,15.49974250793457,20.21628761291504
22.0,24.0,44.590805,23.699997,21.972382,15.499988555908203,19.111072540283203
22.0,24.0,99.35511,24.099998,21.745346,15.499341011047363,19.063129425048828
22.0,24.0,192.77995,24.5,21.989893,15.499908447265625,22.84537124633789
22.0,24.0,143.66335,25.5,23.033674,15.5,19.952449798583984
22.0,24.0,315.99326,26.5,22.247585,15.5,22.953102111816406
22.0,24.0,315.119,27.300003,23.274364,15.499996185302734,23.923311233520508
22.0,24.0,438.79657,28.200005,23.677643,15.5,18.29660987854004
22.0,24.0,398.66718,28.800003,22.6091,15.499990463256836,21.5157527923584
22.0,24.0,469.28134,29.400002,23.121223,15.499998092651367,18.296049118041992
22.0,24.0,575.0528,29.700005,22.825195,15.499996185302734,21.66805648803711
22.0,24.0,664.58685,30.0,23.390198,15.49999713897705,20.287580490112305
22.0,24.0,630.8205,30.0,23.162802,15.499999046325684,18.853670120239258
22.0,24.0,623.3944,30.0,23.198187,15.499984741210938,19.250869750976562
22.0,24.0,580.6758,29.800003,23.27341,15.49998664855957,22.58926010131836
22.0,24.0,551.25214,29.700005,23.982952,15.499992370605469,22.610443115234375
22.0,24.0,589.4693,29.599998,24.013472,15.499996185302734,18.131799697875977
22.0,24.0,491.91406,29.599998,23.515106,15.499979019165039,20.323171615600586
22.0,24.0,454.0598,29.5,23.544344,15.499959945678711,18.01436424255371
22.0,24.0,297.42566,29.400002,23.450348,15.499998092651367,18.252700805664062
22.0,24.0,255.12576,29.199997,23.3973,15.499993324279785,18.372344970703125
22.0,24.0,137.15045,29.0,23.310995,15.499992370605469,19.733884811401367
22.0,24.0,109.38001,28.599998,23.257355,15.499993324279785,19.79239273071289
22.0,24.0,55.275,28.200005,22.93264,15.49992561340332,18.282936096191406
22.0,24.0,45.114365,28.200005,22.78341,15.499934196472168,19.83463478088379
22.0,24.0,25.575,26.599998,22.720675,15.499945640563965,22.7115478515625
22.0,24.0,12.705,25.900002,23.478943,15.499988555908203,19.577871322631836
22.0,24.0,20.73151,25.100006,22.582483,15.498685836791992,21.000080108642578
22.0,24.0,0.0,24.800003,22.731022,15.499971389770508,20.61869239807129
22.0,24.0,0.0,24.5,22.5275,15.49999713897705,20.511825561523438
22.0,24.0,0.0,24.299995,22.44248,15.499324798583984,21.09705352783203
22.0,24.0,0.0,24.0,22.58751,15.499817848205566,25.42330551147461
22.0,24.0,0.0,23.800003,23.636206,15.499990463256836,20.285615921020508
22.0,24.0,0.0,23.5,22.255333,15.499967575073242,24.573083877563477
22.0,24.0,0.0,23.400002,23.39984,15.499222755432129,19.484094619750977
22.0,24.0,0.0,23.2,22.118643,15.497940063476562,18.79267120361328
22.0,24.0,0.0,23.0,21.965256,15.494961738586426,24.082401275634766
22.0,24.0,0.0,22.799995,23.143372,15.48741340637207,25.174713134765625
22.0,24.0,0.0,22.7,23.405441,15.485754013061523,24.264314651489258
22.0,24.0,0.0,22.5,23.271694,15.482093811035156,21.56370735168457
22.0,24.0,0.0,22.399998,22.48077,15.45845890045166,22.280902862548828
22.0,24.0,0.0,22.200005,22.752354,15.497106552124023,25.750656127929688
22.0,24.0,0.0,22.099998,23.448357,15.497211456298828,24.40876579284668
22.0,24.0,0.0,21.900002,23.262957,15.499868392944336,24.976425170898438
22.0,24.0,0.0,21.900002,23.361732,15.48432731628418,23.713266372680664
22.0,24.0,0.0,21.8,23.147717,15.499884605407715,25.069801330566406
22.0,24.0,3.848181,22.7,23.385109,15.498543739318848,21.200414657592773
22.0,24.0,33.477455,23.5,22.358948,15.497956275939941,24.07366943359375
22.0,24.0,19.65911,24.299995,23.1693,15.496991157531738,21.864973068237305
22.0,24.0,115.714165,25.199997,22.635374,15.499977111816406,19.851940155029297
22.0,24.0,99.981,26.099998,22.067764,15.495674133300781,20.242225646972656
22.0,24.0,129.03152,27.099998,22.37122,15.499999046325684,22.47300910949707
22.0,24.0,192.56343,27.799995,23.178585,15.499979019165039,18.146102905273438
22.0,24.0,311.14,28.400002,22.431238,15.499999046325684,22.142976760864258
22.0,24.0,314.35135,28.900002,23.213165,15.499998092651367,20.91225242614746
22.0,24.0,441.2809,29.299995,22.829544,15.499998092651367,18.58646011352539
22.0,24.0,490.9695,29.700005,22.742493,15.499999046325684,20.89426612854004
22.0,24.0,616.2756,30.0,23.052395,15.499982833862305,19.612953186035156
22.0,24.0,635.4908,30.299995,23.042019,15.499995231628418,19.168811798095703
22.0,24.0,659.68066,30.5,23.142822,15.499898910522461,18.657819747924805
22.0,24.0,657.5872,30.700005,23.237083,15.49999713897705,18.136547088623047
22.0,24.0,487.68695,30.800003,23.268265,15.49999713897705,20.73890495300293
22.0,24.0,555.03357,30.800003,23.434914,15.499998092651367,21.433265686035156
22.0,24.0,573.7483,30.800003,23.614365,15.499987602233887,22.18246841430664
22.0,24.0,596.5309,30.800003,23.938026,15.499982833862305,20.09239387512207
22.0,24.0,497.18585,30.800003,23.621784,15.499995231628418,18.74047088623047
22.0,24.0,453.72314,30.599998,23.588745,15.499998092651367,18.782724380493164
22.0,24.0,251.1007,30.400002,23.523619,15.499998092651367,18.021631240844727
22.0,24.0,259.9128,30.100006,23.474014,15.499998092651367,21.49558448791504
22.0,24.0,88.940765,29.800003,23.572474,15.499998092651367,18.655662536621094
22.0,24.0,113.23109,29.400002,23.333279,15.499998092651367,18.070497512817383
22.0,24.0,51.315,29.0,22.979366,15.49997329711914,18.965423583984375
22.0,24.0,96.71859,29.0,22.895012,15.499883651733398,19.471397399902344
22.0,24.0,17.325,27.300003,22.79192,15.49988842010498,23.127492904663086
22.0,24.0,14.1400585,26.400002,23.687466,15.499982833862305,20.973119735717773
22.0,24.0,15.431927,25.5,22.802195,15.499971389770508,18.449010848999023
22.0,24.0,0.0,25.199997,22.51339,15.499975204467773,18.397666931152344
22.0,24.0,0.0,24.899994,22.39089,15.499614715576172,21.29953956604004
22.0,24.0,0.0,24.599998,22.757477,15.49993896484375,20.039918899536133
22.0,24.0,0.0,24.199997,22.322165,15.497267723083496,23.7064151763916
22.0,24.0,0.0,23.800003,23.341755,15.499990463256836,20.441164016723633
22.0,24.0,0.0,23.400002,22.288177,15.49998664855957,22.134157180786133
22.0,24.0,0.0,22.900002,22.866444,15.499961853027344,19.507854461669922
22.0,24.0,0.0,22.5,22.070906,15.496410369873047,23.475446701049805
22.0,24.0,0.0,22.0,23.077124,15.43115234375,20.406362533569336
22.0,24.0,0.0,21.5,22.091602,15.498841285705566,22.516586303710938
22.0,24.0,0.0,21.0,22.804346,15.468811988830566,25.449237823486328
22.0,24.0,0.0,20.599998,23.354084,15.497576713562012,23.68708610534668
22.0,24.0,0.0,20.2,23.071651,15.486249923706055,23.932634353637695
22.0,24.0,0.0,19.8,23.084656,15.485776901245117,23.88968276977539
22.0,24.0,0.0,19.700005,23.063097,15.499258041381836,23.13080406188965
22.0,24.0,0.0,19.5,22.910107,15.487923622131348,23.757383346557617
22.0,24.0,0.0,19.400002,22.9914,15.499752044677734,18.685436248779297
22.0,24.0,0.0,19.400002,21.761005,15.49991512298584,24.24271011352539
22.0,24.0,2.3801312,20.299995,22.925777,15.494636535644531,25.30965232849121
22.0,24.0,38.488056,21.199997,23.202442,15.497148513793945,21.282581329345703
22.0,24.0,18.645,22.0,22.216295,15.498844146728516,22.812175750732422
22.0,24.0,107.02666,22.799995,22.759876,15.499822616577148,22.024499893188477
22.0,24.0,54.160633,24.0,22.533115,15.498538970947266,19.869041442871094
22.0,24.0,164.77794,25.199997,22.13577,15.49999713897705,19.863706588745117
22.0,24.0,116.49132,26.0,22.149,15.499990463256836,21.14604949951172
22.0,24.0,314.20102,26.900002,22.622051,15.499991416931152,21.432538986206055
22.0,24.0,309.18213,27.399994,22.768463,15.5,18.20684814453125
22.0,24.0,490.59576,27.799995,22.417444,15.49998950958252,22.678443908691406
22.0,24.0,508.50613,28.099998,23.447424,15.499996185302734,20.17475128173828
22.0,24.0,631.58405,28.5,22.809677,15.499998092651367,18.24993133544922
22.0,24.0,651.7486,28.699997,22.841312,15.499995231628418,19.12144660949707
22.0,24.0,713.16425,29.0,22.988663,15.499994277954102,18.75023651123047
22.0,24.0,719.4361,29.099998,23.103355,15.499967575073242,18.13111114501953
22.0,24.0,715.90967,29.199997,23.202282,15.499996185302734,21.67847442626953
22.0,24.0,684.6494,29.199997,23.621582,15.49998950958252,18.56364631652832
22.0,24.0,588.43616,29.199997,23.391224,15.499999046325684,18.453107833862305
22.0,24.0,558.81586,29.099998,23.414467,15.499990463256836,18.847551345825195
22.0,24.0,415.8429,28.900002,23.404333,15.499970436096191,18.40040397644043
22.0,24.0,427.69025,28.699997,23.399342,15.499964714050293,20.31041145324707
22.0,24.0,259.08316,28.400002,23.391695,15.49999713897705,18.419178009033203
22.0,24.0,279.2207,27.900002,23.306221,15.499998092651367,19.61802864074707
22.0,24.0,141.93987,27.399994,23.23627,15.499998092651367,18.94590950012207
22.0,24.0,146.63425,26.599998,23.146198,15.499993324279785,18.274646759033203
22.0,24.0,53.46,25.800003,22.780672,15.49977970123291,18.621660232543945
22.0,24.0,42.82261,25.800003,22.655327,15.49998664855957,23.965219497680664
22.0,24.0,25.245,23.400002,23.765081,15.499911308288574,18.248172760009766
22.0,24.0,12.87,22.3,22.521425,15.49938678741455,23.72626495361328
22.0,24.0,20.084154,21.199997,23.536316,15.499971389770508,19.95965576171875
22.0,24.0,0.0,20.5,22.367691,15.499992370605469,25.684118270874023
22.0,24.0,0.0,19.8,23.699032,15.499994277954102,18.438488006591797
22.0,24.0,0.0,19.2,22.171282,15.499141693115234,25.41996955871582
22.0,24.0,0.0,18.699997,23.484226,15.499895095825195,21.1683292388916
22.0,24.0,0.0,18.2,22.35803,15.49997615814209,19.383953094482422
22.0,24.0,0.0,17.7,21.895706,15.499944686889648,20.498252868652344
22.0,24.0,0.0,17.3,22.06362,15.49960708618164,24.836212158203125
22.0,24.0,0.0,16.900002,23.052036,15.444914817810059,21.898216247558594
22.0,24.0,0.0,16.5,22.362783,15.470834732055664,24.855104446411133
22.0,24.0,0.0,16.100002,22.984514,15.487545013427734,22.664133071899414
22.0,24.0,0.0,15.799999,22.56905,15.498453140258789,24.351274490356445
22.0,24.0,0.0,15.5,22.839573,15.493748664855957,22.334980010986328
22.0,24.0,0.0,15.200001,22.396671,15.499926567077637,22.42509651184082
22.0,24.0,0.0,14.899998,22.407097,15.49376392364502,25.72184181213379
22.0,24.0,0.0,14.699997,22.955463,15.491384506225586,24.133350372314453
22.0,24.0,0.0,14.400002,22.693676,15.498174667358398,24.960412979125977
22.0,24.0,0.0,14.299999,22.80719,15.45374870300293,18.802942276000977
22.0,24.0,0.0,14.099998,21.347404,15.499588012695312,23.74679946899414
22.0,24.0,2.057922,15.100002,22.41234,15.485349655151367,24.040904998779297
22.0,24.0,40.26076,16.100002,22.527378,15.496560096740723,23.42153549194336
22.0,24.0,19.8,17.099998,22.433718,15.498897552490234,21.659412384033203
22.0,24.0,104.98395,18.2,22.041294,15.495753288269043,19.57847785949707
22.0,24.0,50.82,19.599998,21.40987,15.49985408782959,21.47088050842285
22.0,24.0,160.6105,21.100002,22.269785,15.49999713897705,19.80744171142578
22.0,24.0,110.816666,22.099998,21.732819,15.499999046325684,22.928157806396484
22.0,24.0,318.5322,23.099998,22.76079,15.499999046325684,18.837966918945312
22.0,24.0,315.16174,23.800003,21.878763,15.499980926513672,24.46780776977539
22.0,24.0,503.21408,24.5,23.304544,15.499998092651367,21.656139373779297
22.0,24.0,538.7664,25.0,22.748987,15.499998092651367,18.522546768188477
22.0,24.0,650.78656,25.599998,22.381165,15.499992370605469,18.404525756835938
22.0,24.0,682.14856,26.0,22.49233,15.499988555908203,20.112409591674805
22.0,24.0,739.704,26.400002,22.724634,15.499985694885254,20.509992599487305
22.0,24.0,752.99036,26.699997,22.910007,15.499980926513672,18.058399200439453
22.0,24.0,751.4821,27.0,22.92275,15.499999046325684,18.465551376342773
22.0,24.0,743.8894,27.200005,23.033876,15.49996566772461,18.02586555480957
22.0,24.0,684.6825,27.300003,23.110638,15.499950408935547,23.011751174926758
22.0,24.0,655.56464,27.399994,24.073893,15.499999046325684,18.33312225341797
22.0,24.0,538.5319,27.399994,23.316553,15.499999046325684,19.530000686645508
22.0,24.0,479.91965,27.399994,23.306562,15.499999046325684,18.867050170898438
22.0,24.0,331.05325,27.300003,23.251608,15.499999046325684,19.387062072753906
22.0,24.0,262.165,27.099998,23.211113,15.499996185302734,21.57609748840332
22.0,24.0,147.45825,26.900002,23.427214,15.499999046325684,18.937440872192383
22.0,24.0,96.73818,26.699997,23.072384,15.499999046325684,19.864688873291016
22.0,24.0,57.255,26.400002,22.760178,15.499992370605469,22.103200912475586
22.0,24.0,42.57,26.400002,23.273712,15.499992370605469,19.8677978515625
22.0,24.0,26.895,23.099998,22.599457,15.499983787536621,19.869609832763672
22.0,24.0,13.035,21.900002,22.461962,15.499948501586914,24.49720573425293
22.0,24.0,17.908625,20.599998,23.613811,15.499977111816406,20.12883949279785
22.0,24.0,0.0,20.2,22.332327,15.499938011169434,20.687137603759766
22.0,24.0,0.0,19.899998,22.394213,15.499993324279785,18.63573455810547
22.0,24.0,0.0,19.5,22.003021,15.499286651611328,20.214935302734375
22.0,24.0,0.0,19.099998,22.08448,15.499998092651367,21.40660285949707
22.0,24.0,0.0,18.800003,22.400005,15.499671936035156,18.654253005981445
22.0,24.0,0.0,18.400002,21.73088,15.499970436096191,19.99108123779297
22.0,24.0,0.0,18.099998,21.818699,15.49998950958252,19.12973403930664
22.0,24.0,0.0,17.799995,21.56741,15.388011932373047,24.968799591064453
22.0,24.0,0.0,17.5,22.858257,15.48799991607666,24.90829849243164
22.0,24.0,0.0,17.3,22.923092,15.488492012023926,25.390838623046875
22.0,24.0,0.0,17.099998,23.016788,15.481725692749023,24.480554580688477
22.0,24.0,0.0,17.0,22.863745,15.499679565429688,25.677383422851562
22.0,24.0,0.0,16.8,23.068111,15.499417304992676,21.656187057495117
22.0,24.0,0.0,16.7,22.153173,15.499761581420898,25.580894470214844
22.0,24.0,0.0,16.599998,22.967749,15.498064994812012,23.704795837402344
22.0,24.0,0.0,16.5,22.680244,15.499129295349121,24.242389678955078
22.0,24.0,0.0,16.5,22.749014,15.491913795471191,20.221853256225586
22.0,24.0,0.0,16.5,21.651028,15.49301528930664,25.519329071044922
22.0,24.0,2.1628947,17.399998,22.84422,15.499102592468262,25.65083885192871
22.0,24.0,14.589822,18.3,22.971844,15.491262435913086,25.845901489257812
22.0,24.0,42.36108,19.2,23.062542,15.498604774475098,22.636125564575195
22.0,24.0,83.08758,20.0,22.51422,15.498969078063965,20.429264068603516
22.0,24.0,85.45943,21.399998,21.8294,15.499917984008789,21.460716247558594
22.0,24.0,182.10194,22.7,22.448133,15.499990463256836,21.79344367980957
22.0,24.0,195.63922,24.099998,22.590134,15.5,21.846616744995117
22.0,24.0,318.4676,25.599998,22.710648,15.5,21.524280548095703
22.0,24.0,316.23788,26.400002,22.683653,15.49998950958252,23.345199584960938
22.0,24.0,494.7528,27.099998,23.43133,15.499988555908203,22.27265167236328
22.0,24.0,517.504,27.5,23.19149,15.499959945678711,22.827844619750977
22.0,24.0,623.44037,28.0,23.573994,15.499984741210938,19.112098693847656
22.0,24.0,652.257,28.300003,22.885063,15.499917984008789,24.560747146606445
22.0,24.0,720.75244,28.599998,24.311821,15.49998950958252,18.053354263305664
22.0,24.0,730.5127,28.800003,23.238632,15.499918937683105,19.036853790283203
22.0,24.0,700.9075,29.0,23.286419,15.499999046325684,18.157882690429688
22.0,24.0,679.511,29.099998,23.352634,15.499990463256836,18.97161102294922
22.0,24.0,663.111,29.099998,23.431955,15.499940872192383,20.107791900634766
22.0,24.0,630.6267,28.900002,23.518814,15.499993324279785,18.724525451660156
22.0,24.0,507.5733,28.699997,23.493832,15.499933242797852,18.25591278076172
22.0,24.0,444.6991,28.300003,23.475998,15.499999046325684,19.733489990234375
22.0,24.0,278.60315,27.900002,23.433987,15.499998092651367,20.52574348449707
22.0,24.0,286.95633,27.399994,23.428368,15.499995231628418,22.002553939819336
22.0,24.0,124.72742,26.900002,23.683002,15.499999046325684,18.611766815185547
22.0,24.0,175.61946,26.199997,23.243153,15.499990463256836,22.38170623779297
22.0,24.0,87.3068,25.5,23.534885,15.499948501586914,23.40308952331543
22.0,24.0,97.32997,25.5,23.869703,15.499974250793457,23.371810913085938
22.0,24.0,18.072458,24.099998,23.767666,15.499670028686523,23.61319923400879
22.0,24.0,23.850431,23.600002,23.821402,15.49980354309082,24.351520538330078
22.0,24.0,10.809275,23.2,23.95475,15.499677658081055,22.505517959594727
22.0,24.0,0.0,22.900002,23.274422,15.499972343444824,20.967449188232422
22.0,24.0,0.0,22.600002,22.698433,15.499954223632812,20.18402671813965
22.0,24.0,0.0,22.399998,22.442076,15.499876022338867,21.76097297668457
22.0,24.0,0.0,22.200005,22.869759,15.499996185302734,25.302167892456055
22.0,24.0,0.0,22.099998,23.676458,15.499958038330078,19.05745506286621
22.0,24.0,0.0,22.0,22.218903,15.499954223632812,21.039087295532227
22.0,24.0,0.0,22.0,22.481731,15.499794006347656,20.799541473388672
22.0,24.0,0.0,21.900002,22.32972,15.490861892700195,24.969255447387695
22.0,24.0,0.0,21.8,23.351994,15.453091621398926,21.41403579711914
22.0,24.0,0.0,21.8,22.425373,15.489811897277832,25.81038475036621
22.0,24.0,0.0,21.7,23.4594,15.49789047241211,23.828096389770508
22.0,24.0,0.0,21.7,23.173723,15.49890422821045,21.276172637939453
22.0,24.0,0.0,21.7,22.362549,15.492899894714355,25.212684631347656
22.0,24.0,0.0,21.599998,23.313858,15.499593734741211,18.856266021728516
22.0,24.0,0.0,21.5,21.89401,15.493419647216797,24.864622116088867
22.0,24.0,0.0,21.300003,23.160423,15.49864387512207,23.8110408782959
22.0,24.0,0.0,21.0,23.044064,15.49984359741211,25.376203536987305
22.0,24.0,0.0,20.8,23.318535,15.495523452758789,24.16556167602539
22.0,24.0,1.154148,20.900002,23.128958,15.49966049194336,25.540283203125
22.0,24.0,10.738877,21.0,23.373268,15.499802589416504,25.032466888427734
22.0,24.0,41.198082,21.599998,23.327646,15.499898910522461,19.400354385375977
22.0,24.0,82.02745,22.200005,21.93782,15.497777938842773,20.51068687438965
22.0,24.0,108.89547,23.099998,22.148817,15.499883651733398,19.432037353515625
22.0,24.0,171.99156,24.099998,22.128544,15.499996185302734,24.59902000427246
22.0,24.0,123.238075,25.100006,23.443241,15.499998092651367,20.662221908569336
22.0,24.0,321.8903,26.099998,22.444948,15.5,22.671188354492188
22.0,24.0,319.1241,26.900002,23.282352,15.499998092651367,18.08768081665039
22.0,24.0,496.4784,27.699997,22.530361,15.499998092651367,20.06581687927246
22.0,24.0,516.8374,28.099998,22.67443,15.499999046325684,20.858890533447266
22.0,24.0,637.59015,28.599998,22.950897,15.5,18.406919479370117
22.0,24.0,585.3041,28.599998,22.862402,15.499984741210938,22.098417282104492
22.0,24.0,442.82443,28.599998,23.505283,15.499998092651367,18.21173095703125
22.0,24.0,236.37209,28.300003,22.937965,15.49999713897705,22.563199996948242
22.0,24.0,368.65494,28.0,23.714603,15.499996185302734,19.867551803588867
22.0,24.0,569.47925,27.5,23.148811,15.499992370605469,20.266265869140625
22.0,24.0,585.4349,26.900002,23.209236,15.499980926513672,20.637250900268555
22.0,24.0,409.80737,26.300003,23.23199,15.5,18.426349639892578
22.0,24.0,344.55237,25.599998,23.118538,15.49998664855957,19.595216751098633
22.0,24.0,413.73093,25.100006,23.131615,15.499988555908203,18.879840850830078
22.0,24.0,290.66577,24.599998,23.059162,15.5,20.485754013061523
22.0,24.0,276.57025,24.299995,23.084389,15.499992370605469,19.629758834838867
22.0,24.0,165.49544,24.099998,22.952429,15.499996185302734,20.86798858642578
22.0,24.0,158.78868,23.800003,23.007862,15.499992370605469,20.662052154541016
22.0,24.0,91.53341,23.5,22.677721,15.4998779296875,19.675559997558594
22.0,24.0,49.78132,23.5,22.463482,15.49995231628418,20.827205657958984
22.0,24.0,24.255,22.5,22.594816,15.49948501586914,20.46213150024414
22.0,24.0,11.715,22.0,22.388863,15.499990463256836,19.781564712524414
22.0,24.0,15.8998995,21.599998,22.186905,15.499200820922852,24.55301856994629
22.0,24.0,0.0,21.399998,23.365757,15.499861717224121,25.732284545898438
22.0,24.0,0.0,21.100002,23.624132,15.499982833862305,23.34491729736328
22.0,24.0,0.0,21.0,23.197466,15.499792098999023,18.96411895751953
22.0,24.0,0.0,20.8,22.023952,15.49964714050293,20.606563568115234
22.0,24.0,0.0,20.7,22.205223,15.49995231628418,23.39555549621582
22.0,24.0,0.0,20.599998,22.952795,15.49960708618164,23.236665725708008
22.0,24.0,0.0,20.400002,22.945547,15.499954223632812,18.629682540893555
22.0,24.0,0.0,20.299995,21.80465,15.490845680236816,25.48868179321289
22.0,24.0,0.0,20.100002,23.185844,15.498977661132812,24.159381866455078
22.0,24.0,0.0,20.0,23.035482,15.487464904785156,25.07233428955078
22.0,24.0,0.0,19.8,23.191143,15.491860389709473,20.997947692871094
22.0,24.0,0.0,19.700005,22.11921,15.496596336364746,22.95426368713379
22.0,24.0,0.0,19.599998,22.712858,15.488494873046875,24.81977081298828
22.0,24.0,0.0,19.5,23.064352,15.49996566772461,25.5865421295166
22.0,24.0,0.0,19.400002,23.22909,15.49567699432373,20.279855728149414
22.0,24.0,0.0,19.400002,21.843704,15.498653411865234,24.191791534423828
22.0,24.0,0.0,19.400002,22.86383,15.499687194824219,23.23659324645996
22.0,24.0,0.0,19.400002,22.744978,15.461640357971191,22.143709182739258
22.0,24.0,1.1116909,19.5,22.433813,15.4962797164917,25.398162841796875
22.0,24.0,10.745749,19.700005,23.089977,15.497184753417969,21.62521743774414
22.0,24.0,24.690952,20.100002,22.247396,15.499670028686523,25.82111167907715
22.0,24.0,61.403957,20.5,23.173708,15.498010635375977,25.04939842224121
22.0,24.0,65.94662,21.100002,23.139984,15.498777389526367,18.620332717895508
22.0,24.0,46.175568,21.7,21.95797,15.499999046325684,19.475942611694336
22.0,24.0,140.96234,22.5,21.969318,15.499998092651367,23.08640480041504
22.0,24.0,238.04796,23.400002,23.041668,15.499999046325684,21.152109146118164
22.0,24.0,275.25803,24.0,22.495884,15.499999046325684,22.392385482788086
22.0,24.0,250.27443,24.700005,23.02514,15.499992370605469,21.766498565673828
22.0,24.0,339.08286,25.100006,22.855738,15.5,20.453065872192383
22.0,24.0,357.45102,25.599998,22.4994,15.499998092651367,22.485916137695312
22.0,24.0,272.33426,26.0,23.264011,15.5,19.29268455505371
22.0,24.0,605.8867,26.300003,22.624973,15.499946594238281,18.216197967529297
22.0,24.0,465.6886,26.400002,22.62045,15.5,21.08174705505371
22.0,24.0,402.2534,26.5,22.96417,15.499998092651367,21.057022094726562
22.0,24.0,326.70966,26.400002,22.954565,15.499972343444824,20.904253005981445
22.0,24.0,243.30945,26.400002,22.903976,15.499996185302734,18.682666778564453
22.0,24.0,366.0116,26.099998,22.76391,15.5,19.780324935913086
22.0,24.0,446.74655,25.900002,22.838966,15.499999046325684,19.327129364013672
22.0,24.0,469.16147,25.599998,22.859241,15.499956130981445,20.34827995300293
22.0,24.0,277.58862,25.299995,22.89233,15.499944686889648,19.130586624145508
22.0,24.0,287.10938,25.100006,22.81202,15.499999046325684,24.01119613647461
22.0,24.0,115.89138,24.800003,23.962086,15.499981880187988,19.08707046508789
22.0,24.0,117.14684,24.5,22.795208,15.499977111816406,18.901716232299805
22.0,24.0,45.703712,24.099998,22.409534,15.49998950958252,19.457962036132812
22.0,24.0,96.8229,24.099998,22.347027,15.49999713897705,23.342266082763672
22.0,24.0,23.595,22.799995,23.338352,15.49992561340332,19.148326873779297
22.0,24.0,35.631912,22.200005,22.241632,15.499809265136719,18.501365661621094
22.0,24.0,11.68428,21.599998,22.067514,15.499980926513672,18.833984375
22.0,24.0,0.0,21.199997,21.968155,15.49999713897705,23.026714324951172
22.0,24.0,0.0,20.900002,22.937757,15.49995231628418,18.79332733154297
22.0,24.0,0.0,20.599998,21.8777,15.499980926513672,18.347381591796875
22.0,24.0,0.0,20.299995,21.729038,15.499698638916016,22.62669563293457
22.0,24.0,0.0,20.100002,22.654446,15.49950122833252,22.77588653564453
22.0,24.0,0.0,19.899998,22.709911,15.499788284301758,19.087081909179688
22.0,24.0,0.0,19.899998,21.67115,15.499958992004395,19.6562442779541
22.0,24.0,0.0,19.899998,21.668024,15.4954252243042,25.613998413085938
22.0,24.0,0.0,19.8,23.014566,15.425039291381836,23.494380950927734
22.0,24.0,0.0,19.8,22.737503,15.482044219970703,25.75185203552246
22.0,24.0,0.0,19.8,23.139763,15.494447708129883,21.159225463867188
22.0,24.0,0.0,19.899998,22.06072,15.490368843078613,23.100324630737305
22.0,24.0,0.0,19.899998,22.619442,15.495100975036621,23.890348434448242
22.0,24.0,0.0,20.0,22.791496,15.49008560180664,25.047622680664062
22.0,24.0,0.0,19.899998,23.019814,15.49526596069336,23.176912307739258
22.0,24.0,0.0,19.8,22.715263,15.497551918029785,21.091169357299805
22.0,24.0,0.0,19.700005,22.059065,15.49955940246582,24.568485260009766
22.0,24.0,0.0,19.5,22.876934,15.496981620788574,25.55770492553711
22.0,24.0,1.1073661,19.8,23.113884,15.499119758605957,21.14080810546875
22.0,24.0,11.697165,20.100002,22.06092,15.499151229858398,21.85265350341797
22.0,24.0,6.8711405,20.5,22.338116,15.498222351074219,25.4840145111084
22.0,24.0,12.833678,21.0,23.068563,15.49924087524414,19.94480323791504
22.0,24.0,54.88176,21.599998,21.718494,15.499641418457031,18.3812198638916
22.0,24.0,120.32036,22.200005,21.797924,15.499996185302734,21.589324951171875
22.0,24.0,123.89201,22.799995,22.52015,15.499955177307129,21.231508255004883
22.0,24.0,123.936516,23.400002,22.393822,15.499998092651367,25.063623428344727
22.0,24.0,143.85335,23.899998,23.383375,15.499979972839355,19.889951705932617
22.0,24.0,90.79851,24.5,22.112352,15.5,18.598894119262695
22.0,24.0,214.37785,24.800003,22.050648,15.499977111816406,20.76274871826172
22.0,24.0,458.60892,25.100006,22.511578,15.499994277954102,19.542882919311523
22.0,24.0,415.64972,25.199997,22.310127,15.499999046325684,18.079700469970703
22.0,24.0,413.07013,25.299995,22.31641,15.5,21.031770706176758
22.0,24.0,360.39407,25.400002,22.742245,15.499999046325684,19.865327835083008
22.0,24.0,407.50787,25.5,22.524504,15.49998664855957,20.569881439208984
22.0,24.0,510.75592,25.700005,22.71232,15.499992370605469,19.462095260620117
22.0,24.0,599.9325,26.0,22.701813,15.499981880187988,20.19084930419922
22.0,24.0,600.3235,26.099998,22.838764,15.499992370605469,24.013582229614258
22.0,24.0,288.52087,26.300003,23.988241,15.499998092651367,18.68674659729004
22.0,24.0,384.25253,26.199997,22.909365,15.499996185302734,18.49308967590332
22.0,24.0,287.8466,26.099998,22.830257,15.499975204467773,19.014205932617188
22.0,24.0,285.0684,25.599998,22.820816,15.499998092651367,18.373525619506836
22.0,24.0,144.36652,25.100006,22.738613,15.499995231628418,18.737930297851562
22.0,24.0,151.02023,24.299995,22.68708,15.499999046325684,19.629091262817383
22.0,24.0,96.46254,23.5,22.408436,15.499992370605469,19.57084846496582
22.0,24.0,92.42512,23.5,22.316118,15.499897003173828,19.341007232666016
22.0,24.0,23.723604,22.099998,22.198238,15.499998092651367,22.094755172729492
22.0,24.0,15.217719,21.599998,22.871284,15.499969482421875,22.89574432373047
22.0,24.0,4.250721,21.100002,23.075943,15.499996185302734,19.00513458251953
22.0,24.0,0.0,20.599998,22.018839,15.499855995178223,23.514986038208008
22.0,24.0,0.0,20.2,23.027952,15.499961853027344,23.07740020751953
22.0,24.0,0.0,19.8,22.973757,15.499968528747559,22.484912872314453
22.0,24.0,0.0,19.400002,22.743544,15.497295379638672,18.392847061157227
22.0,24.0,0.0,19.0,21.781418,15.499988555908203,18.329532623291016
22.0,24.0,0.0,18.5,21.63735,15.499992370605469,20.817625045776367
22.0,24.0,0.0,18.2,22.04249,15.499975204467773,19.747127532958984
22.0,24.0,0.0,17.799995,21.63332,15.494161605834961,24.381296157836914
22.0,24.0,0.0,17.399998,22.74018,15.49022102355957,21.58207893371582
22.0,24.0,0.0,16.900002,22.11014,15.496400833129883,25.862695693969727
22.0,24.0,0.0,16.7,22.965551,15.451730728149414,21.469173431396484
22.0,24.0,0.0,16.5,22.025368,15.493613243103027,24.350635528564453
22.0,24.0,0.0,16.399998,22.669228,15.499536514282227,21.972021102905273
22.0,24.0,0.0,16.300003,22.17268,15.495404243469238,25.63106918334961
22.0,24.0,0.0,16.399998,22.866919,15.494001388549805,24.26777458190918
22.0,24.0,0.0,16.399998,22.677126,15.499698638916016,21.021507263183594
22.0,24.0,0.0,16.5,21.842125,15.497293472290039,25.672744750976562
22.0,24.0,0.0,16.599998,22.815578,15.4975004196167,24.810096740722656
22.0,24.0,0.0,17.5,22.751686,15.496282577514648,21.614944458007812
22.0,24.0,17.376486,18.5,22.041681,15.499817848205566,23.373886108398438
22.0,24.0,21.962502,19.2,22.475538,15.498785972595215,25.512256622314453
22.0,24.0,24.547016,20.0,22.91042,15.499812126159668,23.42820930480957
22.0,24.0,30.32567,20.8,22.614075,15.497964859008789,24.024194717407227
22.0,24.0,78.67295,21.599998,22.995161,15.499996185302734,24.968795776367188
22.0,24.0,191.2389,22.3,23.296051,15.499998092651367,24.541458129882812
22.0,24.0,313.45822,22.900002,23.383553,15.499999046325684,22.965709686279297
22.0,24.0,330.6577,23.400002,23.16182,15.499968528747559,23.04721450805664
22.0,24.0,401.362,23.800003,23.32023,15.499998092651367,21.25890350341797
22.0,24.0,377.80484,24.099998,22.734623,15.499999046325684,18.110862731933594
22.0,24.0,481.74716,24.5,22.454664,15.499998092651367,23.65416717529297
22.0,24.0,580.7508,24.700005,23.724499,15.499999046325684,18.911718368530273
22.0,24.0,627.52734,24.899994,22.770117,15.499996185302734,18.319730758666992
22.0,24.0,482.65475,25.100006,22.741447,15.5,21.255712509155273
22.0,24.0,425.05286,25.299995,23.093973,15.499992370605469,18.36549949645996
22.0,24.0,297.33862,25.299995,22.776522,15.499999046325684,20.689298629760742
22.0,24.0,231.98077,25.299995,22.881178,15.499996185302734,18.291133880615234
22.0,24.0,171.09221,25.199997,22.698309,15.499990463256836,21.647855758666992
22.0,24.0,145.09769,25.100006,23.144407,15.499998092651367,23.594322204589844
22.0,24.0,134.47958,24.899994,23.818598,15.499996185302734,20.02489471435547
22.0,24.0,223.89612,24.700005,22.780895,15.5,18.547542572021484
22.0,24.0,268.22433,24.599998,22.684767,15.499979019165039,18.911672592163086
22.0,24.0,139.32713,24.5,22.623533,15.499998092651367,18.559803009033203
22.0,24.0,130.03964,24.099998,22.560352,15.499971389770508,22.363534927368164
22.0,24.0,49.995,23.800003,23.084877,15.499979019165039,18.901592254638672
22.0,24.0,72.79324,23.800003,22.248295,15.499980926513672,19.678531646728516
22.0,24.0,11.055,22.399998,22.165539,15.499898910522461,21.65884780883789
22.0,24.0,15.196183,21.7,22.675451,15.499913215637207,24.315563201904297
22.0,24.0,4.238291,21.0,23.2925,15.49998950958252,22.369504928588867
22.0,24.0,0.0,20.7,22.791489,15.4998779296875,21.956876754760742
22.0,24.0,0.0,20.5,22.637821,15.499992370605469,20.883575439453125
22.0,24.0,0.0,20.2,22.235243,15.49998950958252,18.742719650268555
22.0,24.0,0.0,19.899998,21.782072,15.499776840209961,22.649490356445312
22.0,24.0,0.0,19.8,22.681286,15.49940299987793,21.98530387878418
22.0,24.0,0.0,19.599998,22.456459,15.499696731567383,20.314973831176758
22.0,24.0,0.0,19.5,21.883799,15.499271392822266,22.327253341674805
22.0,24.0,0.0,19.3,22.508327,15.49673080444336,25.771148681640625
22.0,24.0,0.0,19.099998,23.143631,15.482467651367188,25.62775421142578
22.0,24.0,0.0,18.899998,23.172344,15.489221572875977,25.326087951660156
22.0,24.0,0.0,18.699997,23.136599,15.471342086791992,25.23358917236328
22.0,24.0,0.0,18.400002,23.1267,15.498114585876465,22.731935501098633
22.0,24.0,0.0,18.0,22.638079,15.46866512298584,25.665279388427734
22.0,24.0,0.0,17.7,23.152613,15.497758865356445,22.93577766418457
22.0,24.0,0.0,17.5,22.69065,15.499835968017578,25.855865478515625
22.0,24.0,0.0,17.3,23.167704,15.477903366088867,25.181732177734375
22.0,24.0,0.0,17.099998,23.076023,15.493329048156738,23.44623374938965
22.0,24.0,0.0,17.0,22.755396,15.498247146606445,21.84388542175293
22.0,24.0,0.0,18.0,22.287477,15.484274864196777,22.49796485900879
22.0,24.0,21.944792,19.0,22.503225,15.499462127685547,23.000661849975586
22.0,24.0,14.520001,20.0,22.60217,15.499626159667969,23.154573440551758
22.0,24.0,112.63916,21.0,22.681137,15.499969482421875,18.8085880279541
22.0,24.0,88.689415,22.099998,21.612782,15.499841690063477,23.750232696533203
22.0,24.0,185.08624,23.3,23.024603,15.499988555908203,19.538440704345703
22.0,24.0,132.1176,24.199997,21.99826,15.499994277954102,20.648113250732422
22.0,24.0,331.8427,25.100006,22.349773,15.5,18.058029174804688
22.0,24.0,333.69058,25.800003,22.09769,15.5,18.49329376220703
22.0,24.0,505.98767,26.5,22.217157,15.499998092651367,22.084978103637695
22.0,24.0,530.8288,27.0,23.11475,15.49999713897705,18.123884201049805
22.0,24.0,651.62085,27.600006,22.565346,15.4999418258667,24.133594512939453
22.0,24.0,676.0614,28.0,23.946465,15.499968528747559,19.25804901123047
22.0,24.0,738.7071,28.400002,22.977264,15.499979972839355,20.614530563354492
22.0,24.0,750.57776,28.800003,23.152248,15.499991416931152,18.026458740234375
22.0,24.0,743.20746,29.099998,23.176325,15.499996185302734,18.229700088500977
22.0,24.0,737.1413,29.299995,23.280285,15.49998664855957,18.08263397216797
22.0,24.0,659.5745,29.5,23.352413,15.5,20.155059814453125
22.0,24.0,630.67584,29.5,23.465036,15.499917984008789,18.33840560913086
22.0,24.0,535.97034,29.5,23.45508,15.499995231628418,20.824241638183594
22.0,24.0,495.92563,29.5,23.559448,15.499991416931152,19.387243270874023
22.0,24.0,344.4848,29.400002,23.470459,15.499979019165039,18.1232967376709
22.0,24.0,286.16827,29.099998,23.406834,15.499993324279785,19.486576080322266
22.0,24.0,146.29623,28.800003,23.340208,15.499999046325684,18.099140167236328
22.0,24.0,106.55173,28.200005,23.232197,15.499987602233887,18.974546432495117
22.0,24.0,54.285,27.699997,22.900478,15.499900817871094,23.623943328857422
22.0,24.0,43.812553,27.699997,23.9351,15.499886512756348,18.201717376708984
22.0,24.0,23.76,25.0,22.77485,15.499777793884277,20.448692321777344
22.0,24.0,10.725,24.099998,22.70515,15.499977111816406,20.902196884155273
22.0,24.0,11.736324,23.2,22.734802,15.499717712402344,18.4130916595459
22.0,24.0,0.0,22.900002,22.372732,15.499881744384766,23.22794532775879
22.0,24.0,0.0,22.5,23.353354,15.499958038330078,21.642589569091797
22.0,24.0,0.0,22.3,22.738514,15.499954223632812,21.593027114868164
22.0,24.0,0.0,22.099998,22.706602,15.499995231628418,22.4064998626709
22.0,24.0,0.0,22.099998,22.95191,15.499914169311523,21.123321533203125
22.0,24.0,0.0,22.0,22.442709,15.499696731567383,19.668201446533203
22.0,24.0,0.0,22.099998,22.029526,15.499988555908203,22.324438095092773
22.0,24.0,0.0,22.200005,22.795513,15.48530101776123,25.425891876220703
22.0,24.0,0.0,22.0,23.403488,15.498950004577637,21.551532745361328
22.0,24.0,0.0,21.8,22.43832,15.49939250946045,25.89249610900879
22.0,24.0,0.0,21.399998,23.436062,15.493191719055176,24.3768253326416
22.0,24.0,0.0,21.0,23.232523,15.499390602111816,25.447643280029297
22.0,24.0,0.0,20.7,23.413122,15.498948097229004,21.529455184936523
22.0,24.0,0.0,20.299995,22.405529,15.498645782470703,25.34561538696289
22.0,24.0,0.0,20.0,23.301046,15.498466491699219,19.70114517211914
22.0,24.0,0.0,19.700005,21.878857,15.498220443725586,25.618602752685547
22.0,24.0,0.0,19.400002,23.230516,15.487855911254883,24.733470916748047
22.0,24.0,0.0,19.099998,23.151371,15.491116523742676,22.187456130981445
22.0,24.0,0.0,20.0,22.537472,15.494978904724121,22.678396224975586
22.0,24.0,26.306534,20.900002,22.730625,15.499919891357422,24.71158790588379
22.0,24.0,15.675,21.8,23.108599,15.499537467956543,25.79507827758789
22.0,24.0,105.73218,22.7,23.38692,15.493090629577637,24.2640323638916
22.0,24.0,55.545963,24.099998,23.181007,15.497318267822266,20.37615394592285
22.0,24.0,167.42569,25.5,22.305313,15.499992370605469,19.069923400878906
22.0,24.0,117.38913,26.199997,22.18067,15.5,19.89251136779785
22.0,24.0,333.74902,27.0,22.32807,15.499999046325684,18.23805809020996
22.0,24.0,338.18045,27.5,22.313465,15.5,22.681446075439453
22.0,24.0,517.11597,27.900002,23.396994,15.499996185302734,20.579463958740234
22.0,24.0,543.25836,28.300003,22.766796,15.499998092651367,19.125707626342773
22.0,24.0,665.51263,28.699997,22.795532,15.499987602233887,21.7329044342041
22.0,24.0,691.7179,28.900002,23.38903,15.499994277954102,18.576404571533203
22.0,24.0,754.3675,29.199997,23.108313,15.49999713897705,21.06155776977539
22.0,24.0,764.8843,29.400002,23.374176,15.499916076660156,19.150854110717773
22.0,24.0,767.63525,29.700005,23.369524,15.499996185302734,18.258098602294922
22.0,24.0,747.5363,29.800003,23.450886,15.499998092651367,18.395484924316406
22.0,24.0,700.8202,29.899994,23.527477,15.49997615814209,18.461929321289062
22.0,24.0,664.61005,29.899994,23.588919,15.499907493591309,18.43008041381836
22.0,24.0,558.5843,29.899994,23.610094,15.499998092651367,20.48115348815918
22.0,24.0,502.667,29.700005,23.671219,15.499748229980469,20.418750762939453
22.0,24.0,351.65015,29.5,23.63417,15.49999713897705,19.87288475036621
22.0,24.0,290.18805,29.199997,23.566036,15.499999046325684,23.41737174987793
22.0,24.0,147.91429,28.900002,24.381905,15.49998664855957,21.39983367919922
22.0,24.0,105.503456,28.099998,23.56435,15.499996185302734,19.093677520751953
22.0,24.0,54.45,27.300003,23.084145,15.49997329711914,20.544795989990234
22.0,24.0,42.998425,27.300003,23.023754,15.499876976013184,23.23166847229004
22.0,24.0,20.625,24.899994,23.833466,15.499961853027344,19.526302337646484
22.0,24.0,10.725,24.299995,22.793213,15.499807357788086,25.409683227539062
22.0,24.0,10.680675,23.600002,24.095455,15.499921798706055,18.695941925048828
22.0,24.0,0.0,23.5,22.628727,15.499994277954102,19.799179077148438
22.0,24.0,0.0,23.400002,22.480127,15.499963760375977,19.314861297607422
22.0,24.0,0.0,23.099998,22.338696,15.499089241027832,25.67620086669922
22.0,24.0,0.0,22.7,23.751698,15.499961853027344,24.081880569458008
22.0,24.0,0.0,22.099998,23.528889,15.499992370605469,22.369247436523438
22.0,24.0,0.0,21.5,22.956812,15.49997329711914,23.446794509887695
22.0,24.0,0.0,20.8,23.282288,15.499839782714844,18.807214736938477
22.0,24.0,0.0,20.100002,22.099125,15.49559211730957,24.792158126831055
22.0,24.0,0.0,19.599998,23.327139,15.413203239440918,25.390161514282227
22.0,24.0,0.0,19.2,23.47116,15.497275352478027,19.320024490356445
22.0,24.0,0.0,18.800003,21.966108,15.498055458068848,25.70233726501465
22.0,24.0,0.0,18.5,23.331776,15.498807907104492,22.532054901123047
22.0,24.0,0.0,18.3,22.70581,15.495927810668945,19.241416931152344
22.0,24.0,0.0,18.2,21.777142,15.498083114624023,24.7624454498291
22.0,24.0,0.0,18.2,23.007607,15.443330764770508,21.806163787841797
22.0,24.0,0.0,18.3,22.333426,15.484875679016113,25.707487106323242
22.0,24.0,0.0,18.400002,23.151875,15.484456062316895,25.808265686035156
22.0,24.0,0.0,18.600002,23.228098,15.499549865722656,21.441377639770508
22.0,24.0,0.0,19.0,22.187492,15.499421119689941,24.839326858520508
22.0,24.0,20.077698,19.5,22.987583,15.499493598937988,22.750429153442383
22.0,24.0,35.112232,20.100002,22.662884,15.498888969421387,23.003379821777344
22.0,24.0,111.730064,20.7,22.73651,15.499330520629883,20.004657745361328
22.0,24.0,59.209503,21.599998,21.785366,15.495966911315918,19.791505813598633
22.0,24.0,173.05428,22.600002,21.996937,15.499999046325684,21.663780212402344
22.0,24.0,146.25194,23.600002,22.610096,15.5,19.024654388427734
22.0,24.0,331.62885,24.700005,22.06868,15.499998092651367,18.94997787475586
22.0,24.0,332.09595,25.400002,22.109003,15.499999046325684,19.305923461914062
22.0,24.0,442.02838,26.099998,22.228088,15.499998092651367,18.946821212768555
22.0,24.0,459.19293,26.599998,22.309523,15.499996185302734,19.37689781188965
22.0,24.0,536.5966,27.200005,22.44694,15.499998092651367,18.489770889282227
22.0,24.0,588.43787,27.600006,22.541468,15.499998092651367,21.240869522094727
22.0,24.0,583.1842,27.900002,23.028477,15.49999713897705,18.602001190185547
22.0,24.0,563.83777,28.099998,22.793486,15.499998092651367,20.597789764404297
22.0,24.0,590.8544,28.200005,22.996086,15.499992370605469,21.426774978637695
22.0,24.0,575.9709,28.300003,23.300785,15.5,18.121248245239258
22.0,24.0,560.43866,28.300003,23.07751,15.499998092651367,18.076908111572266
22.0,24.0,540.36926,28.200005,23.11429,15.499990463256836,18.363508224487305
22.0,24.0,475.04266,28.099998,23.14071,15.499994277954102,18.852500915527344
22.0,24.0,474.8622,27.900002,23.176708,15.499994277954102,20.151531219482422
22.0,24.0,296.30164,27.600006,23.184433,15.499996185302734,20.510461807250977
22.0,24.0,297.81848,27.099998,23.195484,15.499992370605469,20.00827980041504
22.0,24.0,109.13905,26.599998,23.078598,15.499990463256836,22.51393699645996
22.0,24.0,152.41759,25.800003,23.694897,15.499999046325684,18.30340003967285
22.0,24.0,42.405003,24.899994,22.70439,15.49997329711914,20.667102813720703
22.0,24.0,66.037476,24.899994,22.71943,15.499934196472168,21.210220336914062
22.0,24.0,20.460001,22.3,22.815907,15.499942779541016,19.0847225189209
22.0,24.0,9.24,21.300003,22.35741,15.499934196472168,24.824724197387695
22.0,24.0,8.36157,20.2,23.597427,15.499942779541016,19.906930923461914
22.0,24.0,0.0,19.8,22.25354,15.49998664855957,21.607343673706055
22.0,24.0,0.0,19.400002,22.663528,15.499950408935547,19.034278869628906
22.0,24.0,0.0,19.0,21.982525,15.499713897705078,25.612102508544922
22.0,24.0,0.0,18.600002,23.367435,15.499999046325684,22.32883071899414
22.0,24.0,0.0,18.3,22.668125,15.499916076660156,20.39666748046875
22.0,24.0,0.0,18.0,22.00477,15.499890327453613,20.94573211669922
22.0,24.0,0.0,17.7,22.150658,15.499926567077637,18.581647872924805
22.0,24.0,0.0,17.399998,21.597672,15.496966361999512,23.140003204345703
22.0,24.0,0.0,17.099998,22.579613,15.498968124389648,20.90900993347168
22.0,24.0,0.0,16.8,21.936245,15.497467041015625,23.60107421875
22.0,24.0,0.0,16.5,22.592129,15.498886108398438,23.781829833984375
22.0,24.0,0.0,16.199997,22.64056,15.493428230285645,22.947654724121094
22.0,24.0,0.0,16.0,22.47697,15.48742389678955,25.55529022216797
22.0,24.0,0.0,15.700001,22.914268,15.496293067932129,21.894779205322266
22.0,24.0,0.0,15.5,22.141975,15.498077392578125,25.486543655395508
22.0,24.0,0.0,15.300003,22.841507,15.49725341796875,25.83317756652832
22.0,24.0,0.0,15.100002,22.946037,15.499077796936035,21.859426498413086
22.0,24.0,0.0,14.899998,22.095743,15.499675750732422,23.793489456176758
22.0,24.0,0.0,15.599998,22.503466,15.496615409851074,24.860525131225586
22.0,24.0,24.598425,16.399998,22.721634,15.499313354492188,22.894710540771484
22.0,24.0,15.675,17.399998,22.397797,15.499897003173828,22.05035972595215
22.0,24.0,106.28678,18.400002,22.214146,15.496530532836914,19.428518295288086
22.0,24.0,54.928696,19.8,21.420258,15.497620582580566,18.48452377319336
22.0,24.0,168.70172,21.100002,21.573483,15.499950408935547,18.263093948364258
22.0,24.0,120.04722,21.8,21.57584,15.499999046325684,24.3912296295166
22.0,24.0,343.50394,22.600002,23.005472,15.499994277954102,21.60198211669922
22.0,24.0,349.93503,23.099998,22.479374,15.499999046325684,22.452058792114258
22.0,24.0,526.3777,23.699997,22.96453,15.499998092651367,23.264188766479492
22.0,24.0,553.50824,24.199997,23.349737,15.499996185302734,18.252498626708984
22.0,24.0,674.2679,24.700005,22.446888,15.499988555908203,18.621936798095703
22.0,24.0,700.1822,25.100006,22.533413,15.499991416931152,19.18840789794922
22.0,24.0,760.2,25.5,22.688354,15.499996185302734,18.26554298400879
22.0,24.0,748.073,25.700005,22.787544,15.499966621398926,18.072311401367188
22.0,24.0,719.28253,26.0,22.884266,15.499983787536621,19.793270111083984
22.0,24.0,710.6172,26.099998,23.026789,15.499996185302734,18.028118133544922
22.0,24.0,683.73517,26.300003,23.066303,15.499991416931152,18.458019256591797
22.0,24.0,643.32434,26.300003,23.127445,15.499731063842773,19.190818786621094
22.0,24.0,507.217,26.300003,23.15407,15.499994277954102,19.008460998535156
22.0,24.0,436.30453,26.099998,23.146322,15.49998664855957,19.3538818359375
22.0,24.0,301.27744,25.900002,23.106546,15.5,18.257976531982422
22.0,24.0,301.12772,25.599998,23.049076,15.49998664855957,20.825096130371094
22.0,24.0,141.12009,25.299995,23.093632,15.499999046325684,19.458288192749023
22.0,24.0,126.32327,24.599998,22.920921,15.499996185302734,20.65603256225586
22.0,24.0,53.13,24.0,22.697561,15.499903678894043,18.756921768188477
22.0,24.0,50.086433,24.0,22.45328,15.499987602233887,19.522104263305664
22.0,24.0,20.955,21.5,22.352043,15.499978065490723,19.943225860595703
22.0,24.0,10.065,20.5,22.277128,15.498208999633789,19.032133102416992
22.0,24.0,9.3424835,19.400002,22.084265,15.499995231628418,24.069135665893555
22.0,24.0,0.0,19.099998,23.20556,15.499953269958496,23.321571350097656
22.0,24.0,0.0,18.800003,23.091259,15.499778747558594,23.561050415039062
22.0,24.0,0.0,18.600002,23.08753,15.499981880187988,19.03790283203125
22.0,24.0,0.0,18.400002,21.87401,15.499181747436523,19.09994125366211
22.0,24.0,0.0,18.3,21.736498,15.499966621398926,21.98601722717285
22.0,24.0,0.0,18.3,22.467297,15.499939918518066,23.49843978881836
22.0,24.0,0.0,18.2,22.769562,15.499960899353027,25.33323860168457
22.0,24.0,0.0,18.2,23.101397,15.496772766113281,22.56623649597168
22.0,24.0,0.0,18.099998,22.558811,15.498493194580078,25.86671257019043
22.0,24.0,0.0,18.0,23.161695,15.498895645141602,24.126571655273438
22.0,24.0,0.0,17.799995,22.892376,15.497251510620117,23.04718017578125
22.0,24.0,0.0,17.5,22.67289,15.498037338256836,25.084985733032227
22.0,24.0,0.0,17.200005,23.005442,15.498336791992188,25.854122161865234
22.0,24.0,0.0,16.900002,23.159302,15.497722625732422,25.109786987304688
22.0,24.0,0.0,16.399998,23.03578,15.496082305908203,25.821470260620117
22.0,24.0,0.0,16.0,23.149055,15.498714447021484,22.787567138671875
22.0,24.0,0.0,15.599998,22.591555,15.48245906829834,20.90817642211914
22.0,24.0,0.0,15.200001,21.923805,15.499555587768555,22.65972137451172
22.0,24.0,0.0,15.900002,22.403708,15.497343063354492,22.853281021118164
22.0,24.0,21.894938,16.599998,22.4445,15.496135711669922,20.258508682250977
22.0,24.0,14.355,17.600002,21.645992,15.498287200927734,25.813190460205078
22.0,24.0,108.48964,18.699997,22.88592,15.499951362609863,23.09392547607422
22.0,24.0,60.892624,20.299995,22.545135,15.499530792236328,18.189178466796875
22.0,24.0,172.89543,21.900002,21.73066,15.499988555908203,21.457704544067383
22.0,24.0,125.104454,22.799995,22.398413,15.499996185302734,23.029638290405273
22.0,24.0,344.53668,23.699997,22.960085,15.499998092651367,21.481853485107422
22.0,24.0,352.79974,24.299995,22.562769,15.499999046325684,21.251754760742188
22.0,24.0,528.6655,24.800003,22.64584,15.499993324279785,20.10979652404785
22.0,24.0,547.99225,25.299995,22.414452,15.499995231628418,24.075288772583008
22.0,24.0,646.8849,25.700005,23.714508,15.499969482421875,21.477720260620117
22.0,24.0,698.31744,26.099998,23.037285,15.499998092651367,18.487077713012695
22.0,24.0,644.165,26.5,22.8064,15.499988555908203,18.626392364501953
22.0,24.0,648.60394,26.699997,22.888016,15.499999046325684,18.34839630126953
22.0,24.0,573.65753,27.0,22.942469,15.499992370605469,18.398414611816406
22.0,24.0,539.62524,27.099998,22.99294,15.499998092651367,18.18234634399414
22.0,24.0,528.9123,27.300003,23.036072,15.5,21.535675048828125
22.0,24.0,471.71243,27.200005,23.403692,15.499998092651367,18.019824981689453
22.0,24.0,349.12924,27.200005,23.08868,15.5,20.43143081665039
22.0,24.0,407.0802,27.0,23.165474,15.499992370605469,22.38926124572754
22.0,24.0,304.59482,26.699997,23.715923,15.499980926513672,18.671009063720703
22.0,24.0,304.3629,26.300003,23.11937,15.499998092651367,23.68808937072754
22.0,24.0,88.37302,25.900002,24.130194,15.499998092651367,19.83401107788086
22.0,24.0,160.49655,25.199997,23.071669,15.499982833862305,19.219472885131836
22.0,24.0,91.84376,24.400002,22.67926,15.499905586242676,18.153335571289062
22.0,24.0,91.98642,24.400002,22.534992,15.499638557434082,19.954145431518555
22.0,24.0,14.85,23.0,22.478764,15.499814987182617,19.246564865112305
22.0,24.0,10.699474,22.600002,22.32054,15.499988555908203,23.69634437561035
22.0,24.0,6.3308687,22.200005,23.377966,15.499746322631836,19.005264282226562
22.0,24.0,0.0,22.0,22.203949,15.499933242797852,20.509679794311523
22.0,24.0,0.0,21.7,22.30068,15.499964714050293,20.637435913085938
22.0,24.0,0.0,21.300003,22.272243,15.499971389770508,21.637531280517578
22.0,24.0,0.0,21.0,22.55537,15.499979019165039,19.604360580444336
22.0,24.0,0.0,20.5,21.907856,15.499971389770508,21.710668563842773
22.0,24.0,0.0,20.100002,22.487469,15.499772071838379,20.42202377319336
22.0,24.0,0.0,19.700005,21.983374,15.499380111694336,20.064041137695312
22.0,24.0,0.0,19.3,21.844131,15.498761177062988,22.024158477783203
22.0,24.0,0.0,19.099998,22.43476,15.465606689453125,25.02163314819336
22.0,24.0,0.0,18.800003,23.005056,15.49532699584961,25.765972137451172
22.0,24.0,0.0,18.5,23.17912,15.485876083374023,20.631298065185547
22.0,24.0,0.0,18.099998,21.888954,15.498496055603027,24.240320205688477
22.0,24.0,0.0,17.900002,22.794994,15.49921989440918,25.755725860595703
22.0,24.0,0.0,17.600002,23.1098,15.499750137329102,22.97165870666504
22.0,24.0,0.0,17.399998,22.63414,15.471359252929688,19.25235939025879
22.0,24.0,0.0,17.099998,21.52909,15.499184608459473,24.127521514892578
22.0,24.0,0.0,16.8,22.653976,15.497404098510742,23.584619522094727
22.0,24.0,0.0,16.5,22.604383,15.499190330505371,22.097412109375
22.0,24.0,0.0,16.7,22.24972,15.497030258178711,24.850364685058594
22.0,24.0,11.68948,16.900002,22.776882,15.452123641967773,18.2220458984375
22.0,24.0,36.693047,17.7,21.379942,15.499398231506348,23.299715042114258
22.0,24.0,73.10195,18.600002,22.429993,15.489212036132812,23.49994468688965
22.0,24.0,95.63859,19.700005,22.558998,15.499702453613281,23.039525985717773
22.0,24.0,161.16447,20.900002,22.78976,15.499995231628418,20.783390045166016
22.0,24.0,50.942562,22.7,22.105005,15.499994277954102,19.840444564819336
22.0,24.0,94.20933,24.400002,21.88911,15.49999713897705,24.02586555480957
22.0,24.0,133.54599,25.100006,23.068245,15.499987602233887,19.632389068603516
22.0,24.0,122.07264,25.800003,22.003586,15.499999046325684,20.529348373413086
22.0,24.0,110.36537,25.800003,22.253561,15.499999046325684,20.70035171508789
22.0,24.0,99.82813,25.900002,22.323778,15.49999713897705,20.370494842529297
22.0,24.0,84.07911,25.800003,22.23399,15.499999046325684,24.298494338989258
22.0,24.0,91.025665,25.800003,23.349136,15.499996185302734,19.0805606842041
22.0,24.0,91.02207,26.099998,22.189548,15.49999713897705,23.735977172851562
22.0,24.0,86.081955,26.5,23.33015,15.499999046325684,22.48857879638672
22.0,24.0,90.02607,26.5,23.06221,15.499999046325684,20.98811149597168
22.0,24.0,87.00582,26.400002,22.579868,15.499998092651367,19.929967880249023
22.0,24.0,92.915634,26.0,22.350498,15.499987602233887,21.386898040771484
22.0,24.0,74.079285,25.599998,22.7673,15.499996185302734,18.260461807250977
22.0,24.0,59.34453,25.100006,22.267418,15.499998092651367,23.79929542541504
22.0,24.0,57.15969,24.599998,23.431229,15.499999046325684,18.238800048828125
22.0,24.0,64.97075,24.099998,22.303493,15.499996185302734,18.07086181640625
22.0,24.0,79.17401,23.699997,22.208118,15.499991416931152,22.685495376586914
22.0,24.0,46.967426,23.2,23.15102,15.499998092651367,18.462718963623047
22.0,24.0,65.89622,22.7,21.978733,15.499881744384766,21.161039352416992
22.0,24.0,65.89622,22.7,22.404613,15.499700546264648,18.403133392333984
22.0,24.0,8.745,21.7,21.834152,15.49991512298584,20.112934112548828
22.0,24.0,20.79058,21.100002,21.963469,15.499850273132324,19.190799713134766
22.0,24.0,4.1787906,20.599998,21.72055,15.499980926513672,21.390764236450195
22.0,24.0,0.0,20.100002,22.272223,15.49995231628418,21.917543411254883
22.0,24.0,0.0,19.700005,22.389416,15.499967575073242,18.763763427734375
22.0,24.0,0.0,19.400002,21.570217,15.499836921691895,23.924381256103516
22.0,24.0,0.0,19.099998,22.700825,15.49998664855957,18.689559936523438
22.0,24.0,0.0,18.899998,21.505587,15.499957084655762,20.538169860839844
22.0,24.0,0.0,18.699997,21.82629,15.499347686767578,23.952688217163086
22.0,24.0,0.0,18.5,22.610167,15.499870300292969,22.369693756103516
22.0,24.0,0.0,18.3,22.346315,15.486347198486328,25.58932113647461
22.0,24.0,0.0,18.2,22.927923,15.497220993041992,25.767974853515625
22.0,24.0,0.0,18.0,23.01862,15.460760116577148,25.735023498535156
22.0,24.0,0.0,17.900002,23.041744,15.4990234375,24.19244956970215
22.0,24.0,0.0,17.799995,22.788116,15.49437141418457,22.357587814331055
22.0,24.0,0.0,17.7,22.390215,15.499818801879883,20.556333541870117
22.0,24.0,0.0,17.600002,21.79066,15.496936798095703,24.793537139892578
22.0,24.0,0.0,17.600002,22.758295,15.489636421203613,25.495935440063477
22.0,24.0,0.0,17.5,22.945644,15.499940872192383,25.118484497070312
22.0,24.0,0.0,17.5,22.907476,15.488504409790039,24.164527893066406
22.0,24.0,0.0,17.399998,22.745865,15.49819564819336,25.25871467590332
22.0,24.0,0.0,17.5,22.937725,15.499815940856934,22.3006534576416
22.0,24.0,1.98,17.5,22.347351,15.498844146728516,19.134042739868164
22.0,24.0,5.8983874,17.7,21.444473,15.49989128112793,22.55968475341797
22.0,24.0,9.898512,17.799995,22.308084,15.499926567077637,22.380155563354492
22.0,24.0,50.25254,18.099998,22.327343,15.499980926513672,20.279857635498047
22.0,24.0,49.1431,18.400002,21.853472,15.49998664855957,25.61298942565918
22.0,24.0,140.36356,18.699997,23.137138,15.499999046325684,18.49107551574707
22.0,24.0,60.280468,19.099998,21.70091,15.499998092651367,21.988819122314453
22.0,24.0,151.96495,19.400002,22.50973,15.499998092651367,22.500598907470703
22.0,24.0,112.48633,19.700005,22.68634,15.499996185302734,18.344701766967773
22.0,24.0,117.366936,20.0,21.755327,15.499998092651367,25.113086700439453
22.0,24.0,147.07097,20.299995,23.173098,15.499998092651367,20.786579132080078
22.0,24.0,174.45508,20.599998,22.16309,15.499999046325684,23.467670440673828
22.0,24.0,186.44136,20.8,23.013699,15.499999046325684,18.745840072631836
22.0,24.0,260.57568,21.0,21.989704,15.499999046325684,21.99734878540039
22.0,24.0,380.48944,21.100002,22.806805,15.499980926513672,19.797937393188477
22.0,24.0,354.19965,21.5,22.168484,15.499998092651367,19.402952194213867
22.0,24.0,447.893,21.8,22.190336,15.499994277954102,21.203149795532227
22.0,24.0,374.10785,22.099998,22.662802,15.499994277954102,19.00251007080078
22.0,24.0,399.96414,22.5,22.284332,15.49996566772461,18.422164916992188
22.0,24.0,383.99088,22.7,22.281876,15.49997329711914,18.038677215576172
22.0,24.0,311.92502,23.0,22.276918,15.499999046325684,21.311988830566406
22.0,24.0,285.96622,22.900002,22.780403,15.5,18.368375778198242
22.0,24.0,99.54094,22.799995,22.277685,15.499990463256836,20.408599853515625
22.0,24.0,48.90431,22.5,22.391262,15.49999713897705,22.116411209106445
22.0,24.0,80.71258,22.200005,22.75327,15.499879837036133,22.873029708862305
22.0,24.0,47.9173,22.200005,22.981216,15.499938011169434,18.112682342529297
22.0,24.0,22.182323,20.599998,21.904396,15.499944686889648,18.436891555786133
22.0,24.0,17.91375,20.0,21.770107,15.499975204467773,20.73491859436035
22.0,24.0,4.142256,19.3,22.114117,15.499868392944336,21.671432495117188
22.0,24.0,0.0,19.099998,22.356089,15.499940872192383,23.907291412353516
22.0,24.0,0.0,18.899998,22.845951,15.499795913696289,19.344314575195312
22.0,24.0,0.0,18.699997,21.6419,15.499860763549805,25.307418823242188
22.0,24.0,0.0,18.600002,22.971254,15.499998092651367,24.966964721679688
22.0,24.0,0.0,18.400002,22.995918,15.499993324279785,25.31211280822754
22.0,24.0,0.0,18.3,23.06929,15.499987602233887,18.889657974243164
22.0,24.0,0.0,18.099998,21.579578,15.499797821044922,24.672426223754883
22.0,24.0,0.0,18.0,22.809202,15.49361801147461,22.641576766967773
22.0,24.0,0.0,17.900002,22.508436,15.492913246154785,24.71427345275879
22.0,24.0,0.0,17.7,22.851532,15.495795249938965,24.608579635620117
22.0,24.0,0.0,17.600002,22.856146,15.35796070098877,23.645875930786133
22.0,24.0,0.0,17.5,22.679451,15.498868942260742,21.88967514038086
22.0,24.0,0.0,17.399998,22.230381,15.49911880493164,20.411588668823242
22.0,24.0,0.0,17.3,21.741386,15.491947174072266,25.488868713378906
22.0,24.0,0.0,17.200005,22.851944,15.497926712036133,25.18250274658203
22.0,24.0,0.0,17.099998,22.87929,15.499292373657227,23.136878967285156
22.0,24.0,0.0,17.0,22.524076,15.49581527709961,25.86457633972168
22.0,24.0,0.0,16.900002,22.981432,15.498214721679688,22.904434204101562
22.0,24.0,0.0,17.200005,22.495426,15.499287605285645,21.3258113861084
22.0,24.0,2.97,17.600002,21.994995,15.499526023864746,21.61249542236328
22.0,24.0,6.867347,18.0,22.091835,15.496386528015137,21.99637794494629
22.0,24.0,9.894156,18.400002,22.201458,15.490530967712402,19.055307388305664
22.0,24.0,34.15788,18.899998,21.360569,15.498846054077148,18.756153106689453
22.0,24.0,44.26916,19.5,21.518543,15.499999046325684,18.83379364013672
22.0,24.0,75.881935,20.2,21.523775,15.499999046325684,18.2399959564209
22.0,24.0,100.15585,21.0,21.499287,15.5,18.51117515563965
22.0,24.0,46.489075,21.8,21.500776,15.49998664855957,24.28063201904297
22.0,24.0,130.97433,22.5,22.842775,15.499992370605469,21.008024215698242
22.0,24.0,79.07988,23.099998,22.111805,15.499999046325684,19.629981994628906
22.0,24.0,67.32,23.800003,21.77827,15.5,19.817489624023438
22.0,24.0,77.197,24.400002,21.851162,15.499996185302734,20.05953598022461
22.0,24.0,109.767456,25.0,21.959146,15.499999046325684,21.680509567260742
22.0,24.0,225.45277,25.199997,22.564053,15.499994277954102,20.228063583374023
22.0,24.0,208.80821,25.5,22.112228,15.499991416931152,18.23317527770996
22.0,24.0,244.87595,25.400002,21.990423,15.499978065490723,19.576671600341797
22.0,24.0,374.4934,25.400002,22.145107,15.499911308288574,19.11174774169922
22.0,24.0,129.27922,25.199997,22.099226,15.499944686889648,20.902462005615234
22.0,24.0,93.701,25.0,22.473091,15.499995231628418,24.417219161987305
22.0,24.0,87.83262,24.700005,23.432446,15.499995231628418,19.695756912231445
22.0,24.0,125.614494,24.400002,22.259497,15.5,25.58142852783203
22.0,24.0,156.79263,24.0,23.709532,15.499944686889648,19.551834106445312
22.0,24.0,167.31956,23.699997,22.34792,15.499985694885254,18.692472457885742
22.0,24.0,166.89116,23.2,22.250017,15.499971389770508,19.6237735748291
22.0,24.0,74.45519,22.7,22.011534,15.499860763549805,22.032835006713867
22.0,24.0,35.802986,22.7,22.707031,15.499882698059082,18.832149505615234
22.0,24.0,23.382797,21.100002,21.87909,15.49999713897705,23.272729873657227
22.0,24.0,11.429435,20.599998,22.878778,15.499924659729004,19.210193634033203
22.0,24.0,2.078755,20.100002,21.798874,15.499992370605469,22.5972957611084
22.0,24.0,0.0,19.899998,22.65327,15.499982833862305,24.36489486694336
22.0,24.0,0.0,19.599998,22.995087,15.499911308288574,22.62557601928711
22.0,24.0,0.0,19.3,22.649147,15.499983787536621,22.953838348388672
22.0,24.0,0.0,19.0,22.715181,15.499972343444824,19.520877838134766
22.0,24.0,0.0,18.699997,21.670517,15.499746322631836,19.08307647705078
22.0,24.0,0.0,18.5,21.537443,15.49981689453125,19.903209686279297
22.0,24.0,0.0,18.3,21.65404,15.499951362609863,23.735748291015625
22.0,24.0,0.0,18.099998,22.575996,15.497335433959961,22.397106170654297
22.0,24.0,0.0,17.799995,22.362535,15.497636795043945,25.627838134765625
22.0,24.0,0.0,17.5,22.935278,15.467517852783203,25.685266494750977
22.0,24.0,0.0,17.200005,22.995386,15.499458312988281,24.543794631958008
22.0,24.0,0.0,17.0,22.811176,15.496875762939453,19.514780044555664
22.0,24.0,0.0,16.900002,21.485853,15.49618148803711,24.92888641357422
22.0,24.0,0.0,16.900002,22.726568,15.49853801727295,25.238475799560547
22.0,24.0,0.0,16.900002,22.858381,15.481441497802734,23.62272834777832
22.0,24.0,0.0,16.8,22.58624,15.436446189880371,19.991151809692383
22.0,24.0,0.0,16.7,21.532688,15.499266624450684,21.5262393951416
22.0,24.0,0.0,16.599998,22.029533,15.499727249145508,21.533418655395508
22.0,24.0,0.0,17.099998,21.981907,15.498787879943848,22.5838680267334
22.0,24.0,4.921502,17.7,22.238848,15.499910354614258,22.825111389160156
22.0,24.0,14.485191,18.400002,22.30419,15.494579315185547,21.512659072875977
22.0,24.0,28.396845,19.099998,21.97181,15.499151229858398,18.654258728027344
22.0,24.0,63.054455,20.100002,21.281662,15.49865436553955,20.31182289123535
22.0,24.0,121.306244,21.0,21.869713,15.5,25.715980529785156
22.0,24.0,188.18887,21.900002,23.135777,15.5,20.792646408081055
22.0,24.0,268.78253,22.900002,22.107021,15.499995231628418,21.532377243041992
22.0,24.0,312.04156,23.800003,22.502071,15.499999046325684,25.645389556884766
22.0,24.0,330.6348,24.700005,23.527676,15.5,18.127761840820312
22.0,24.0,440.7808,25.299995,22.215046,15.5,19.198734283447266
22.0,24.0,631.0198,26.0,22.333118,15.499985694885254,18.595909118652344
22.0,24.0,644.98444,26.400002,22.44356,15.499960899353027,21.624176025390625
22.0,24.0,642.4353,26.799995,23.110493,15.499996185302734,20.12700080871582
22.0,24.0,559.12506,27.0,22.77628,15.499995231628418,19.727611541748047
22.0,24.0,649.0525,27.200005,22.859539,15.499998092651367,18.152280807495117
22.0,24.0,732.3843,27.300003,22.942356,15.499994277954102,18.28942108154297
22.0,24.0,715.28094,27.399994,23.043772,15.499929428100586,21.595151901245117
22.0,24.0,684.7019,27.399994,23.482874,15.499999046325684,20.825294494628906
22.0,24.0,574.2826,27.399994,23.320982,15.499998092651367,20.368295669555664
22.0,24.0,526.5323,27.300003,23.312485,15.499967575073242,18.097076416015625
22.0,24.0,370.815,27.200005,23.226341,15.499990463256836,24.197479248046875
22.0,24.0,317.0105,27.0,24.45311,15.499982833862305,22.19396209716797
22.0,24.0,146.49165,26.699997,23.61058,15.499963760375977,18.302698135375977
22.0,24.0,110.98174,26.300003,23.143024,15.49991226196289,18.668041229248047
22.0,24.0,51.48,25.800003,22.775692,15.49985122680664,18.217193603515625
22.0,24.0,46.2309,25.800003,22.63915,15.499981880187988,18.216646194458008
22.0,24.0,20.955,22.799995,22.50217,15.499924659729004,20.20069122314453
22.0,24.0,8.58,21.8,22.473047,15.499969482421875,24.712743759155273
22.0,24.0,5.2121115,20.900002,23.630226,15.499920845031738,24.00594711303711
22.0,24.0,0.0,20.5,23.522339,15.4998779296875,21.246238708496094
22.0,24.0,0.0,20.100002,22.551014,15.49998664855957,23.9877872467041
22.0,24.0,0.0,19.8,23.325117,15.49963092803955,18.867055892944336
22.0,24.0,0.0,19.5,22.069122,15.499979019165039,23.270977020263672
22.0,24.0,0.0,19.3,23.017761,15.496270179748535,22.819913864135742
22.0,24.0,0.0,19.0,22.907524,15.499245643615723,22.081268310546875
22.0,24.0,0.0,18.699997,22.606106,15.499691009521484,22.01937484741211
22.0,24.0,0.0,18.400002,22.554548,15.493551254272461,20.120969772338867
22.0,24.0,0.0,18.2,21.875828,15.497662544250488,21.514827728271484
22.0,24.0,0.0,17.900002,22.30272,15.499500274658203,24.427175521850586
22.0,24.0,0.0,17.7,22.910522,15.497818946838379,23.03009796142578
22.0,24.0,0.0,17.5,22.678995,15.497259140014648,25.61224365234375
22.0,24.0,0.0,17.399998,23.109837,15.498818397521973,20.977882385253906
22.0,24.0,0.0,17.200005,21.977844,15.49815559387207,25.21379852294922
22.0,24.0,0.0,17.099998,22.94227,15.499917984008789,22.911508560180664
22.0,24.0,0.0,16.900002,22.57809,15.499547958374023,25.17974281311035
22.0,24.0,0.0,16.8,22.945972,15.49091911315918,25.07743263244629
22.0,24.0,0.0,16.7,22.948612,15.49868392944336,23.457088470458984
22.0,24.0,0.0,17.399998,22.662321,15.49881649017334,25.378604888916016
22.0,24.0,17.245312,18.099998,22.995,15.485584259033203,21.54682159423828
22.0,24.0,12.705,19.2,22.130568,15.499734878540039,25.191186904907227
22.0,24.0,106.029816,20.2,22.973804,15.499887466430664,20.94637107849121
22.0,24.0,63.490837,21.5,21.990938,15.497692108154297,25.28766632080078
22.0,24.0,181.96094,22.799995,23.308796,15.5,18.4979190826416
22.0,24.0,144.31264,24.099998,21.978745,15.499974250793457,23.296306610107422
22.0,24.0,353.4419,25.299995,23.141115,15.499996185302734,20.334457397460938
22.0,24.0,367.7172,25.900002,22.322218,15.499999046325684,19.399349212646484
22.0,24.0,534.4225,26.599998,22.349535,15.49999713897705,18.412160873413086
22.0,24.0,566.57764,27.099998,22.430754,15.499996185302734,21.888511657714844
22.0,24.0,681.60693,27.600006,23.225292,15.499994277954102,18.151798248291016
22.0,24.0,710.9188,27.900002,22.792664,15.499872207641602,19.918439865112305
22.0,24.0,769.9638,28.200005,22.968283,15.499998092651367,18.584854125976562
22.0,24.0,782.67914,28.400002,23.06454,15.499984741210938,18.688392639160156
22.0,24.0,781.1903,28.599998,23.18831,15.499992370605469,18.641386032104492
22.0,24.0,774.124,28.599998,23.297653,15.499983787536621,18.129274368286133
22.0,24.0,709.7196,28.699997,23.37231,15.5,18.042465209960938
22.0,24.0,685.76025,28.599998,23.439259,15.499994277954102,19.093957901000977
22.0,24.0,575.8821,28.5,23.477404,15.499995231628418,18.37392234802246
22.0,24.0,527.93164,28.200005,23.48079,15.499996185302734,19.533935546875
22.0,24.0,371.84018,28.0,23.459265,15.499990463256836,18.349864959716797
22.0,24.0,320.11618,27.600006,23.393784,15.499999046325684,18.91226577758789
22.0,24.0,144.32393,27.200005,23.294592,15.5,22.712194442749023
22.0,24.0,115.54082,26.5,23.92096,15.499992370605469,19.020532608032227
22.0,24.0,49.500004,25.800003,22.924332,15.499992370605469,21.572402954101562
22.0,24.0,53.01786,25.800003,23.174723,15.499993324279785,19.956674575805664
22.0,24.0,18.15,23.5,22.711264,15.49995231628418,23.1112003326416
22.0,24.0,26.02875,22.799995,23.569862,15.499773979187012,18.745359420776367
22.0,24.0,3.1436613,22.099998,22.492502,15.499993324279785,23.69878578186035
22.0,24.0,0.0,21.900002,23.507692,15.49998950958252,21.379169464111328
22.0,24.0,0.0,21.7,22.680588,15.499866485595703,24.379779815673828
22.0,24.0,0.0,21.5,23.509144,15.498438835144043,19.536556243896484
22.0,24.0,0.0,21.399998,22.218773,15.498641967773438,21.297042846679688
22.0,24.0,0.0,21.100002,22.559576,15.499984741210938,24.118335723876953
22.0,24.0,0.0,20.900002,23.257895,15.498862266540527,25.43889617919922
22.0,24.0,0.0,20.599998,23.512814,15.4996919631958,22.518077850341797
22.0,24.0,0.0,20.299995,22.829739,15.49081802368164,19.47471809387207
22.0,24.0,0.0,20.0,21.954386,15.498214721679688,25.809772491455078
22.0,24.0,0.0,19.700005,23.35801,15.48625373840332,25.247779846191406
22.0,24.0,0.0,19.400002,23.338337,15.492961883544922,22.88846778869629
22.0,24.0,0.0,19.0,22.851055,15.498873710632324,25.333572387695312
22.0,24.0,0.0,18.600002,23.286608,15.499051094055176,22.334697723388672
22.0,24.0,0.0,18.3,22.611506,15.499902725219727,24.414209365844727
22.0,24.0,0.0,17.900002,23.05025,15.491476058959961,25.043949127197266
22.0,24.0,0.0,17.600002,23.16674,15.499984741210938,24.395082473754883
22.0,24.0,0.0,17.399998,23.044088,15.47938346862793,25.517414093017578
22.0,24.0,0.0,17.099998,23.21974,15.460586547851562,23.374095916748047
22.0,24.0,0.0,17.799995,22.838015,15.497634887695312,24.529956817626953
22.0,24.0,15.383056,18.600002,23.015728,15.499113082885742,22.763809204101562
22.0,24.0,13.035,19.5,22.68721,15.499502182006836,24.98140525817871
22.0,24.0,106.35156,20.400002,23.12023,15.498905181884766,20.630399703979492
22.0,24.0,102.336784,21.5,22.009773,15.499610900878906,18.769685745239258
22.0,24.0,190.24004,22.5,21.962418,15.5,20.46708869934082
22.0,24.0,149.72824,23.899998,22.247032,15.499967575073242,21.88008689880371
22.0,24.0,351.33,25.299995,22.80943,15.49999713897705,20.672954559326172
22.0,24.0,373.4441,26.099998,22.451757,15.49999713897705,19.799171447753906
22.0,24.0,465.40198,27.0,22.392857,15.5,25.117338180541992
22.0,24.0,579.24567,27.600006,23.912518,15.499998092651367,18.2531681060791
22.0,24.0,695.189,28.200005,22.773993,15.499969482421875,19.24087142944336
22.0,24.0,724.74786,28.699997,22.874645,15.499999046325684,18.277877807617188
22.0,24.0,782.8667,29.199997,23.005524,15.499977111816406,20.100147247314453
22.0,24.0,784.934,29.599998,23.201525,15.49999713897705,18.321516036987305
22.0,24.0,766.2559,29.899994,23.279018,15.499977111816406,19.6886043548584
22.0,24.0,736.2064,30.100006,23.409359,15.499980926513672,21.31305694580078
22.0,24.0,644.28546,30.400002,23.620152,15.499990463256836,18.241289138793945
22.0,24.0,605.36707,30.5,23.540226,15.499996185302734,21.446691513061523
22.0,24.0,497.15363,30.5,23.71798,15.499993324279785,18.878217697143555
22.0,24.0,487.3602,30.5,23.601585,15.499998092651367,19.63904571533203
22.0,24.0,332.7292,30.5,23.575554,15.499998092651367,19.249065399169922
22.0,24.0,317.97925,30.299995,23.540482,15.499998092651367,18.71345329284668
22.0,24.0,102.15275,30.199997,23.429443,15.499998092651367,18.373727798461914
22.0,24.0,120.45487,29.700005,23.350138,15.5,18.587190628051758
22.0,24.0,47.52,29.199997,23.010231,15.499935150146484,19.291786193847656
22.0,24.0,55.80392,29.199997,22.914751,15.499994277954102,21.521562576293945
22.0,24.0,18.48,27.0,23.178026,15.499995231628418,19.860065460205078
22.0,24.0,6.8202095,26.400002,22.751024,15.499972343444824,19.55034828186035
22.0,24.0,3.1933968,25.800003,22.616238,15.499945640563965,21.179603576660156
22.0,24.0,0.0,25.100006,22.83881,15.498910903930664,21.604562759399414
22.0,24.0,0.0,24.299995,22.909645,15.499946594238281,22.386863708496094
22.0,24.0,0.0,23.699997,23.134686,15.49998950958252,20.298015594482422
22.0,24.0,0.0,23.0,22.380598,15.499953269958496,21.446426391601562
22.0,24.0,0.0,22.600002,22.704756,15.499995231628418,20.587526321411133
22.0,24.0,0.0,22.099998,22.33336,15.499971389770508,19.182039260864258
22.0,24.0,0.0,21.900002,22.038612,15.499945640563965,22.266437530517578
22.0,24.0,0.0,21.7,22.810244,15.498270988464355,25.53659439086914
22.0,24.0,0.0,21.5,23.45286,15.4978666305542,21.482521057128906
22.0,24.0,0.0,21.300003,22.429377,15.49779987335205,22.90052032470703
22.0,24.0,0.0,21.199997,22.91405,15.491913795471191,22.453628540039062
22.0,24.0,0.0,21.0,22.748482,15.4982328414917,25.862804412841797
22.0,24.0,0.0,20.900002,23.418427,15.497374534606934,23.5219783782959
22.0,24.0,0.0,20.7,23.046246,15.497652053833008,24.230436325073242
22.0,24.0,0.0,20.5,23.143099,15.49404525756836,25.640104293823242
22.0,24.0,0.0,20.400002,23.398083,15.49637508392334,23.154504776000977
22.0,24.0,0.0,20.2,22.96874,15.477668762207031,25.28230857849121
22.0,24.0,0.0,20.0,23.313004,15.493167877197266,20.16309356689453
22.0,24.0,0.0,20.599998,21.93576,15.496337890625,19.923452377319336
22.0,24.0,10.668667,21.199997,21.873762,15.499701499938965,24.402116775512695
22.0,24.0,20.05687,22.0,22.997147,15.49990463256836,20.481706619262695
22.0,24.0,104.14221,22.900002,21.999065,15.499764442443848,20.797250747680664
22.0,24.0,72.87862,23.800003,22.150269,15.499650001525879,25.211400985717773
22.0,24.0,188.55005,24.800003,23.481438,15.499978065490723,19.71489715576172
22.0,24.0,158.33614,26.400002,22.215122,15.5,20.040544509887695
22.0,24.0,353.05215,28.099998,22.339552,15.499998092651367,19.884965896606445
22.0,24.0,370.9454,29.299995,22.410591,15.499998092651367,18.623016357421875
22.0,24.0,530.2733,30.5,22.492512,15.499998092651367,22.614065170288086
22.0,24.0,565.9869,31.099998,23.528322,15.499980926513672,21.523698806762695
22.0,24.0,678.21204,31.599998,23.22231,15.499923706054688,19.630996704101562
22.0,24.0,709.09503,31.900002,23.092691,15.499990463256836,18.19652557373047
22.0,24.0,766.0717,32.200005,23.213211,15.499992370605469,18.442428588867188
22.0,24.0,782.3666,32.300003,23.361923,15.499999046325684,18.590232849121094
22.0,24.0,785.6158,32.5,23.500679,15.499998092651367,19.28171730041504
22.0,24.0,778.2457,32.4,23.636282,15.499982833862305,18.906269073486328
22.0,24.0,715.1863,32.4,23.719456,15.499942779541016,18.157817840576172
22.0,24.0,689.9822,32.200005,23.789501,15.499995231628418,18.147693634033203
22.0,24.0,563.9189,32.0,23.813627,15.499982833862305,18.58355140686035
22.0,24.0,532.9419,31.699997,23.835007,15.499975204467773,18.779582977294922
22.0,24.0,382.46518,31.400002,23.801125,15.499992370605469,18.119144439697266
22.0,24.0,326.21716,30.900002,23.75004,15.499984741210938,21.497879028320312
22.0,24.0,148.49033,30.400002,23.793377,15.499994277954102,18.02440643310547
22.0,24.0,112.951904,29.700005,23.570232,15.499992370605469,22.45289421081543
22.0,24.0,48.84,28.900002,23.790031,15.499980926513672,20.423778533935547
22.0,24.0,49.525658,28.900002,23.196388,15.499985694885254,18.87904167175293
22.0,24.0,18.645,26.199997,22.989655,15.498353004455566,19.480344772338867
22.0,24.0,6.765,25.400002,22.855518,15.49953842163086,20.595905303955078
22.0,24.0,4.220174,24.5,22.819805,15.499903678894043,20.463367462158203
22.0,24.0,0.0,24.199997,22.691414,15.499909400939941,21.05218505859375
22.0,24.0,0.0,23.899998,22.777948,15.499971389770508,19.200057983398438
22.0,24.0,0.0,23.699997,22.39502,15.499963760375977,18.59893226623535
22.0,24.0,0.0,23.400002,22.254004,15.499991416931152,21.643672943115234
22.0,24.0,0.0,23.2,22.776676,15.498512268066406,19.944049835205078
22.0,24.0,0.0,23.0,22.189919,15.499972343444824,19.604093551635742
22.0,24.0,0.0,22.799995,22.071327,15.499964714050293,23.450531005859375
22.0,24.0,0.0,22.7,23.084084,15.4974946975708,24.70952033996582
22.0,24.0,0.0,22.5,23.354862,15.439558029174805,25.135087966918945
22.0,24.0,0.0,22.3,23.449968,15.499856948852539,25.159469604492188
22.0,24.0,0.0,22.099998,23.472136,15.493587493896484,19.759361267089844
22.0,24.0,0.0,21.900002,22.047667,15.494765281677246,23.27761459350586
22.0,24.0,0.0,21.8,22.988367,15.492670059204102,24.976606369018555
22.0,24.0,0.0,21.599998,23.330574,15.498347282409668,25.401540756225586
22.0,24.0,0.0,21.5,23.433826,15.498724937438965,22.493173599243164
22.0,24.0,0.0,21.300003,22.77411,15.499457359313965,24.317157745361328
22.0,24.0,0.0,21.100002,23.189487,15.498050689697266,22.793222427368164
22.0,24.0,0.0,20.900002,22.870872,15.497980117797852,25.653121948242188
22.0,24.0,0.0,21.300003,23.411526,15.4942045211792,24.75342559814453
22.0,24.0,11.599397,21.599998,23.29942,15.497087478637695,21.8485050201416
22.0,24.0,22.805643,22.399998,22.541636,15.498663902282715,25.305463790893555
22.0,24.0,103.236664,23.099998,23.382843,15.499320983886719,20.60671615600586
22.0,24.0,67.565285,24.099998,22.158886,15.499574661254883,19.0482234954834
22.0,24.0,191.20894,25.100006,22.197123,15.49999713897705,23.855989456176758
22.0,24.0,170.73303,26.599998,23.420109,15.499999046325684,18.746667861938477
22.0,24.0,346.18716,28.0,22.41424,15.5,18.83331298828125
22.0,24.0,381.01068,29.0,22.452887,15.499999046325684,18.076425552368164
22.0,24.0,545.49164,30.100006,22.574602,15.49998950958252,18.530960083007812
22.0,24.0,574.68616,30.599998,22.713776,15.499984741210938,18.335582733154297
22.0,24.0,642.53613,31.099998,22.855804,15.499995231628418,21.290699005126953
22.0,24.0,655.48456,31.400002,23.286541,15.499995231628418,25.13259506225586
22.0,24.0,703.667,31.699997,24.618593,15.499980926513672,18.603878021240234
22.0,24.0,772.15735,31.900002,23.48365,15.499995231628418,18.58291244506836
22.0,24.0,799.14954,32.0,23.553253,15.499998092651367,18.364707946777344
22.0,24.0,790.0526,32.0,23.6654,15.499876976013184,20.118146896362305
22.0,24.0,726.2312,32.0,23.785275,15.499995231628418,18.06500816345215
22.0,24.0,698.9396,31.799995,23.826513,15.499999046325684,19.9583683013916
22.0,24.0,589.74164,31.699997,23.880861,15.499991416931152,18.128005981445312
22.0,24.0,538.64453,31.400002,23.870369,15.499990463256836,18.771997451782227
22.0,24.0,385.721,31.199997,23.833101,15.5,21.307247161865234
22.0,24.0,330.21234,30.800003,23.890724,15.499998092651367,21.324277877807617
22.0,24.0,147.8906,30.5,23.807955,15.49999713897705,18.377111434936523
22.0,24.0,114.90548,29.899994,23.611494,15.499999046325684,18.12420654296875
22.0,24.0,47.19,29.199997,23.239262,15.499988555908203,20.49004364013672
22.0,24.0,52.993584,29.199997,23.181557,15.499948501586914,21.12186622619629
22.0,24.0,17.654999,26.900002,23.161964,15.499982833862305,25.320661544799805
22.0,24.0,6.435,26.300003,24.34811,15.499974250793457,18.778377532958984
22.0,24.0,2.1184604,25.700005,22.899517,15.499991416931152,25.676769256591797
22.0,24.0,0.0,25.5,24.240543,15.499836921691895,25.34215545654297
22.0,24.0,0.0,25.400002,24.228231,15.499692916870117,22.85801887512207
22.0,24.0,0.0,25.199997,23.473581,15.499902725219727,20.818864822387695
22.0,24.0,0.0,25.0,22.74916,15.49997615814209,20.536592483520508
22.0,24.0,0.0,24.800003,22.624222,15.499977111816406,18.320384979248047
22.0,24.0,0.0,24.599998,22.378376,15.49999713897705,20.231468200683594
22.0,24.0,0.0,24.199997,22.397589,15.499993324279785,18.844669342041016
22.0,24.0,0.0,23.899998,22.194954,15.46843147277832,19.25282859802246
22.0,24.0,0.0,23.5,22.115194,15.418121337890625,25.094532012939453
22.0,24.0,0.0,23.2,23.450922,15.481534004211426,25.842529296875
22.0,24.0,0.0,23.0,23.665958,15.498897552490234,19.64065933227539
22.0,24.0,0.0,22.900002,22.126873,15.48332405090332,24.067880630493164
22.0,24.0,0.0,22.799995,23.216713,15.498379707336426,25.306251525878906
22.0,24.0,0.0,22.799995,23.496336,15.499706268310547,22.487579345703125
22.0,24.0,0.0,22.600002,22.845348,15.494369506835938,25.37908172607422
22.0,24.0,0.0,22.5,23.477169,15.499395370483398,22.90788459777832
22.0,24.0,0.0,22.3,22.990734,15.490653991699219,24.239948272705078
22.0,24.0,0.0,22.200005,23.270645,15.497945785522461,24.53512954711914
22.0,24.0,0.0,22.5,23.340149,15.499643325805664,20.977548599243164
22.0,24.0,11.578004,22.799995,22.305244,15.49929428100586,19.14133644104004
22.0,24.0,11.449257,23.400002,21.926792,15.497648239135742,23.254528045654297
22.0,24.0,101.746574,24.099998,22.98197,15.499313354492188,21.374059677124023
22.0,24.0,65.26692,25.199997,22.43256,15.499137878417969,19.68897247314453
22.0,24.0,187.81642,26.199997,22.260365,15.499998092651367,22.072040557861328
22.0,24.0,160.61604,27.200005,22.99843,15.499985694885254,20.656614303588867
22.0,24.0,352.77103,28.099998,22.562832,15.499998092651367,23.678457260131836
22.0,24.0,359.32986,28.900002,23.650833,15.499990463256836,18.923480987548828
22.0,24.0,472.1367,29.599998,22.698582,15.499977111816406,19.382816314697266
22.0,24.0,475.98782,30.199997,22.76469,15.5,21.73207664489746
22.0,24.0,499.93277,30.700005,23.335354,15.499993324279785,25.286636352539062
22.0,24.0,568.8689,31.0,24.486855,15.499996185302734,19.254825592041016
22.0,24.0,586.3125,31.199997,23.275661,15.5,21.600812911987305
22.0,24.0,594.2739,31.300003,23.580948,15.499992370605469,18.052772521972656
22.0,24.0,641.45966,31.300003,23.423752,15.499999046325684,20.576717376708984
22.0,24.0,579.6475,31.099998,23.541225,15.49999713897705,19.580944061279297
22.0,24.0,396.8004,30.900002,23.500507,15.5,18.859621047973633
22.0,24.0,406.71707,30.700005,23.491955,15.499999046325684,21.630794525146484
22.0,24.0,448.2098,30.5,23.724417,15.499974250793457,21.231130599975586
22.0,24.0,462.4417,30.100006,23.674622,15.499979972839355,18.422595977783203
22.0,24.0,326.51495,29.800003,23.530458,15.499983787536621,18.887887954711914
22.0,24.0,311.25873,29.199997,23.489893,15.499991416931152,21.100858688354492
22.0,24.0,117.50789,28.699997,23.499214,15.5,20.94768714904785
22.0,24.0,138.87845,28.0,23.424606,15.49999713897705,18.188310623168945
22.0,24.0,44.55,27.300003,22.972515,15.49991226196289,23.90687370300293
22.0,24.0,76.196785,27.300003,24.073402,15.499974250793457,19.002349853515625
22.0,24.0,12.705,26.099998,22.865171,15.499772071838379,19.062789916992188
22.0,24.0,21.977846,25.800003,22.693535,15.499746322631836,18.866748809814453
22.0,24.0,2.1116877,25.5,22.565048,15.499974250793457,18.85491180419922
22.0,24.0,0.0,25.299995,22.451532,15.499886512756348,19.501596450805664
22.0,24.0,0.0,25.199997,22.37972,15.499956130981445,20.842323303222656
22.0,24.0,0.0,25.0,22.569546,15.499991416931152,19.476287841796875
22.0,24.0,0.0,24.800003,22.238735,15.499993324279785,18.979019165039062
22.0,24.0,0.0,24.700005,22.122995,15.499905586242676,20.11855697631836
22.0,24.0,0.0,24.5,22.174143,15.499363899230957,20.963642120361328
22.0,24.0,0.0,24.400002,22.405027,15.499940872192383,23.218170166015625
22.0,24.0,0.0,24.299995,23.064642,15.481754302978516,23.397048950195312
22.0,24.0,0.0,24.099998,23.133326,15.486262321472168,25.555240631103516
22.0,24.0,0.0,24.0,23.53326,15.495338439941406,25.67662811279297
22.0,24.0,0.0,23.899998,23.605457,15.499603271484375,22.3873291015625
22.0,24.0,0.0,23.800003,22.835348,15.499756813049316,25.135757446289062
22.0,24.0,0.0,23.600002,23.476429,15.495086669921875,22.918886184692383
22.0,24.0,0.0,23.400002,23.036507,15.499855995178223,22.770221710205078
22.0,24.0,0.0,23.3,22.999243,15.498700141906738,25.412080764770508
22.0,24.0,0.0,23.3,23.521511,15.4984130859375,23.158599853515625
22.0,24.0,0.0,23.2,23.115604,15.499663352966309,22.66106414794922
22.0,24.0,0.0,23.099998,22.946653,15.492301940917969,23.007556915283203
22.0,24.0,0.0,23.099998,23.068913,15.499621391296387,19.91317367553711
22.0,24.0,3.9474323,23.099998,22.053541,15.470733642578125,19.907604217529297
22.0,24.0,13.415725,23.3,21.999508,15.498212814331055,20.86534309387207
22.0,24.0,26.367533,23.5,22.272034,15.49864673614502,24.608659744262695
22.0,24.0,66.335815,23.800003,23.205423,15.49970817565918,22.500314712524414
22.0,24.0,83.34548,24.099998,23.009594,15.499990463256836,22.275135040283203
22.0,24.0,192.13138,24.599998,23.003698,15.499961853027344,20.175291061401367
22.0,24.0,349.75577,25.0,22.427488,15.5,20.49587059020996
22.0,24.0,348.1099,25.400002,22.550262,15.499999046325684,20.227144241333008
22.0,24.0,477.5312,25.800003,22.58089,15.49998950958252,24.09514617919922
22.0,24.0,473.03403,26.199997,23.819721,15.499999046325684,21.571571350097656
22.0,24.0,475.3053,26.599998,23.082842,15.5,22.504627227783203
22.0,24.0,655.0224,26.900002,23.614557,15.499858856201172,20.05763816833496
22.0,24.0,662.6647,27.200005,23.076479,15.499996185302734,18.85080909729004
22.0,24.0,666.61127,27.300003,23.104965,15.499926567077637,18.128780364990234
22.0,24.0,590.6865,27.5,23.143303,15.499995231628418,21.864530563354492
22.0,24.0,529.2184,27.5,23.606075,15.499969482421875,18.41781997680664
22.0,24.0,591.77,27.5,23.290081,15.499975204467773,20.63029670715332
22.0,24.0,591.1346,27.300003,23.395855,15.49997615814209,18.22427749633789
22.0,24.0,277.88568,27.099998,23.253723,15.499991416931152,20.483861923217773
22.0,24.0,233.18445,26.900002,23.26036,15.499917984008789,23.45492935180664
22.0,24.0,325.3565,26.699997,24.21507,15.499999046325684,18.119281768798828
22.0,24.0,285.75833,26.5,23.251743,15.499996185302734,21.358482360839844
22.0,24.0,156.75195,26.199997,23.345078,15.49999713897705,18.292774200439453
22.0,24.0,152.771,25.900002,23.068432,15.499956130981445,20.426538467407227
22.0,24.0,57.676018,25.5,22.801193,15.499841690063477,18.876550674438477
22.0,24.0,64.4867,25.5,22.615936,15.499987602233887,19.876300811767578
22.0,24.0,8.085,24.5,22.53966,15.49996566772461,23.74544906616211
22.0,24.0,14.335916,24.099998,23.581223,15.499905586242676,24.317970275878906
22.0,24.0,2.091795,23.699997,23.70603,15.499971389770508,19.022232055664062
22.0,24.0,0.0,23.600002,22.3839,15.499985694885254,23.035053253173828
22.0,24.0,0.0,23.400002,23.283298,15.499947547912598,22.01988983154297
22.0,24.0,0.0,23.400002,22.864115,15.499624252319336,19.52313232421875
22.0,24.0,0.0,23.400002,22.189575,15.499974250793457,20.54962158203125
22.0,24.0,0.0,23.3,22.318024,15.499910354614258,24.138561248779297
22.0,24.0,0.0,23.2,23.266853,15.49989128112793,21.35948944091797
22.0,24.0,0.0,23.0,22.470032,15.499966621398926,23.96766471862793
22.0,24.0,0.0,22.7,23.196232,15.471402168273926,24.988298416137695
22.0,24.0,0.0,22.399998,23.414337,15.48288631439209,22.925487518310547
22.0,24.0,0.0,22.099998,22.988987,15.492108345031738,25.643054962158203
22.0,24.0,0.0,21.900002,23.510489,15.426565170288086,23.936786651611328
22.0,24.0,0.0,21.599998,23.237272,15.499345779418945,24.873741149902344
22.0,24.0,0.0,21.300003,23.385954,15.498382568359375,24.71071434020996
22.0,24.0,0.0,21.0,23.362175,15.498323440551758,21.925434112548828
22.0,24.0,0.0,20.7,22.601887,15.496992111206055,24.190080642700195
22.0,24.0,0.0,20.400002,23.170055,15.493940353393555,23.26128578186035
22.0,24.0,0.0,20.2,23.017466,15.49703311920166,24.42940330505371
22.0,24.0,0.0,20.0,23.197802,15.499441146850586,24.5128231048584
22.0,24.0,0.0,20.0,23.213676,15.499916076660156,21.409183502197266
22.0,24.0,9.70226,20.100002,22.346571,15.496776580810547,19.59129524230957
22.0,24.0,10.395,20.400002,21.827192,15.499950408935547,19.192262649536133
22.0,24.0,102.02972,20.7,21.743965,15.499550819396973,19.531850814819336
22.0,24.0,74.51675,21.300003,21.73878,15.49836540222168,18.92647933959961
22.0,24.0,189.08397,21.900002,21.912327,15.499998092651367,20.70850944519043
22.0,24.0,196.72806,23.099998,22.301676,15.499999046325684,20.159629821777344
22.0,24.0,256.43027,24.299995,22.155869,15.499995231628418,25.397300720214844
22.0,24.0,386.17352,25.199997,23.6021,15.499998092651367,18.159347534179688
22.0,24.0,480.97208,26.199997,22.358133,15.5,21.200672149658203
22.0,24.0,478.21906,26.699997,22.8233,15.499988555908203,18.323535919189453
22.0,24.0,597.3644,27.200005,22.563488,15.499984741210938,20.688833236694336
22.0,24.0,450.02615,27.5,22.794258,15.499995231628418,23.072107315063477
22.0,24.0,486.52356,27.900002,23.729763,15.499998092651367,18.67741584777832
22.0,24.0,682.18915,28.0,22.960194,15.49998664855957,22.235456466674805
22.0,24.0,812.97284,28.200005,23.690905,15.499996185302734,18.086971282958984
22.0,24.0,740.8864,28.300003,23.24292,15.5,20.591611862182617
22.0,24.0,701.26404,28.300003,23.382273,15.499822616577148,22.508956909179688
22.0,24.0,717.9166,28.300003,24.006744,15.49998664855957,18.262287139892578
22.0,24.0,609.084,28.300003,23.509094,15.499984741210938,19.05358123779297
22.0,24.0,553.6009,28.099998,23.507572,15.49998664855957,20.415786743164062
22.0,24.0,402.52853,27.900002,23.519855,15.499998092651367,21.611955642700195
22.0,24.0,346.22107,27.5,23.652172,15.499990463256836,19.329893112182617
22.0,24.0,147.9165,27.200005,23.369473,15.49998664855957,19.306865692138672
22.0,24.0,139.23984,26.699997,23.270271,15.499994277954102,21.121639251708984
22.0,24.0,36.31235,26.199997,23.075024,15.499676704406738,18.95829200744629
22.0,24.0,52.98495,26.199997,22.796824,15.499983787536621,21.52223014831543
22.0,24.0,17.16,24.199997,23.08116,15.499900817871094,20.10768699645996
22.0,24.0,5.775,23.600002,22.623442,15.499924659729004,20.1329402923584
22.0,24.0,2.0822854,23.0,22.50793,15.499970436096191,21.54220962524414
22.0,24.0,0.0,22.7,22.845913,15.499994277954102,24.003446578979492
22.0,24.0,0.0,22.399998,23.502327,15.499971389770508,21.27674102783203
22.0,24.0,0.0,22.099998,22.593288,15.49999713897705,23.022502899169922
22.0,24.0,0.0,21.8,23.197931,15.499849319458008,19.84210968017578
22.0,24.0,0.0,21.7,22.163666,15.499984741210938,21.279369354248047
22.0,24.0,0.0,21.599998,22.513908,15.499866485595703,18.21322250366211
22.0,24.0,0.0,21.5,21.92354,15.499943733215332,22.3834285736084
22.0,24.0,0.0,21.399998,22.764774,15.484469413757324,24.121910095214844
22.0,24.0,0.0,21.300003,23.114908,15.498499870300293,25.982542037963867
22.0,24.0,0.0,21.199997,23.470203,15.491861343383789,22.2479190826416
22.0,24.0,0.0,21.0,22.638966,15.479920387268066,23.327919006347656
22.0,24.0,0.0,20.900002,22.951239,15.472009658813477,24.934541702270508
22.0,24.0,0.0,20.8,23.245533,15.499454498291016,25.611967086791992
22.0,24.0,0.0,20.7,23.391985,15.49204158782959,25.31148910522461
22.0,24.0,0.0,20.5,23.358473,15.496725082397461,23.29404640197754
22.0,24.0,0.0,20.400002,22.999887,15.499613761901855,18.52732276916504
22.0,24.0,0.0,20.100002,21.821638,15.48599910736084,23.014686584472656
22.0,24.0,0.0,19.899998,22.762835,15.49834156036377,23.059972763061523
22.0,24.0,0.0,20.0,22.8026,15.498783111572266,18.424055099487305
22.0,24.0,9.6937895,20.2,21.693047,15.498435020446777,25.063583374023438
22.0,24.0,10.56,21.0,23.031097,15.499125480651855,18.405078887939453
22.0,24.0,100.31344,21.8,21.696194,15.499677658081055,20.377225875854492
22.0,24.0,61.53602,22.799995,21.948393,15.499109268188477,22.537572860717773
22.0,24.0,194.13303,23.899998,22.880333,15.5,23.849328994750977
22.0,24.0,173.13216,25.100006,23.254974,15.499998092651367,23.49203872680664
22.0,24.0,377.3819,26.300003,23.383247,15.499998092651367,18.1309871673584
22.0,24.0,405.558,27.099998,22.375408,15.499999046325684,21.215360641479492
22.0,24.0,566.9651,27.799995,22.887579,15.499992370605469,19.488555908203125
22.0,24.0,609.31635,28.400002,22.673225,15.5,18.87275505065918
22.0,24.0,720.19476,28.900002,22.797556,15.49996280670166,18.28266143798828
22.0,24.0,755.40247,29.400002,22.935303,15.499982833862305,18.3319149017334
22.0,24.0,799.77216,29.800003,23.088434,15.499692916870117,18.261905670166016
22.0,24.0,826.293,30.100006,23.237286,15.499982833862305,18.116247177124023
22.0,24.0,823.03656,30.5,23.373379,15.49992561340332,18.531269073486328
22.0,24.0,810.6346,30.599998,23.499207,15.499984741210938,21.8458251953125
22.0,24.0,752.6731,30.800003,23.880075,15.499987602233887,19.089378356933594
22.0,24.0,723.25684,30.900002,23.724997,15.5,18.122203826904297
22.0,24.0,613.2367,31.0,23.74234,15.499992370605469,18.028066635131836
22.0,24.0,537.99146,30.900002,23.754128,15.499992370605469,19.107349395751953
22.0,24.0,361.98972,30.700005,23.718527,15.499991416931152,21.407039642333984
22.0,24.0,342.32288,30.400002,23.812284,15.49997329711914,21.745933532714844
22.0,24.0,102.057625,30.0,23.784729,15.499985694885254,18.739105224609375
22.0,24.0,143.10475,29.099998,23.52856,15.499994277954102,22.971420288085938
22.0,24.0,43.23,28.200005,23.959988,15.499909400939941,20.21706199645996
22.0,24.0,49.53224,28.200005,23.148392,15.499975204467773,20.93206214904785
22.0,24.0,15.84,25.100006,23.079634,15.499942779541016,18.079925537109375
22.0,24.0,6.8295355,24.299995,22.790688,15.499709129333496,18.097219467163086
22.0,24.0,0.0,23.600002,22.630175,15.499979972839355,19.559106826782227
22.0,24.0,0.0,23.3,22.53192,15.499958038330078,19.399747848510742
22.0,24.0,0.0,22.900002,22.402323,15.499963760375977,18.448095321655273
22.0,24.0,0.0,22.5,22.249334,15.49991226196289,18.77385902404785
22.0,24.0,0.0,22.099998,22.139631,15.499834060668945,24.680530548095703
22.0,24.0,0.0,21.7,23.403244,15.499990463256836,20.79876708984375
22.0,24.0,0.0,21.300003,22.296898,15.499984741210938,21.96144676208496
22.0,24.0,0.0,21.0,22.709394,15.49998950958252,24.033496856689453
22.0,24.0,0.0,20.7,23.177345,15.498757362365723,25.520904541015625
22.0,24.0,0.0,20.400002,23.454924,15.499032974243164,25.373441696166992
22.0,24.0,0.0,20.2,23.444546,15.494661331176758,24.438953399658203
22.0,24.0,0.0,19.899998,23.272923,15.454408645629883,25.678495407104492
22.0,24.0,0.0,19.700005,23.472044,15.499796867370605,22.68294334411621
22.0,24.0,0.0,19.5,22.823154,15.490740776062012,22.132478713989258
22.0,24.0,0.0,19.3,22.628782,15.498577117919922,25.68117904663086
22.0,24.0,0.0,19.099998,23.348969,15.468066215515137,24.255353927612305
22.0,24.0,0.0,19.0,23.12774,15.498982429504395,25.508575439453125
22.0,24.0,0.0,18.800003,23.32933,15.499673843383789,21.80817413330078
22.0,24.0,0.0,18.600002,22.42407,15.493595123291016,25.282398223876953
22.0,24.0,0.0,18.899998,23.19684,15.499019622802734,18.522865295410156
22.0,24.0,7.7936754,19.3,21.73772,15.499711990356445,24.791057586669922
22.0,24.0,14.492538,20.0,23.001663,15.49692440032959,21.72310447692871
22.0,24.0,100.51262,20.7,22.352194,15.49926471710205,19.383638381958008
22.0,24.0,70.2771,21.599998,21.713652,15.49862289428711,19.955259323120117
22.0,24.0,199.39798,22.5,22.055443,15.499994277954102,24.875049591064453
22.0,24.0,196.7607,23.899998,23.354404,15.5,20.580453872680664
22.0,24.0,349.21338,25.400002,22.321388,15.499991416931152,24.317623138427734
22.0,24.0,338.4156,26.5,23.512075,15.499998092651367,18.320884704589844
22.0,24.0,142.81168,27.600006,22.331877,15.5,24.87540054321289
22.0,24.0,186.63857,28.400002,23.72254,15.5,19.82339859008789
22.0,24.0,560.72644,29.199997,22.660305,15.499943733215332,19.705514907836914
22.0,24.0,726.4025,29.700005,22.79712,15.499998092651367,21.286691665649414
22.0,24.0,814.9583,30.299995,23.253595,15.499963760375977,18.231910705566406
22.0,24.0,828.5077,30.599998,23.14715,15.499994277954102,19.12570571899414
22.0,24.0,825.33923,31.0,23.30231,15.499977111816406,19.073326110839844
22.0,24.0,816.0264,31.199997,23.440517,15.499992370605469,21.41929054260254
22.0,24.0,753.21814,31.400002,23.713234,15.49995231628418,18.78192710876465
22.0,24.0,721.6376,31.400002,23.662453,15.499994277954102,18.0372257232666
22.0,24.0,511.5753,31.400002,23.66004,15.499998092651367,18.41790771484375
22.0,24.0,443.2468,31.199997,23.660667,15.499999046325684,22.043045043945312
22.0,24.0,221.18823,31.0,23.919281,15.49998664855957,21.541208267211914
22.0,24.0,222.14505,30.5,23.730335,15.499988555908203,18.745655059814453
22.0,24.0,160.97598,30.100006,23.517187,15.49999713897705,18.512550354003906
22.0,24.0,30.382034,29.199997,23.386574,15.499996185302734,18.980926513671875
22.0,24.0,58.959087,28.300003,23.051495,15.499972343444824,22.38849639892578
22.0,24.0,87.0499,28.300003,23.613749,15.499689102172852,20.00111198425293
22.0,24.0,8.25,25.800003,22.910755,15.499957084655762,22.011564254760742
22.0,24.0,13.034339,25.199997,23.308558,15.499961853027344,21.838760375976562
22.0,24.0,0.0,24.599998,23.142323,15.499947547912598,22.924253463745117
22.0,24.0,0.0,24.199997,23.499655,15.499987602233887,20.344188690185547
22.0,24.0,0.0,23.699997,22.585966,15.49998664855957,21.962392807006836
22.0,24.0,0.0,23.3,23.036404,15.499868392944336,19.807912826538086
22.0,24.0,0.0,22.900002,22.364977,15.499552726745605,19.816211700439453
22.0,24.0,0.0,22.600002,22.253601,15.499991416931152,19.77851676940918
22.0,24.0,0.0,22.200005,22.156822,15.49995231628418,22.433013916015625
22.0,24.0,0.0,21.900002,22.92434,15.499971389770508,22.562429428100586
22.0,24.0,0.0,21.599998,22.903992,15.497241973876953,21.518341064453125
22.0,24.0,0.0,21.300003,22.500057,15.494329452514648,23.136659622192383
22.0,24.0,0.0,21.0,22.984047,15.498652458190918,25.574275970458984
22.0,24.0,0.0,20.8,23.429108,15.476675987243652,19.393495559692383
22.0,24.0,0.0,20.599998,21.92551,15.497810363769531,21.859731674194336
22.0,24.0,0.0,20.400002,22.55118,15.450767517089844,22.216928482055664
22.0,24.0,0.0,20.2,22.602936,15.4971342086792,24.783843994140625
22.0,24.0,0.0,20.100002,23.123253,15.478801727294922,22.680513381958008
22.0,24.0,0.0,19.899998,22.713638,15.499441146850586,22.86084747314453
22.0,24.0,0.0,19.8,22.76326,15.499361038208008,23.4675350189209
22.0,24.0,0.0,19.599998,22.857447,15.494939804077148,23.355403900146484
22.0,24.0,0.0,19.899998,22.833912,15.497234344482422,24.082338333129883
22.0,24.0,6.8269973,20.2,22.961296,15.499921798706055,24.276554107666016
22.0,24.0,11.714909,20.8,23.014523,15.499677658081055,24.11042022705078
22.0,24.0,99.24672,21.399998,23.034868,15.499656677246094,20.397144317626953
22.0,24.0,67.19996,22.200005,21.970806,15.496057510375977,20.552448272705078
22.0,24.0,66.37056,23.099998,22.268518,15.5,21.327714920043945
22.0,24.0,98.49369,24.0,22.528938,15.499999046325684,22.871044158935547
22.0,24.0,175.21332,25.0,23.1011,15.499998092651367,22.621042251586914
22.0,24.0,234.47624,25.900002,23.086353,15.499999046325684,21.18874740600586
22.0,24.0,359.98203,26.799995,22.684593,15.499993324279785,24.196016311645508
22.0,24.0,469.48184,27.300003,23.722702,15.499996185302734,18.95067596435547
22.0,24.0,589.7659,27.799995,22.697197,15.499999046325684,18.65958595275879
22.0,24.0,755.846,28.200005,22.805843,15.49998950958252,18.281957626342773
22.0,24.0,822.3429,28.599998,22.95844,15.499999046325684,18.189563751220703
22.0,24.0,832.73157,28.800003,23.105242,15.49996566772461,18.271818161010742
22.0,24.0,824.5068,29.0,23.240158,15.499992370605469,18.231891632080078
22.0,24.0,815.88654,29.099998,23.361343,15.499995231628418,18.12615394592285
22.0,24.0,758.89294,29.299995,23.453568,15.499983787536621,18.06185531616211
22.0,24.0,729.75885,29.199997,23.531372,15.499980926513672,18.25750160217285
22.0,24.0,622.76556,29.199997,23.568962,15.499994277954102,19.745174407958984
22.0,24.0,572.13965,29.099998,23.617735,15.499953269958496,18.66439437866211
22.0,24.0,420.95517,28.900002,23.571526,15.499999046325684,20.165685653686523
22.0,24.0,359.9172,28.5,23.567343,15.499998092651367,18.666330337524414
22.0,24.0,168.55788,28.099998,23.435692,15.499995231628418,18.751075744628906
22.0,24.0,128.85582,27.300003,23.334606,15.5,20.640518188476562
22.0,24.0,45.54,26.5,23.057306,15.499991416931152,18.294925689697266
22.0,24.0,48.53468,26.5,22.840664,15.499984741210938,19.18187713623047
22.0,24.0,15.51,23.3,22.707922,15.499884605407715,22.57998275756836
22.0,24.0,4.376728,22.600002,23.406548,15.499961853027344,21.87238311767578
22.0,24.0,0.0,21.900002,23.017344,15.499990463256836,18.494483947753906
22.0,24.0,0.0,21.7,22.379309,15.499998092651367,19.69364356994629
22.0,24.0,0.0,21.599998,22.28382,15.499995231628418,20.132152557373047
22.0,24.0,0.0,21.599998,22.24364,15.49998950958252,20.818519592285156
22.0,24.0,0.0,21.599998,22.38697,15.499841690063477,18.22787094116211
22.0,24.0,0.0,21.7,21.949768,15.49970817565918,21.31378173828125
22.0,24.0,0.0,21.8,22.442204,15.499876976013184,23.253541946411133
22.0,24.0,0.0,21.8,22.956028,15.499814987182617,20.6928653717041
22.0,24.0,0.0,21.8,22.12776,15.497961044311523,24.442712783813477
22.0,24.0,0.0,21.599998,23.095474,15.497049331665039,24.637653350830078
22.0,24.0,0.0,21.5,23.18938,15.491473197937012,22.04763412475586
22.0,24.0,0.0,20.900002,22.54411,15.497642517089844,21.244247436523438
22.0,24.0,0.0,20.299995,22.276585,15.49792194366455,25.754323959350586
22.0,24.0,0.0,19.8,23.267126,15.490983963012695,25.68161964416504
22.0,24.0,0.0,19.400002,23.32058,15.499868392944336,22.72909164428711
22.0,24.0,0.0,18.899998,22.722841,15.342977523803711,24.984031677246094
22.0,24.0,0.0,18.400002,23.132889,15.497737884521484,23.42558479309082
22.0,24.0,0.0,18.099998,22.87246,15.497454643249512,22.186748504638672
22.0,24.0,0.0,17.7,22.4952,15.489849090576172,22.279130935668945
22.0,24.0,0.0,18.2,22.514818,15.499458312988281,18.54041862487793
22.0,24.0,6.831144,18.600002,21.576637,15.499920845031738,21.83830451965332
22.0,24.0,9.276376,19.899998,22.31358,15.497809410095215,23.019445419311523
22.0,24.0,98.55159,21.300003,22.618088,15.499198913574219,18.92062759399414
22.0,24.0,65.32222,22.5,21.588266,15.499980926513672,24.376867294311523
22.0,24.0,201.36897,23.699997,23.124266,15.499992370605469,22.703998565673828
22.0,24.0,189.15834,25.299995,22.94106,15.499990463256836,19.42862892150879
22.0,24.0,386.74612,27.0,22.18,15.499996185302734,19.998159408569336
22.0,24.0,418.7485,27.699997,22.329437,15.499998092651367,18.10527801513672
22.0,24.0,567.907,28.5,22.374506,15.499999046325684,22.233524322509766
22.0,24.0,614.7337,29.0,23.31313,15.499990463256836,24.054391860961914
22.0,24.0,721.55963,29.599998,24.041134,15.499946594238281,19.97464370727539
22.0,24.0,760.3306,30.0,23.089054,15.499996185302734,18.743244171142578
22.0,24.0,816.11945,30.400002,23.173744,15.499994277954102,18.28056526184082
22.0,24.0,832.0543,30.700005,23.31327,15.499991416931152,18.059675216674805
22.0,24.0,830.8681,30.900002,23.448462,15.499935150146484,18.017192840576172
22.0,24.0,821.169,31.0,23.5708,15.499563217163086,18.70176124572754
22.0,24.0,762.29987,31.099998,23.669403,15.499992370605469,18.207904815673828
22.0,24.0,730.81287,31.0,23.744507,15.499979972839355,18.491878509521484
22.0,24.0,611.3368,31.0,23.77821,15.499982833862305,18.367347717285156
22.0,24.0,569.8,30.700005,23.798367,15.499979019165039,18.245092391967773
22.0,24.0,417.55118,30.400002,23.763657,15.49999713897705,21.00146484375
22.0,24.0,359.40594,30.0,23.801517,15.499994277954102,19.980880737304688
22.0,24.0,168.68253,29.5,23.660652,15.499999046325684,21.14093780517578
22.0,24.0,136.23798,28.400002,23.640656,15.499995231628418,19.31328773498535
22.0,24.0,43.065,27.300003,23.187912,15.499983787536621,24.622472763061523
22.0,24.0,53.061626,27.300003,24.37714,15.499943733215332,18.241731643676758
22.0,24.0,13.365,24.0,23.017357,15.499985694885254,22.403112411499023
22.0,24.0,5.382231,23.2,23.505344,15.499905586242676,18.276256561279297
22.0,24.0,0.0,22.5,22.706995,15.499391555786133,21.933767318725586
22.0,24.0,0.0,22.099998,23.144146,15.499612808227539,24.237319946289062
22.0,24.0,0.0,21.7,23.743258,15.499959945678711,21.790010452270508
22.0,24.0,0.0,21.300003,22.892025,15.499785423278809,24.238643646240234
22.0,24.0,0.0,21.0,23.586618,15.497381210327148,20.06114387512207
22.0,24.0,0.0,20.7,22.326557,15.499996185302734,24.440425872802734
22.0,24.0,0.0,20.400002,23.437347,15.499980926513672,18.946636199951172
22.0,24.0,0.0,20.2,22.126125,15.499785423278809,18.654529571533203
22.0,24.0,0.0,19.899998,21.949396,15.492378234863281,21.860166549682617
22.0,24.0,0.0,19.8,22.61665,15.499176979064941,25.810779571533203
22.0,24.0,0.0,19.599998,23.401154,15.491745948791504,24.94843864440918
22.0,24.0,0.0,19.5,23.290485,15.499236106872559,25.758949279785156
22.0,24.0,0.0,19.400002,23.426876,15.490825653076172,22.65407371520996
22.0,24.0,0.0,19.400002,22.76448,15.499442100524902,25.2597713470459
22.0,24.0,0.0,19.400002,23.27692,15.499662399291992,23.863901138305664
22.0,24.0,0.0,19.2,23.049479,15.492523193359375,23.42589569091797
22.0,24.0,0.0,19.099998,22.94107,15.49706745147705,23.202959060668945
22.0,24.0,0.0,18.899998,22.872623,15.499544143676758,24.70597267150879
22.0,24.0,0.0,18.699997,23.116037,15.49844741821289,25.46213722229004
22.0,24.0,0.0,18.899998,23.260529,15.496585845947266,20.621902465820312
22.0,24.0,5.864081,19.099998,21.987806,15.498454093933105,20.43655776977539
22.0,24.0,10.388587,20.100002,21.958603,15.498753547668457,20.072669982910156
22.0,24.0,97.78965,21.100002,21.836864,15.497453689575195,22.971115112304688
22.0,24.0,66.503555,22.200005,22.657852,15.499134063720703,19.72188377380371
22.0,24.0,203.74272,23.3,22.005903,15.499993324279785,20.157337188720703
22.0,24.0,194.8408,25.0,22.141762,15.499971389770508,25.566837310791016
22.0,24.0,389.0068,26.699997,23.61531,15.499999046325684,18.823102951049805
22.0,24.0,422.29233,27.300003,22.34538,15.499994277954102,19.268774032592773
22.0,24.0,567.1064,28.0,22.448359,15.499994277954102,24.30848503112793
22.0,24.0,615.48676,28.5,23.86407,15.499998092651367,23.25204849243164
22.0,24.0,700.1759,29.0,23.813473,15.499978065490723,20.27762794494629
22.0,24.0,648.4615,29.400002,23.079554,15.49998950958252,18.64927864074707
22.0,24.0,764.5346,29.700005,23.14588,15.499980926513672,18.047195434570312
22.0,24.0,816.1011,30.0,23.27878,15.499770164489746,19.58698081970215
22.0,24.0,781.0773,30.299995,23.42358,15.499935150146484,18.19911003112793
22.0,24.0,765.81964,30.400002,23.509623,15.499991416931152,18.169292449951172
22.0,24.0,651.0266,30.5,23.566738,15.499957084655762,18.859554290771484
22.0,24.0,652.6668,30.5,23.634789,15.499972343444824,18.144800186157227
22.0,24.0,560.5135,30.400002,23.654198,15.499996185302734,19.983659744262695
22.0,24.0,520.17017,30.299995,23.699173,15.499992370605469,19.41325569152832
22.0,24.0,386.0794,30.199997,23.659845,15.499996185302734,18.272369384765625
22.0,24.0,361.13614,29.899994,23.615112,15.499999046325684,23.340131759643555
22.0,24.0,120.41672,29.599998,24.387857,15.49997329711914,18.508989334106445
22.0,24.0,142.11635,29.199997,23.528807,15.499994277954102,19.995845794677734
22.0,24.0,42.508858,28.800003,23.163944,15.49996566772461,24.347639083862305
22.0,24.0,55.34742,28.800003,24.308556,15.499993324279785,19.240375518798828
22.0,24.0,12.705,26.699997,23.030413,15.49997615814209,19.810321807861328
22.0,24.0,13.149711,25.900002,22.865225,15.499971389770508,19.40631103515625
22.0,24.0,0.0,25.100006,22.71451,15.499979019165039,20.794204711914062
22.0,24.0,0.0,24.400002,22.763683,15.499746322631836,23.575496673583984
22.0,24.0,0.0,23.600002,23.633133,15.499998092651367,18.662168502807617
22.0,24.0,0.0,23.099998,22.454193,15.499046325683594,21.911497116088867
22.0,24.0,0.0,22.600002,22.964437,15.499974250793457,20.90858268737793
22.0,24.0,0.0,22.3,22.51744,15.49975872039795,23.296812057495117
22.0,24.0,0.0,21.900002,23.259953,15.49992561340332,21.10536766052246
22.0,24.0,0.0,21.599998,22.466335,15.499944686889648,25.16539764404297
22.0,24.0,0.0,21.300003,23.485989,15.493865966796875,20.797006607055664
22.0,24.0,0.0,21.0,22.27611,15.4972562789917,25.67816925048828
22.0,24.0,0.0,20.7,23.478302,15.493305206298828,25.33500099182129
22.0,24.0,0.0,20.400002,23.47977,15.457525253295898,25.789859771728516
22.0,24.0,0.0,20.0,23.555698,15.49982738494873,25.45469856262207
22.0,24.0,0.0,19.700005,23.498833,15.49936580657959,25.04105567932129
22.0,24.0,0.0,19.3,23.412037,15.4993896484375,24.841337203979492
22.0,24.0,0.0,19.0,23.355328,15.49504280090332,20.720857620239258
22.0,24.0,0.0,18.699997,22.14933,15.499431610107422,21.66628646850586
22.0,24.0,0.0,18.400002,22.47392,15.494010925292969,19.757856369018555
22.0,24.0,0.0,18.2,21.806042,15.49972915649414,24.079925537109375
22.0,24.0,0.0,18.600002,22.88182,15.49791431427002,24.137027740478516
22.0,24.0,3.9563766,18.899998,22.939827,15.499320983886719,23.650835037231445
22.0,24.0,15.067212,20.100002,22.863537,15.499841690063477,21.63497543334961
22.0,24.0,95.93523,21.300003,22.329466,15.499610900878906,19.13749885559082
22.0,24.0,72.7681,22.3,21.695688,15.499446868896484,22.34178924560547
22.0,24.0,204.99866,23.3,22.837002,15.499992370605469,20.82996368408203
22.0,24.0,201.18547,25.199997,22.350594,15.499988555908203,21.900314331054688
22.0,24.0,384.668,27.099998,22.868975,15.499992370605469,20.7163028717041
22.0,24.0,424.25836,28.0,22.53981,15.499999046325684,24.94187355041504
22.0,24.0,575.0433,28.900002,23.887516,15.499995231628418,20.313793182373047
22.0,24.0,625.8631,29.400002,22.815628,15.499990463256836,19.037128448486328
22.0,24.0,731.9158,29.800003,22.887383,15.499996185302734,18.666963577270508
22.0,24.0,770.9829,30.100006,23.032642,15.499980926513672,18.151145935058594
22.0,24.0,824.1798,30.5,23.184212,15.499992370605469,18.40754508972168
22.0,24.0,829.7351,30.599998,23.332039,15.49998950958252,18.201658248901367
22.0,24.0,787.55347,30.700005,23.450005,15.499998092651367,19.201892852783203
22.0,24.0,760.93176,30.800003,23.567919,15.49998950958252,19.16571044921875
22.0,24.0,707.2437,30.800003,23.646763,15.499977111816406,18.0351505279541
22.0,24.0,648.388,30.700005,23.68884,15.499998092651367,18.407331466674805
22.0,24.0,542.12994,30.599998,23.705542,15.499996185302734,18.349599838256836
22.0,24.0,500.93405,30.299995,23.709648,15.499992370605469,18.19822883605957
22.0,24.0,345.22574,30.0,23.658436,15.499988555908203,18.400211334228516
22.0,24.0,333.0528,29.599998,23.61734,15.5,18.526897430419922
22.0,24.0,135.53543,29.099998,23.507961,15.499996185302734,18.29819107055664
22.0,24.0,152.96954,28.200005,23.417753,15.499862670898438,18.421186447143555
22.0,24.0,39.266144,27.300003,23.04633,15.49998664855957,19.38052749633789
22.0,24.0,69.47931,27.300003,22.93847,15.499893188476562,19.86378288269043
22.0,24.0,10.065,24.5,22.818523,15.49996566772461,18.581085205078125
22.0,24.0,10.970379,23.899998,22.639715,15.498405456542969,19.343332290649414
22.0,24.0,0.0,23.2,22.521137,15.499845504760742,18.939908981323242
22.0,24.0,0.0,22.900002,22.377682,15.499998092651367,18.42027473449707
22.0,24.0,0.0,22.7,22.244026,15.499116897583008,20.105592727661133
22.0,24.0,0.0,22.5,22.258224,15.49996566772461,21.872751235961914
22.0,24.0,0.0,22.3,22.775192,15.499933242797852,21.77126693725586
22.0,24.0,0.0,22.200005,22.664156,15.499958038330078,21.332782745361328
22.0,24.0,0.0,22.0,22.478172,15.499797821044922,19.709712982177734
22.0,24.0,0.0,21.900002,21.97823,15.499988555908203,22.725154876708984
22.0,24.0,0.0,21.7,22.841854,15.49978256225586,25.25458526611328
22.0,24.0,0.0,21.599998,23.32773,15.453428268432617,24.901565551757812
22.0,24.0,0.0,21.5,23.302114,15.495561599731445,25.394399642944336
22.0,24.0,0.0,21.300003,23.40161,15.497733116149902,25.395376205444336
22.0,24.0,0.0,21.199997,23.42025,15.494775772094727,20.010221481323242
22.0,24.0,0.0,21.100002,21.977665,15.497939109802246,24.922958374023438
22.0,24.0,0.0,21.100002,23.198383,15.479520797729492,19.431493759155273
22.0,24.0,0.0,21.0,21.859476,15.499509811401367,23.575334548950195
22.0,24.0,0.0,20.900002,22.880898,15.499162673950195,24.724782943725586
22.0,24.0,0.0,20.8,23.1373,15.499292373657227,24.78461456298828
22.0,24.0,0.0,20.7,23.172434,15.467232704162598,24.4349422454834
22.0,24.0,0.0,20.900002,23.121857,15.497661590576172,20.99683380126953
22.0,24.0,1.9754627,21.100002,22.160427,15.495638847351074,23.248132705688477
22.0,24.0,29.016027,21.8,22.83431,15.499780654907227,20.203950881958008
22.0,24.0,86.14102,22.5,21.924845,15.49974536895752,24.75415802001953
22.0,24.0,93.524284,23.600002,23.113873,15.499776840209961,23.971466064453125
22.0,24.0,133.88225,24.599998,23.346409,15.499984741210938,20.51471710205078
22.0,24.0,176.4774,25.400002,22.33259,15.499998092651367,21.342254638671875
22.0,24.0,158.36777,26.199997,22.697796,15.499959945678711,22.424705505371094
22.0,24.0,236.35072,26.300003,23.129295,15.5,22.430927276611328
22.0,24.0,264.0687,26.5,23.177078,15.499978065490723,20.629182815551758
22.0,24.0,260.1987,26.099998,22.60115,15.5,18.36205291748047
22.0,24.0,289.14432,25.800003,22.469847,15.499998092651367,18.396997451782227
22.0,24.0,350.70758,25.5,22.498882,15.5,18.224878311157227
22.0,24.0,364.98294,25.299995,22.525051,15.5,19.33647346496582
22.0,24.0,392.55362,25.100006,22.591877,15.499998092651367,21.14517593383789
22.0,24.0,229.44331,25.0,22.893608,15.499995231628418,25.668794631958008
22.0,24.0,206.73048,24.899994,24.112534,15.49999713897705,21.665864944458008
22.0,24.0,224.08467,24.899994,23.035591,15.499991416931152,19.830501556396484
22.0,24.0,125.596695,24.800003,22.666954,15.499996185302734,20.222688674926758
22.0,24.0,189.773,24.599998,22.676285,15.499998092651367,21.31487464904785
22.0,24.0,338.86096,24.5,23.00758,15.499984741210938,18.303293228149414
22.0,24.0,150.12062,24.299995,22.594734,15.499987602233887,25.090442657470703
22.0,24.0,74.8196,24.199997,23.954708,15.5,19.967741012573242
22.0,24.0,35.329796,24.0,22.62572,15.499960899353027,18.27019500732422
22.0,24.0,28.528255,23.800003,22.453972,15.499996185302734,21.1671085357666
22.0,24.0,37.39733,23.600002,22.58568,15.499734878540039,18.536890029907227
22.0,24.0,19.505274,23.600002,22.09412,15.499959945678711,21.362308502197266
22.0,24.0,8.41585,23.099998,22.562424,15.499998092651367,18.127487182617188
22.0,24.0,3.9253087,22.900002,21.955196,15.499994277954102,18.654369354248047
22.0,24.0,0.0,22.799995,21.864021,15.49997329711914,21.303165435791016
22.0,24.0,0.0,22.7,22.391247,15.499536514282227,24.870441436767578
22.0,24.0,0.0,22.5,23.197893,15.499927520751953,23.01192855834961
22.0,24.0,0.0,22.399998,22.920527,15.499906539916992,25.669349670410156
22.0,24.0,0.0,22.3,23.390427,15.49998664855957,23.884450912475586
22.0,24.0,0.0,22.099998,23.119343,15.499994277954102,23.83252716064453
22.0,24.0,0.0,21.900002,23.099955,15.499959945678711,19.887676239013672
22.0,24.0,0.0,21.8,21.93045,15.499927520751953,23.73786163330078
22.0,24.0,0.0,21.599998,22.956026,15.481279373168945,24.92911148071289
22.0,24.0,0.0,21.5,23.223934,15.499471664428711,25.527774810791016
22.0,24.0,0.0,21.300003,23.36206,15.496471405029297,25.821935653686523
22.0,24.0,0.0,21.199997,23.442429,15.36618423461914,25.285728454589844
22.0,24.0,0.0,21.100002,23.364197,15.49740219116211,25.555988311767578
22.0,24.0,0.0,21.100002,23.428013,15.499396324157715,21.293228149414062
22.0,24.0,0.0,21.0,22.321323,15.496257781982422,23.880613327026367
22.0,24.0,0.0,21.0,23.032612,15.49514389038086,24.622310638427734
22.0,24.0,0.0,20.900002,23.198046,15.499887466430664,23.242923736572266
22.0,24.0,0.0,20.900002,22.96228,15.49620246887207,25.41876983642578
22.0,24.0,0.0,20.900002,23.333096,15.499631881713867,20.51360511779785
22.0,24.0,0.0,21.0,22.028683,15.498601913452148,25.3769588470459
22.0,24.0,3.9496624,21.100002,23.230974,15.499754905700684,20.192691802978516
22.0,24.0,13.28501,21.5,21.912897,15.499832153320312,24.783201217651367
22.0,24.0,93.20518,22.0,23.119993,15.499883651733398,21.508766174316406
22.0,24.0,93.12919,22.600002,22.366114,15.490266799926758,23.59697914123535
22.0,24.0,76.98746,23.3,23.20658,15.499999046325684,18.77230453491211
22.0,24.0,77.92097,23.899998,22.118418,15.499983787536621,25.010967254638672
22.0,24.0,150.81326,24.599998,23.513363,15.5,18.827289581298828
22.0,24.0,150.79077,25.299995,22.239817,15.499999046325684,19.809581756591797
22.0,24.0,214.60883,26.0,22.283167,15.5,19.75756072998047
22.0,24.0,288.56104,26.699997,22.3381,15.499998092651367,20.970783233642578
22.0,24.0,231.23494,27.399994,22.672499,15.499999046325684,18.394699096679688
22.0,24.0,179.95045,28.0,22.362465,15.499999046325684,22.767351150512695
22.0,24.0,213.7529,28.699997,23.371902,15.499996185302734,21.16204261779785
22.0,24.0,407.40567,29.099998,22.860565,15.499998092651367,18.803110122680664
22.0,24.0,475.29437,29.400002,22.696966,15.499975204467773,20.970300674438477
22.0,24.0,369.04047,29.599998,22.97322,15.499983787536621,23.741079330444336
22.0,24.0,638.9799,29.700005,24.0912,15.49992561340332,20.527877807617188
22.0,24.0,611.45636,29.599998,23.188465,15.499905586242676,19.737300872802734
22.0,24.0,514.0999,29.400002,23.176708,15.499999046325684,21.058870315551758
22.0,24.0,362.43964,29.199997,23.30375,15.499983787536621,18.779682159423828
22.0,24.0,282.39993,28.900002,23.153969,15.499993324279785,19.568431854248047
22.0,24.0,313.65787,28.599998,23.161007,15.499998092651367,24.31371307373047
22.0,24.0,137.38339,28.300003,24.362782,15.49998664855957,20.14814567565918
22.0,24.0,155.09135,27.799995,23.19292,15.5,18.843944549560547
22.0,24.0,41.604965,27.300003,22.777876,15.499887466430664,23.03877067565918
22.0,24.0,54.254986,27.300003,23.664946,15.499988555908203,22.958171844482422
22.0,24.0,11.88,25.5,23.53484,15.499734878540039,24.761737823486328
22.0,24.0,2.64,25.0,23.981861,15.499878883361816,23.352203369140625
22.0,24.0,0.0,24.599998,23.597546,15.499846458435059,23.017169952392578
22.0,24.0,0.0,24.299995,23.455818,15.499719619750977,24.49791717529297
22.0,24.0,0.0,24.099998,23.809334,15.499938011169434,18.717939376831055
22.0,24.0,0.0,23.899998,22.463919,15.499988555908203,23.316804885864258
22.0,24.0,0.0,23.800003,23.416126,15.499739646911621,23.68932342529297
22.0,24.0,0.0,23.699997,23.502674,15.49962043762207,21.08678436279297
22.0,24.0,0.0,23.600002,22.558163,15.49953556060791,19.550804138183594
22.0,24.0,0.0,23.5,22.208296,15.499939918518066,19.065961837768555
22.0,24.0,0.0,23.5,22.087994,15.498449325561523,25.032114028930664
22.0,24.0,0.0,23.400002,23.423965,15.499039649963379,25.617246627807617
22.0,24.0,0.0,23.3,23.610111,15.497041702270508,25.035858154296875
22.0,24.0,0.0,23.099998,23.533247,15.497650146484375,20.81624984741211
22.0,24.0,0.0,23.0,22.305914,15.499495506286621,22.538551330566406
22.0,24.0,0.0,22.900002,22.933233,15.499736785888672,25.08213996887207
22.0,24.0,0.0,22.7,23.43362,15.49002456665039,20.246122360229492
22.0,24.0,0.0,22.7,22.09874,15.499043464660645,21.020305633544922
22.0,24.0,0.0,22.600002,22.354939,15.499704360961914,23.71392059326172
22.0,24.0,0.0,22.7,23.060272,15.499688148498535,24.003995895385742
22.0,24.0,0.0,22.7,23.153015,15.499384880065918,23.21769142150879
22.0,24.0,0.0,22.7,23.024109,15.495794296264648,23.984588623046875
22.0,24.0,1.9731386,22.7,23.15583,15.499312400817871,20.768823623657227
22.0,24.0,20.52501,22.900002,22.19126,15.499894142150879,21.466089248657227
22.0,24.0,54.39274,23.099998,22.466778,15.499927520751953,23.10880470275879
22.0,24.0,93.43567,23.400002,22.959562,15.499815940856934,20.301654815673828
22.0,24.0,189.67773,23.600002,22.30139,15.499998092651367,25.198257446289062
22.0,24.0,209.06512,24.0,23.646051,15.499993324279785,21.149608612060547
22.0,24.0,297.2506,24.400002,22.63912,15.499999046325684,18.501277923583984
22.0,24.0,305.47647,25.0,22.368927,15.499995231628418,18.289562225341797
22.0,24.0,445.01794,25.5,22.425743,15.499992370605469,22.394317626953125
22.0,24.0,535.5516,26.199997,23.365921,15.499992370605469,19.095897674560547
22.0,24.0,610.20435,26.900002,22.742785,15.499992370605469,21.2397403717041
22.0,24.0,363.6338,27.399994,23.050087,15.499998092651367,24.499048233032227
22.0,24.0,195.03328,27.900002,24.06411,15.5,18.24981117248535
22.0,24.0,90.09033,28.300003,22.81651,15.499998092651367,19.757164001464844
22.0,24.0,98.0065,28.599998,22.7688,15.49997615814209,19.02019500732422
22.0,24.0,244.4855,28.800003,22.764565,15.499999046325684,19.798725128173828
22.0,24.0,568.90326,29.0,22.921164,15.5,20.069231033325195
22.0,24.0,731.7922,29.0,23.084633,15.499934196472168,18.535537719726562
22.0,24.0,639.3492,29.0,23.125166,15.499984741210938,18.072608947753906
22.0,24.0,426.26413,28.800003,23.126007,15.499927520751953,18.035537719726562
22.0,24.0,310.63806,28.5,23.104265,15.49999713897705,19.61021614074707
22.0,24.0,208.85315,28.200005,23.087818,15.499995231628418,23.382722854614258
22.0,24.0,158.2737,27.900002,24.060509,15.49998950958252,18.588293075561523
22.0,24.0,164.84618,27.300003,23.08282,15.499995231628418,18.45802116394043
22.0,24.0,41.394558,26.799995,22.692799,15.499958038330078,19.098390579223633
22.0,24.0,60.87397,26.799995,22.602907,15.49960708618164,25.137243270874023
22.0,24.0,10.395,24.800003,23.928108,15.499996185302734,21.769987106323242
22.0,24.0,7.615575,24.199997,22.941114,15.499801635742188,22.91083526611328
22.0,24.0,0.0,23.600002,23.38057,15.499993324279785,18.24047088623047
22.0,24.0,0.0,23.2,22.35758,15.499979019165039,22.06233024597168
22.0,24.0,0.0,22.799995,22.966957,15.499956130981445,24.516681671142578
22.0,24.0,0.0,22.5,23.529312,15.499963760375977,19.296672821044922
22.0,24.0,0.0,22.099998,22.204943,15.499940872192383,19.93417739868164
22.0,24.0,0.0,21.8,22.132387,15.49952507019043,25.072093963623047
22.0,24.0,0.0,21.5,23.389013,15.499987602233887,20.5788631439209
22.0,24.0,0.0,21.199997,22.164387,15.499975204467773,21.220272064208984
22.0,24.0,0.0,20.900002,22.396687,15.498784065246582,20.848249435424805
22.0,24.0,0.0,20.7,22.210625,15.499710083007812,23.472963333129883
22.0,24.0,0.0,20.5,22.915146,15.49667739868164,22.88329315185547
22.0,24.0,0.0,20.400002,22.832935,15.498753547668457,21.007902145385742
22.0,24.0,0.0,20.299995,22.163338,15.49067211151123,22.999584197998047
22.0,24.0,0.0,20.299995,22.748665,15.489535331726074,22.380760192871094
22.0,24.0,0.0,20.2,22.58944,15.49339771270752,21.35603141784668
22.0,24.0,0.0,20.2,22.225075,15.496736526489258,25.414306640625
22.0,24.0,0.0,20.2,23.120884,15.49915885925293,19.80672836303711
22.0,24.0,0.0,20.100002,21.732296,15.499734878540039,24.703977584838867
22.0,24.0,0.0,20.0,22.926134,15.4993896484375,19.49649429321289
22.0,24.0,0.0,20.299995,21.649345,15.498429298400879,25.34095573425293
22.0,24.0,2.9632719,20.5,22.989168,15.49337387084961,20.582584381103516
22.0,24.0,11.914466,21.199997,21.877052,15.49760627746582,23.80975341796875
22.0,24.0,91.27664,22.0,22.770035,15.49966049194336,19.280899047851562
22.0,24.0,73.535,22.900002,21.655895,15.499397277832031,24.158235549926758
22.0,24.0,210.12007,23.899998,23.135351,15.499992370605469,25.458480834960938
22.0,24.0,220.46835,24.800003,23.562057,15.499998092651367,22.00014877319336
22.0,24.0,392.83414,25.700005,22.858183,15.499999046325684,23.935958862304688
22.0,24.0,440.91367,26.400002,23.589474,15.499982833862305,18.75957679748535
22.0,24.0,561.11017,27.099998,22.581135,15.499969482421875,18.158708572387695
22.0,24.0,617.2778,27.600006,22.64099,15.499988555908203,18.02715301513672
22.0,24.0,665.5762,28.200005,22.761818,15.499991416931152,18.658329010009766
22.0,24.0,719.2884,28.5,22.908756,15.499961853027344,19.551042556762695
22.0,24.0,726.00543,28.900002,23.060013,15.499908447265625,18.912738800048828
22.0,24.0,777.6877,28.900002,23.17907,15.499924659729004,18.059534072875977
22.0,24.0,774.0084,28.900002,23.28183,15.499910354614258,18.953489303588867
22.0,24.0,750.8978,29.0,23.391005,15.499982833862305,18.030750274658203
22.0,24.0,679.2349,29.0,23.447208,15.499996185302734,18.14909553527832
22.0,24.0,647.5637,29.0,23.50129,15.499979019165039,18.03772735595703
22.0,24.0,586.83655,29.0,23.530758,15.499977111816406,18.294384002685547
22.0,24.0,525.9384,28.800003,23.542088,15.499998092651367,18.292760848999023
22.0,24.0,373.84875,28.599998,23.500671,15.499981880187988,23.81327247619629
22.0,24.0,351.95676,28.300003,24.559696,15.499998092651367,18.873966217041016
22.0,24.0,152.05798,27.900002,23.494152,15.499998092651367,18.67618179321289
22.0,24.0,165.23009,27.0,23.356411,15.499999046325684,18.829872131347656
22.0,24.0,33.592144,26.099998,22.975681,15.499980926513672,23.210721969604492
22.0,24.0,69.08627,26.099998,23.858698,15.49998950958252,18.44674301147461
22.0,24.0,5.775,24.0,22.807318,15.499995231628418,18.703292846679688
22.0,24.0,4.351875,23.5,22.615759,15.499807357788086,19.947324752807617
22.0,24.0,0.0,23.0,22.53607,15.4998140335083,24.107891082763672
22.0,24.0,0.0,22.7,23.620495,15.499987602233887,18.36772918701172
22.0,24.0,0.0,22.3,22.35815,15.489317893981934,24.852630615234375
22.0,24.0,0.0,22.0,23.593184,15.49979305267334,20.004714965820312
22.0,24.0,0.0,21.599998,22.275618,15.499919891357422,20.11188507080078
22.0,24.0,0.0,21.300003,22.188118,15.499235153198242,25.19537353515625
22.0,24.0,0.0,20.900002,23.435469,15.499945640563965,24.567581176757812
22.0,24.0,0.0,20.599998,23.3774,15.499977111816406,23.380531311035156
22.0,24.0,0.0,20.400002,23.145397,15.49426555633545,21.64853858947754
22.0,24.0,0.0,20.100002,22.519268,15.465171813964844,24.997905731201172
22.0,24.0,0.0,19.8,23.30157,15.48929500579834,25.700698852539062
22.0,24.0,0.0,19.599998,23.461073,15.498259544372559,25.89558219909668
22.0,24.0,0.0,19.400002,23.505013,15.499401092529297,25.825729370117188
22.0,24.0,0.0,19.2,23.49553,15.49137020111084,18.383655548095703
22.0,24.0,0.0,19.0,21.885939,15.49675178527832,25.643184661865234
22.0,24.0,0.0,18.800003,23.265236,15.499425888061523,19.20084571838379
22.0,24.0,0.0,18.600002,21.790352,15.499103546142578,25.44593620300293
22.0,24.0,0.0,18.400002,23.12943,15.498720169067383,23.585220336914062
22.0,24.0,0.0,18.2,22.867613,15.499403953552246,21.459842681884766
22.0,24.0,0.0,18.5,22.223524,15.483983993530273,22.878908157348633
22.0,24.0,0.9890033,18.699997,22.629835,15.483388900756836,18.303972244262695
22.0,24.0,23.038809,19.700005,21.569698,15.499919891357422,19.528839111328125
22.0,24.0,85.22813,20.7,21.610039,15.499984741210938,22.981782913208008
22.0,24.0,81.391014,21.7,22.554575,15.491138458251953,24.596363067626953
22.0,24.0,207.62878,22.799995,23.216614,15.499998092651367,22.281518936157227
22.0,24.0,223.91591,24.199997,22.787046,15.499996185302734,22.047801971435547
22.0,24.0,387.50348,25.5,22.85976,15.499999046325684,21.240543365478516
22.0,24.0,449.17493,26.400002,22.689346,15.5,18.951759338378906
22.0,24.0,609.5212,27.200005,22.453266,15.499999046325684,21.181228637695312
22.0,24.0,670.05804,27.799995,22.957893,15.499998092651367,18.364761352539062
22.0,24.0,714.7355,28.400002,22.766172,15.499996185302734,21.721492767333984
22.0,24.0,680.3239,28.699997,23.36208,15.49989128112793,20.739933013916016
22.0,24.0,637.08386,29.099998,23.141056,15.499933242797852,18.193395614624023
22.0,24.0,695.9796,29.299995,23.147667,15.49999713897705,18.62291717529297
22.0,24.0,876.9582,29.5,23.312054,15.499982833862305,18.028759002685547
22.0,24.0,829.72485,29.599998,23.428581,15.499977111816406,18.03046417236328
22.0,24.0,640.0062,29.700005,23.47674,15.499994277954102,18.588361740112305
22.0,24.0,738.3545,29.700005,23.573238,15.499992370605469,18.32974624633789
22.0,24.0,569.4324,29.599998,23.590616,15.5,20.41924285888672
22.0,24.0,572.6546,29.400002,23.67141,15.499996185302734,21.38824462890625
22.0,24.0,405.42664,29.299995,23.735657,15.499998092651367,25.64901351928711
22.0,24.0,334.54083,28.900002,25.097385,15.49998664855957,18.14063262939453
22.0,24.0,153.95927,28.599998,23.6445,15.499971389770508,25.032432556152344
22.0,24.0,165.22711,27.900002,24.89356,15.49999713897705,19.767963409423828
22.0,24.0,32.835,27.200005,23.280277,15.499265670776367,19.452072143554688
22.0,24.0,60.249905,27.200005,23.075691,15.49999713897705,18.58648109436035
22.0,24.0,9.735,23.699997,22.890436,15.499979019165039,22.338443756103516
22.0,24.0,1.8150002,23.099998,23.440376,15.499303817749023,18.99198341369629
22.0,24.0,0.0,22.5,22.65888,15.499765396118164,19.48571014404297
22.0,24.0,0.0,22.3,22.506546,15.49999713897705,25.052522659301758
22.0,24.0,0.0,22.0,23.781681,15.499992370605469,19.65959930419922
22.0,24.0,0.0,21.8,22.3916,15.499917984008789,23.9881649017334
22.0,24.0,0.0,21.599998,23.438614,15.499597549438477,22.847009658813477
22.0,24.0,0.0,21.5,23.135906,15.499870300292969,20.62738609313965
22.0,24.0,0.0,21.5,22.324467,15.499940872192383,24.671039581298828
22.0,24.0,0.0,21.199997,23.392529,15.499703407287598,18.698823928833008
22.0,24.0,0.0,21.0,22.047995,15.492512702941895,24.880800247192383
22.0,24.0,0.0,20.7,23.302486,15.439384460449219,24.449460983276367
22.0,24.0,0.0,20.299995,23.277496,15.44337272644043,23.146400451660156
22.0,24.0,0.0,20.100002,23.027021,15.487926483154297,25.40357780456543
22.0,24.0,0.0,19.8,23.397022,15.496335983276367,24.447980880737305
22.0,24.0,0.0,19.599998,23.240818,15.498424530029297,22.757295608520508
22.0,24.0,0.0,19.400002,22.840206,15.4982328414917,25.544292449951172
22.0,24.0,0.0,19.3,23.358948,15.480836868286133,20.82232666015625
22.0,24.0,0.0,19.2,22.118904,15.498655319213867,24.589096069335938
22.0,24.0,0.0,19.099998,23.075804,15.489563941955566,22.232566833496094
22.0,24.0,0.0,19.099998,22.554605,15.499592781066895,24.544902801513672
22.0,24.0,0.0,19.099998,23.044909,15.499737739562988,22.43921661376953
22.0,24.0,0.98869437,19.099998,22.59594,15.498568534851074,24.703269958496094
22.0,24.0,13.938819,19.700005,23.052086,15.497566223144531,19.27813720703125
22.0,24.0,34.930607,20.2,21.722809,15.499649047851562,20.494579315185547
22.0,24.0,55.32496,21.0,21.973265,15.496017456054688,18.327238082885742
22.0,24.0,81.00224,21.8,21.82277,15.499996185302734,20.39344024658203
22.0,24.0,92.41297,22.900002,22.122349,15.499998092651367,19.92499351501465
22.0,24.0,154.12103,23.899998,21.997654,15.5,20.925535202026367
22.0,24.0,184.09477,24.599998,22.363379,15.499998092651367,20.828641891479492
22.0,24.0,177.80557,25.299995,22.356678,15.499998092651367,23.723878860473633
22.0,24.0,104.83927,25.700005,23.223846,15.5,19.84786605834961
22.0,24.0,63.360733,26.0,22.17589,15.499999046325684,22.702407836914062
22.0,24.0,71.282104,26.199997,23.08824,15.499999046325684,20.926128387451172
22.0,24.0,80.2,26.400002,22.477236,15.499999046325684,24.419635772705078
22.0,24.0,186.31537,26.5,23.547539,15.5,19.737640380859375
22.0,24.0,407.34442,26.699997,22.479164,15.499985694885254,21.941192626953125
22.0,24.0,431.88,27.099998,23.14682,15.499998092651367,20.28436851501465
22.0,24.0,660.4473,27.399994,22.775145,15.499685287475586,18.998323440551758
22.0,24.0,610.5105,27.699997,22.79555,15.499940872192383,22.738037109375
22.0,24.0,650.06964,28.0,23.764254,15.499961853027344,19.824352264404297
22.0,24.0,541.1741,28.0,23.081501,15.499998092651367,18.33291244506836
22.0,24.0,328.45258,28.0,23.002316,15.499998092651367,25.541728973388672
22.0,24.0,172.4877,27.699997,24.463795,15.499991416931152,24.706790924072266
22.0,24.0,165.74684,27.399994,24.440517,15.499998092651367,18.876070022583008
22.0,24.0,165.25876,26.900002,23.116932,15.499996185302734,20.195552825927734
22.0,24.0,40.81259,26.300003,22.767925,15.499963760375977,18.747228622436523
22.0,24.0,52.065422,26.300003,22.604307,15.499951362609863,19.167041778564453
22.0,24.0,828.33655,24.599998,22.776749,15.499594688415527,18.05076789855957
22.0,24.0,3.3587558,24.199997,22.553291,15.499994277954102,19.966156005859375
22.0,24.0,0.0,23.899998,22.500946,15.499933242797852,18.246519088745117
22.0,24.0,0.0,23.699997,22.316782,15.499780654907227,21.14493179321289
22.0,24.0,0.0,23.600002,22.647049,15.499974250793457,21.235145568847656
22.0,24.0,0.0,23.400002,22.602396,15.499835014343262,24.51321792602539
22.0,24.0,0.0,23.3,23.449028,15.499959945678711,18.778579711914062
22.0,24.0,0.0,23.2,22.137661,15.499968528747559,21.5513858795166
22.0,24.0,0.0,23.0,22.624043,15.49994945526123,20.359130859375
22.0,24.0,0.0,22.900002,22.154436,15.499688148498535,19.671735763549805
22.0,24.0,0.0,22.799995,21.962484,15.486833572387695,25.456336975097656
22.0,24.0,0.0,22.7,23.331863,15.49910831451416,22.842756271362305
22.0,24.0,0.0,22.600002,22.888933,15.476892471313477,21.705265045166016
22.0,24.0,0.0,22.399998,22.496788,15.499760627746582,20.058687210083008
22.0,24.0,0.0,22.200005,21.949331,15.497161865234375,25.512828826904297
22.0,24.0,0.0,22.0,23.26576,15.490891456604004,25.126605987548828
22.0,24.0,0.0,21.8,23.291872,15.498723030090332,21.186832427978516
22.0,24.0,0.0,21.7,22.25502,15.470836639404297,20.543437957763672
22.0,24.0,0.0,21.5,22.067234,15.496255874633789,24.31233024597168
22.0,24.0,0.0,21.5,23.011127,15.49919605255127,19.376907348632812
22.0,24.0,0.0,21.399998,21.776443,15.498393058776855,23.931262969970703
22.0,24.0,0.0,21.399998,22.87564,15.497428894042969,22.50834846496582
22.0,24.0,1.9740874,21.399998,22.629475,15.496572494506836,23.311185836791992
22.0,24.0,6.435,21.8,22.817293,15.492499351501465,23.759422302246094
22.0,24.0,89.5975,22.200005,22.949139,15.496689796447754,22.451644897460938
22.0,24.0,94.93296,22.7,22.678835,15.499444007873535,18.319305419921875
22.0,24.0,60.78527,23.2,22.00891,15.499998092651367,21.263643264770508
22.0,24.0,106.67026,23.600002,22.532251,15.499999046325684,21.884342193603516
22.0,24.0,236.24956,24.099998,22.78173,15.499998092651367,22.001445770263672
22.0,24.0,382.69196,24.599998,22.911945,15.499991416931152,18.94100570678711
22.0,24.0,410.9797,25.0,22.337917,15.499998092651367,19.56083869934082
22.0,24.0,461.05655,25.400002,22.422886,15.499974250793457,19.132158279418945
22.0,24.0,554.0646,25.800003,22.506966,15.499998092651367,18.648670196533203
22.0,24.0,486.59656,26.0,22.556961,15.499996185302734,21.16947364807129
22.0,24.0,362.05768,26.300003,22.93752,15.499995231628418,22.431928634643555
22.0,24.0,390.39468,26.400002,23.433247,15.499975204467773,19.28849220275879
22.0,24.0,671.01025,26.599998,22.884903,15.499993324279785,18.992889404296875
22.0,24.0,595.3753,26.599998,22.920866,15.5,18.66830062866211
22.0,24.0,603.4705,26.599998,22.983881,15.499998092651367,22.817337036132812
22.0,24.0,603.4641,26.199997,23.89196,15.49999713897705,24.492794036865234
22.0,24.0,223.7399,25.900002,24.389248,15.499996185302734,18.604339599609375
22.0,24.0,163.8771,25.400002,23.101818,15.499994277954102,18.99721336364746
22.0,24.0,332.41367,25.0,23.033659,15.499994277954102,21.841039657592773
22.0,24.0,303.38135,24.5,23.447712,15.499992370605469,24.48667335510254
22.0,24.0,168.36768,24.0,24.27826,15.499979019165039,18.227052688598633
22.0,24.0,170.42365,23.3,22.997793,15.499994277954102,19.113758087158203
22.0,24.0,34.815,22.600002,22.579277,15.499983787536621,23.806907653808594
22.0,24.0,55.727276,22.600002,23.644726,15.499799728393555,20.501556396484375
22.0,24.0,8.25,21.300003,22.511072,15.499897956848145,20.2250919342041
22.0,24.0,1.155,20.8,22.36819,15.499940872192383,19.02002716064453
22.0,24.0,0.0,20.299995,22.144287,15.499178886413574,18.848960876464844
22.0,24.0,0.0,19.899998,22.0111,15.499868392944336,18.518781661987305
22.0,24.0,0.0,19.5,21.880144,15.499828338623047,21.08205223083496
22.0,24.0,0.0,19.3,22.301346,15.499954223632812,24.729934692382812
22.0,24.0,0.0,19.0,23.119259,15.499906539916992,25.05727195739746
22.0,24.0,0.0,18.899998,23.212708,15.499783515930176,21.627826690673828
22.0,24.0,0.0,18.699997,22.338493,15.498411178588867,24.271160125732422
22.0,24.0,0.0,18.600002,22.97275,15.499971389770508,18.3261775970459
22.0,24.0,0.0,18.5,21.668041,15.49841594696045,25.983196258544922
22.0,24.0,0.0,18.5,23.112131,15.490413665771484,20.750505447387695
22.0,24.0,0.0,18.400002,21.927177,15.49507999420166,25.639299392700195
22.0,24.0,0.0,18.3,23.041056,15.465944290161133,23.078811645507812
22.0,24.0,0.0,18.3,22.656563,15.47722339630127,24.73322296142578
22.0,24.0,0.0,18.099998,22.923027,15.498517990112305,21.889795303344727
22.0,24.0,0.0,18.0,22.273117,15.49896240234375,25.62578010559082
22.0,24.0,0.0,17.7,23.029896,15.49756908416748,25.690887451171875
22.0,24.0,0.0,17.5,23.095888,15.468140602111816,24.690547943115234
22.0,24.0,0.0,17.099998,22.927711,15.499552726745605,25.72013282775879
22.0,24.0,0.0,16.8,23.10243,15.497879028320312,18.147157669067383
22.0,24.0,0.0,16.5,21.51783,15.497050285339355,23.598413467407227
22.0,24.0,0.99,16.199997,22.553532,15.499166488647461,23.88966178894043
22.0,24.0,11.158863,16.5,22.646948,15.446297645568848,24.256807327270508
22.0,24.0,95.3446,16.8,22.740524,15.499931335449219,23.983688354492188
22.0,24.0,74.79433,17.799995,22.718657,15.499929428100586,23.128381729125977
22.0,24.0,225.775,18.699997,22.87508,15.499994277954102,19.123554229736328
22.0,24.0,249.0848,19.700005,21.872183,15.499998092651367,18.434118270874023
22.0,24.0,436.53204,20.7,21.887276,15.5,23.532238006591797
22.0,24.0,501.01938,21.399998,23.143997,15.499991416931152,19.29714012145996
22.0,24.0,656.47034,22.099998,22.251064,15.49999713897705,18.577777862548828
22.0,24.0,724.7273,22.7,22.3223,15.499979019165039,19.62982177734375
22.0,24.0,830.4833,23.2,22.526606,15.499942779541016,19.510900497436523
22.0,24.0,880.1037,23.699997,22.679468,15.499971389770508,18.040544509887695
22.0,24.0,851.88934,24.099998,22.771715,15.499987602233887,18.032302856445312
22.0,24.0,795.39233,24.400002,22.874832,15.499979972839355,18.128019332885742
22.0,24.0,881.1549,24.700005,23.008545,15.499990463256836,18.197021484375
22.0,24.0,918.42395,24.899994,23.140182,15.49990463256836,18.151302337646484
22.0,24.0,876.2113,25.100006,23.243881,15.499995231628418,18.400035858154297
22.0,24.0,776.8118,25.100006,23.309423,15.499927520751953,18.01297378540039
22.0,24.0,633.23236,25.100006,23.321877,15.499996185302734,21.666128158569336
22.0,24.0,558.79767,25.0,23.618525,15.499982833862305,18.215932846069336
22.0,24.0,414.70593,24.899994,23.317936,15.499990463256836,23.08336067199707
22.0,24.0,388.04218,24.5,24.128925,15.499999046325684,22.017261505126953
22.0,24.0,221.77747,24.099998,23.596542,15.499995231628418,21.340938568115234
22.0,24.0,170.96324,23.099998,23.336845,15.499996185302734,20.27854347229004
22.0,24.0,40.095,22.099998,22.836617,15.49990463256836,23.994037628173828
22.0,24.0,43.521454,22.099998,23.861752,15.499921798706055,20.48926544189453
22.0,24.0,8.25,19.0,22.648006,15.499980926513672,23.388715744018555
22.0,24.0,1.485,18.400002,23.501614,15.499916076660156,20.43869972229004
22.0,24.0,0.0,17.799995,22.411789,15.499969482421875,21.945209503173828
22.0,24.0,0.0,17.600002,22.843536,15.49996566772461,18.738468170166016
22.0,24.0,0.0,17.5,22.049225,15.499995231628418,18.442584991455078
22.0,24.0,0.0,17.600002,21.869047,15.499561309814453,19.79831314086914
22.0,24.0,0.0,17.600002,21.866686,15.499593734741211,23.007253646850586
22.0,24.0,0.0,17.7,22.727694,15.499998092651367,22.160749435424805
22.0,24.0,0.0,17.7,22.484175,15.499972343444824,21.72669792175293
22.0,24.0,0.0,17.600002,22.308542,15.499735832214355,20.829118728637695
22.0,24.0,0.0,17.399998,21.976164,15.494819641113281,25.260608673095703
22.0,24.0,0.0,17.200005,22.949558,15.499323844909668,25.533092498779297
22.0,24.0,0.0,17.0,23.053896,15.499122619628906,25.05087661743164
22.0,24.0,0.0,16.8,22.978502,15.496826171875,19.62482452392578
22.0,24.0,0.0,16.5,21.566015,15.470539093017578,25.38975715637207
22.0,24.0,0.0,16.300003,22.863617,15.496028900146484,24.95388412475586
22.0,24.0,0.0,16.0,22.862816,15.499184608459473,25.255455017089844
22.0,24.0,0.0,15.799999,22.915493,15.493498802185059,25.050363540649414
22.0,24.0,0.0,15.700001,22.881271,15.487459182739258,19.72482681274414
22.0,24.0,0.0,15.400002,21.489918,15.499698638916016,21.863739013671875
22.0,24.0,0.0,15.100002,22.133312,15.495685577392578,25.419784545898438
22.0,24.0,0.0,14.899998,22.773588,15.496842384338379,25.65428924560547
22.0,24.0,1.98,14.699997,22.855555,15.49974250793457,23.56574249267578
22.0,24.0,6.6,15.799999,22.498425,15.499727249145508,19.734819412231445
22.0,24.0,91.29047,16.900002,21.43529,15.497358322143555,19.140052795410156
22.0,24.0,61.787636,17.799995,21.299753,15.499234199523926,25.18844223022461
22.0,24.0,233.16682,18.699997,22.949404,15.5,21.66326904296875
22.0,24.0,258.46594,20.400002,22.325783,15.499999046325684,19.870315551757812
22.0,24.0,448.92667,22.099998,21.918598,15.499998092651367,22.53386116027832
22.0,24.0,514.43,23.0,22.895992,15.499980926513672,22.32021713256836
22.0,24.0,666.82306,23.800003,22.985954,15.499998092651367,18.487213134765625
22.0,24.0,736.18005,24.199997,22.3739,15.499996185302734,18.268016815185547
22.0,24.0,841.5686,24.599998,22.508205,15.499993324279785,18.357940673828125
22.0,24.0,837.2709,24.899994,22.65876,15.49996566772461,18.02602767944336
22.0,24.0,837.2804,25.199997,22.791292,15.499982833862305,18.125713348388672
22.0,24.0,950.29297,25.400002,22.960667,15.499910354614258,18.013673782348633
22.0,24.0,886.6145,25.599998,23.085985,15.499322891235352,18.21025848388672
22.0,24.0,916.8528,25.700005,23.218147,15.499887466430664,18.194583892822266
22.0,24.0,861.2708,25.800003,23.317541,15.499921798706055,18.23732566833496
22.0,24.0,817.5326,25.700005,23.396566,15.499998092651367,18.026302337646484
22.0,24.0,716.41315,25.700005,23.434393,15.499898910522461,19.157005310058594
22.0,24.0,587.7566,25.5,23.446537,15.499959945678711,18.015216827392578
22.0,24.0,416.81146,25.400002,23.38031,15.499998092651367,18.1044921875
22.0,24.0,339.1966,25.0,23.312668,15.499995231628418,19.255239486694336
22.0,24.0,169.37512,24.700005,23.214035,15.5,19.648237228393555
22.0,24.0,173.49707,23.899998,23.131924,15.499984741210938,20.64066505432129
22.0,24.0,40.433556,23.0,22.837692,15.49996566772461,21.7298641204834
22.0,24.0,39.981888,23.0,23.110126,15.499927520751953,23.442995071411133
22.0,24.0,8.25,20.0,23.625868,15.499992370605469,20.398921966552734
22.0,24.0,1.32,19.3,22.505161,15.499958992004395,24.082489013671875
22.0,24.0,0.0,18.699997,23.502213,15.499590873718262,19.424015045166016
22.0,24.0,0.0,18.2,22.231592,15.499279022216797,20.695432662963867
22.0,24.0,0.0,17.600002,22.338036,15.499963760375977,23.21814727783203
22.0,24.0,0.0,17.200005,23.024693,15.499890327453613,20.31707763671875
22.0,24.0,0.0,16.900002,22.021326,15.498631477355957,22.589372634887695
22.0,24.0,0.0,16.7,22.72585,15.49973201751709,22.824155807495117
22.0,24.0,0.0,16.5,22.749853,15.499750137329102,23.742855072021484
22.0,24.0,0.0,16.300003,22.869064,15.499860763549805,20.255657196044922
22.0,24.0,0.0,16.199997,21.80652,15.499881744384766,25.941171646118164
22.0,24.0,0.0,15.900002,23.06429,15.499561309814453,23.6494140625
22.0,24.0,0.0,15.599998,22.734133,15.496688842773438,22.920610427856445
22.0,24.0,0.0,15.400002,22.555738,15.473450660705566,24.873641967773438
22.0,24.0,0.0,15.200001,22.861294,15.498154640197754,24.394094467163086
22.0,24.0,0.0,15.100002,22.778109,15.496095657348633,20.22995376586914
22.0,24.0,0.0,15.0,21.636093,15.49918270111084,25.942378997802734
22.0,24.0,0.0,15.100002,22.832737,15.480606079101562,25.774703979492188
22.0,24.0,0.0,15.200001,22.929134,15.499773025512695,24.293088912963867
22.0,24.0,0.0,15.200001,22.67551,15.481107711791992,20.910112380981445
22.0,24.0,0.0,15.200001,21.78627,15.497438430786133,22.659482955932617
22.0,24.0,0.0,15.300003,22.253914,15.499338150024414,24.588542938232422
22.0,24.0,0.0,15.400002,22.604382,15.490535736083984,19.7432918548584
22.0,24.0,9.480247,15.700001,21.369999,15.498617172241211,24.70357322692871
22.0,24.0,26.403864,16.100002,22.52995,15.499436378479004,21.615360260009766
22.0,24.0,44.35262,17.0,21.941372,15.499785423278809,22.39749526977539
22.0,24.0,69.68893,17.799995,22.4164,15.49998950958252,18.83476448059082
22.0,24.0,121.35941,18.400002,21.527203,15.499999046325684,25.429363250732422
22.0,24.0,161.492,18.899998,22.995104,15.5,19.95793914794922
22.0,24.0,168.3224,19.2,21.747921,15.49999713897705,25.508176803588867
22.0,24.0,137.61232,19.599998,23.12295,15.499992370605469,18.681894302368164
22.0,24.0,148.50291,19.899998,21.752287,15.499999046325684,20.765195846557617
22.0,24.0,171.52962,20.2,22.149052,15.499995231628418,18.603652954101562
22.0,24.0,204.37003,20.8,21.758165,15.499998092651367,18.081510543823242
22.0,24.0,303.46564,21.399998,21.772936,15.5,21.52663803100586
22.0,24.0,633.4139,21.599998,22.621458,15.49998664855957,21.112751007080078
22.0,24.0,806.32684,21.8,22.602938,15.499937057495117,18.42075538635254
22.0,24.0,902.8397,21.8,22.387913,15.499910354614258,18.49578857421875
22.0,24.0,823.0311,21.7,22.495731,15.499994277954102,18.156190872192383
22.0,24.0,729.1083,21.8,22.573652,15.499969482421875,18.21468162536621
22.0,24.0,523.59186,21.8,22.587177,15.49998950958252,19.708589553833008
22.0,24.0,265.7139,21.7,22.577442,15.499994277954102,18.422077178955078
22.0,24.0,163.64365,21.7,22.46481,15.499988555908203,20.492023468017578
22.0,24.0,50.41372,21.300003,22.533503,15.499998092651367,20.615442276000977
22.0,24.0,39.289806,20.900002,22.515606,15.499987602233887,23.724027633666992
22.0,24.0,58.606327,20.400002,23.445621,15.499998092651367,19.936199188232422
22.0,24.0,20.428352,19.899998,22.080673,15.499990463256836,20.032258987426758
22.0,24.0,5.916313,19.899998,22.018166,15.499990463256836,18.537132263183594
22.0,24.0,6.1808467,19.099998,21.775326,15.499869346618652,24.29969024658203
22.0,24.0,1.4881765,18.899998,22.97922,15.499995231628418,21.90615463256836
22.0,24.0,0.0,18.699997,22.418219,15.499613761901855,19.721240997314453
22.0,24.0,0.0,18.5,21.722443,15.49984359741211,21.783456802368164
22.0,24.0,0.0,18.400002,22.339485,15.499992370605469,25.249366760253906
22.0,24.0,0.0,18.2,23.008629,15.499959945678711,19.576820373535156
22.0,24.0,0.0,18.099998,21.603727,15.499926567077637,24.754554748535156
22.0,24.0,0.0,18.099998,22.815786,15.499983787536621,21.601205825805664
22.0,24.0,0.0,18.099998,22.134016,15.499862670898438,21.375648498535156
22.0,24.0,0.0,18.099998,22.068481,15.499969482421875,18.620555877685547
22.0,24.0,0.0,18.2,21.382454,15.494935989379883,25.84249496459961
22.0,24.0,0.0,18.2,22.815893,15.497756004333496,24.232131958007812
22.0,24.0,0.0,18.3,22.685112,15.49898910522461,24.27574920654297
22.0,24.0,0.0,18.3,22.702532,15.456766128540039,24.793781280517578
22.0,24.0,0.0,18.3,22.810015,15.497936248779297,23.699405670166016
22.0,24.0,0.0,18.699997,22.641508,15.496195793151855,25.62525177001953
22.0,24.0,0.0,19.0,22.992199,15.498302459716797,24.352848052978516
22.0,24.0,0.0,19.2,22.81373,15.458331108093262,23.741792678833008
22.0,24.0,0.0,19.400002,22.71057,15.499334335327148,24.50743865966797
22.0,24.0,0.0,19.3,22.854967,15.499866485595703,19.132665634155273
22.0,24.0,0.0,19.2,21.539892,15.49942398071289,25.816112518310547
22.0,24.0,0.0,19.2,22.948465,15.499261856079102,25.42613410949707
22.0,24.0,0.0,19.2,23.012222,15.499924659729004,19.757930755615234
22.0,24.0,3.9496605,19.700005,21.589546,15.499129295349121,23.81172752380371
22.0,24.0,12.794226,20.100002,22.636333,15.463592529296875,21.913890838623047
22.0,24.0,41.434547,20.8,22.265919,15.499958038330078,20.28026008605957
22.0,24.0,123.2672,21.399998,21.98914,15.5,20.89137077331543
22.0,24.0,91.802444,22.3,22.21393,15.5,24.482643127441406
22.0,24.0,88.91585,23.099998,23.137726,15.499996185302734,19.133880615234375
22.0,24.0,83.98519,24.0,21.931252,15.499984741210938,20.777402877807617
22.0,24.0,71.28842,24.899994,22.282505,15.499994277954102,18.696163177490234
22.0,24.0,76.24141,25.700005,21.925648,15.499998092651367,20.156965255737305
22.0,24.0,75.2682,26.400002,22.124147,15.499999046325684,19.393611907958984
22.0,24.0,107.02691,27.0,22.021797,15.5,20.45757484436035
22.0,24.0,151.8036,27.600006,22.295643,15.499994277954102,19.068889617919922
22.0,24.0,262.71896,28.0,22.150171,15.5,18.539390563964844
22.0,24.0,281.7447,28.5,22.195194,15.5,20.130699157714844
22.0,24.0,241.66151,28.699997,22.376522,15.499977111816406,20.131816864013672
22.0,24.0,332.84717,29.0,22.462442,15.5,24.27969741821289
22.0,24.0,365.1348,29.0,23.747627,15.499990463256836,21.74065589904785
22.0,24.0,415.94943,29.0,23.089224,15.499972343444824,18.474260330200195
22.0,24.0,252.15578,28.900002,22.682837,15.499998092651367,18.134519577026367
22.0,24.0,264.0668,28.800003,22.678898,15.499969482421875,19.559709548950195
22.0,24.0,356.4568,28.5,22.768656,15.499992370605469,21.711023330688477
22.0,24.0,163.7773,28.200005,23.214989,15.499964714050293,19.293243408203125
22.0,24.0,175.47766,27.600006,22.770779,15.499992370605469,22.5853214263916
22.0,24.0,39.821438,27.0,23.304604,15.499996185302734,20.349700927734375
22.0,24.0,51.059868,27.0,22.524782,15.49996566772461,21.906179428100586
22.0,24.0,29.830969,25.400002,22.998867,15.499807357788086,22.18450164794922
22.0,24.0,3.959288,25.100006,23.02737,15.499797821044922,20.328174591064453
22.0,24.0,0.0,24.700005,22.37336,15.499876976013184,22.35029411315918
22.0,24.0,0.0,24.5,23.036964,15.499992370605469,18.782089233398438
22.0,24.0,0.0,24.199997,22.167744,15.499902725219727,18.947940826416016
22.0,24.0,0.0,24.199997,22.059893,15.499934196472168,20.26573371887207
22.0,24.0,0.0,24.099998,22.178717,15.499977111816406,19.882564544677734
22.0,24.0,0.0,24.0,22.028131,15.499748229980469,24.077394485473633
22.0,24.0,0.0,23.899998,23.131676,15.499823570251465,20.730098724365234
22.0,24.0,0.0,23.800003,22.188646,15.499898910522461,22.751033782958984
22.0,24.0,0.0,23.699997,22.874825,15.418880462646484,25.117328643798828
22.0,24.0,0.0,23.600002,23.335999,15.494437217712402,25.763154983520508
22.0,24.0,0.0,23.5,23.509338,15.493378639221191,22.76319694519043
22.0,24.0,0.0,23.400002,22.897934,15.49613094329834,23.779205322265625
22.0,24.0,0.0,23.400002,23.15329,15.443339347839355,24.398897171020508
22.0,24.0,0.0,23.3,23.282906,15.499096870422363,20.305591583251953
22.0,24.0,0.0,23.3,22.082474,15.498997688293457,24.242361068725586
22.0,24.0,0.0,23.2,23.159384,15.499153137207031,24.295026779174805
22.0,24.0,0.0,23.2,23.236698,15.499561309814453,18.819843292236328
22.0,24.0,0.0,23.099998,21.944096,15.499186515808105,22.87722396850586
22.0,24.0,0.0,22.900002,22.862965,15.499759674072266,20.350290298461914
22.0,24.0,0.0,22.900002,22.027292,15.499151229858398,22.60065269470215
22.0,24.0,0.0,22.799995,22.76508,15.499948501586914,22.2449951171875
22.0,24.0,6.892901,23.2,22.640987,15.499517440795898,23.804656982421875
22.0,24.0,86.37401,23.699997,23.046432,15.4986572265625,18.978145599365234
22.0,24.0,71.94767,24.299995,21.88467,15.498705863952637,22.22600746154785
22.0,24.0,222.99483,25.0,22.966972,15.499996185302734,20.223356246948242
22.0,24.0,262.32318,25.800003,22.332533,15.499979019165039,20.52254295349121
22.0,24.0,418.2903,26.599998,22.52384,15.499998092651367,21.616439819335938
22.0,24.0,494.83624,27.200005,22.992956,15.499998092651367,18.452701568603516
22.0,24.0,608.0686,27.799995,22.624481,15.499985694885254,18.44380760192871
22.0,24.0,569.3066,28.400002,22.703497,15.49999713897705,18.143247604370117
22.0,24.0,714.4701,29.0,22.846375,15.499999046325684,23.573383331298828
22.0,24.0,802.8854,29.5,24.14415,15.499975204467773,18.05898094177246
22.0,24.0,847.2741,30.0,23.303204,15.499985694885254,18.286907196044922
22.0,24.0,811.0942,30.199997,23.382225,15.499967575073242,18.309314727783203
22.0,24.0,911.22473,30.5,23.536453,15.499903678894043,18.041574478149414
22.0,24.0,861.0149,30.400002,23.652763,15.499985694885254,18.276365280151367
22.0,24.0,798.6286,30.400002,23.743351,15.49999713897705,18.025163650512695
22.0,24.0,686.58386,30.199997,23.786701,15.49999713897705,18.782203674316406
22.0,24.0,537.46826,30.0,23.788109,15.49998950958252,19.263370513916016
22.0,24.0,417.73196,29.599998,23.757725,15.499991416931152,18.231508255004883
22.0,24.0,321.46173,29.299995,23.68636,15.499809265136719,18.684144973754883
22.0,24.0,304.00375,28.900002,23.62947,15.499982833862305,19.757898330688477
22.0,24.0,182.54434,28.5,23.553406,15.499990463256836,20.443418502807617
22.0,24.0,138.5606,28.0,23.489492,15.499992370605469,18.844409942626953
22.0,24.0,27.72,27.5,23.07418,15.49993896484375,19.221248626708984
22.0,24.0,47.90434,27.5,22.94888,15.49996566772461,18.320262908935547
22.0,24.0,20.849974,26.300003,22.79916,15.499893188476562,20.12765121459961
22.0,24.0,3.701262,26.0,22.74368,15.49998664855957,22.70326805114746
22.0,24.0,0.0,25.800003,23.47081,15.499943733215332,19.400543212890625
22.0,24.0,0.0,25.5,22.569893,15.499992370605469,21.474346160888672
22.0,24.0,0.0,25.299995,22.900112,15.499990463256836,18.913087844848633
22.0,24.0,0.0,25.100006,22.36995,15.499844551086426,19.94137954711914
22.0,24.0,0.0,24.800003,22.32919,15.49990177154541,25.489105224609375
22.0,24.0,0.0,24.5,23.687828,15.499872207641602,24.05336570739746
22.0,24.0,0.0,24.199997,23.509132,15.49998664855957,25.334251403808594
22.0,24.0,0.0,23.899998,23.725311,15.499979972839355,21.0014705657959
22.0,24.0,0.0,23.600002,22.469799,15.497695922851562,24.47842025756836
22.0,24.0,0.0,23.3,23.45335,15.49896240234375,23.333894729614258
22.0,24.0,0.0,23.0,23.28456,15.499529838562012,22.10858726501465
22.0,24.0,0.0,22.799995,22.812366,15.498625755310059,19.988815307617188
22.0,24.0,0.0,22.600002,22.140312,15.498279571533203,21.6947021484375
22.0,24.0,0.0,22.399998,22.638775,15.497564315795898,23.696176528930664
22.0,24.0,0.0,22.3,23.136267,15.499547958374023,25.2055721282959
22.0,24.0,0.0,22.200005,23.42931,15.498069763183594,19.033920288085938
22.0,24.0,0.0,22.0,21.986217,15.49399185180664,18.88677406311035
22.0,24.0,0.0,22.0,21.84129,15.499040603637695,25.11509895324707
22.0,24.0,0.0,21.900002,23.204422,15.499286651611328,20.1543025970459
22.0,24.0,0.0,22.0,21.929829,15.499378204345703,25.513280868530273
22.0,24.0,0.0,22.099998,23.241009,15.495224952697754,23.656749725341797
22.0,24.0,4.455,22.799995,23.011707,15.499728202819824,21.951553344726562
22.0,24.0,86.3453,23.5,22.552923,15.49907398223877,24.51527214050293
22.0,24.0,71.223816,24.700005,23.192343,15.498514175415039,23.21915626525879
22.0,24.0,224.9793,25.800003,23.33165,15.5,23.767391204833984
22.0,24.0,268.1139,26.900002,23.558704,15.499998092651367,19.666772842407227
22.0,24.0,429.68112,28.0,22.5592,15.499999046325684,18.761512756347656
22.0,24.0,505.0863,28.699997,22.597809,15.499996185302734,19.679859161376953
22.0,24.0,636.9901,29.5,22.776878,15.499969482421875,20.39310646057129
22.0,24.0,712.6153,29.899994,22.990707,15.499996185302734,18.53436279296875
22.0,24.0,806.54254,30.400002,23.080564,15.499995231628418,18.043859481811523
22.0,24.0,861.2312,30.800003,23.240414,15.499998092651367,18.266054153442383
22.0,24.0,898.64966,31.099998,23.408302,15.49997615814209,19.03863525390625
22.0,24.0,906.0818,31.300003,23.573547,15.499924659729004,18.163808822631836
22.0,24.0,913.6891,31.599998,23.709984,15.499828338623047,18.146663665771484
22.0,24.0,895.4131,31.599998,23.83534,15.499783515930176,18.013389587402344
22.0,24.0,770.5544,31.599998,23.90668,15.499980926513672,18.542707443237305
22.0,24.0,718.3916,31.5,23.966942,15.499990463256836,20.887548446655273
22.0,24.0,658.77045,31.400002,24.063046,15.499995231628418,18.165233612060547
22.0,24.0,640.4305,31.099998,24.038872,15.499958038330078,18.448837280273438
22.0,24.0,484.9766,30.700005,24.005198,15.5,20.56620979309082
22.0,24.0,418.34595,30.299995,24.001534,15.499992370605469,19.3155460357666
22.0,24.0,245.3572,29.800003,23.876478,15.499959945678711,19.547832489013672
22.0,24.0,185.52274,29.199997,23.775787,15.5,20.300216674804688
22.0,24.0,42.390392,28.5,23.414564,15.499893188476562,18.292253494262695
22.0,24.0,42.464657,28.5,23.221462,15.499856948852539,20.896806716918945
22.0,24.0,33.988987,26.799995,23.196095,15.499977111816406,21.27451515197754
22.0,24.0,2.3642216,26.300003,23.180824,15.499751091003418,19.26947593688965
22.0,24.0,0.0,25.800003,22.846544,15.499933242797852,18.141380310058594
22.0,24.0,0.0,25.400002,22.68029,15.499980926513672,23.77010154724121
22.0,24.0,0.0,25.0,23.761852,15.499948501586914,24.980403900146484
22.0,24.0,0.0,24.700005,23.998655,15.499905586242676,18.631628036499023
22.0,24.0,0.0,24.299995,22.56569,15.499963760375977,24.97214698791504
22.0,24.0,0.0,24.0,23.804335,15.499991416931152,20.803428649902344
22.0,24.0,0.0,23.699997,22.547977,15.49988842010498,23.880887985229492
22.0,24.0,0.0,23.400002,23.498993,15.499898910522461,21.042747497558594
22.0,24.0,0.0,23.2,22.544903,15.473217964172363,25.19419288635254
22.0,24.0,0.0,23.0,23.633957,15.49134635925293,25.584918975830078
22.0,24.0,0.0,22.900002,23.757622,15.499563217163086,21.889673233032227
22.0,24.0,0.0,22.799995,22.760479,15.494847297668457,25.214920043945312
22.0,24.0,0.0,22.600002,23.591862,15.49975299835205,22.454017639160156
22.0,24.0,0.0,22.600002,22.930056,15.454036712646484,23.474231719970703
22.0,24.0,0.0,22.5,23.242233,15.499513626098633,24.531295776367188
22.0,24.0,0.0,22.5,23.43415,15.499817848205566,25.107826232910156
22.0,24.0,0.0,22.399998,23.544813,15.496249198913574,23.660261154174805
22.0,24.0,0.0,22.399998,23.291885,15.499500274658203,22.238868713378906
22.0,24.0,0.0,22.399998,22.810911,15.49504566192627,21.151735305786133
22.0,24.0,0.0,22.5,22.42759,15.495583534240723,19.018081665039062
22.0,24.0,0.0,22.600002,21.951141,15.49388313293457,23.20542335510254
22.0,24.0,4.125,23.3,22.95807,15.495080947875977,20.118999481201172
22.0,24.0,84.60492,24.0,22.02884,15.499940872192383,21.047889709472656
22.0,24.0,69.17294,25.199997,22.354233,15.496477127075195,22.861982345581055
22.0,24.0,229.41939,26.300003,23.213917,15.499977111816406,18.392860412597656
22.0,24.0,276.71353,27.399994,22.33111,15.49999713897705,19.656457901000977
22.0,24.0,439.18015,28.5,22.455341,15.5,20.785648345947266
22.0,24.0,518.5981,29.199997,22.782675,15.5,18.09613037109375
22.0,24.0,651.73846,29.899994,22.712055,15.499995231628418,22.033193588256836
22.0,24.0,728.388,30.5,23.487011,15.499984741210938,19.690902709960938
22.0,24.0,819.8922,31.099998,23.154564,15.499980926513672,18.094470977783203
22.0,24.0,874.584,31.5,23.281897,15.499996185302734,18.097335815429688
22.0,24.0,921.7469,31.900002,23.457355,15.499579429626465,18.005762100219727
22.0,24.0,943.0832,32.1,23.625141,15.499992370605469,18.02216148376465
22.0,24.0,943.29785,32.300003,23.779274,15.499998092651367,19.193347930908203
22.0,24.0,873.6547,32.300003,23.906939,15.499855041503906,18.122177124023438
22.0,24.0,828.5275,32.300003,23.995132,15.49995231628418,18.035219192504883
22.0,24.0,791.83545,32.1,24.070074,15.499993324279785,18.119291305541992
22.0,24.0,681.14777,32.0,24.102768,15.499999046325684,18.694042205810547
22.0,24.0,579.4361,31.799995,24.107996,15.499964714050293,18.524917602539062
22.0,24.0,467.387,31.599998,24.074543,15.49999713897705,18.0552978515625
22.0,24.0,341.1475,31.199997,24.001574,15.5,18.29440689086914
22.0,24.0,193.99982,30.700005,23.893213,15.499991416931152,18.35846710205078
22.0,24.0,186.59212,30.0,23.795616,15.499999046325684,18.320589065551758
22.0,24.0,43.108253,29.299995,23.407476,15.499998092651367,20.698041915893555
22.0,24.0,40.530663,29.299995,23.338205,15.49996280670166,20.239898681640625
22.0,24.0,38.90973,27.399994,23.183182,15.499961853027344,20.898313522338867
22.0,24.0,2.2884152,26.900002,23.120909,15.49998664855957,21.469823837280273
22.0,24.0,0.0,26.300003,23.20042,15.499927520751953,22.291358947753906
22.0,24.0,0.0,25.900002,23.424078,15.499981880187988,21.10564422607422
22.0,24.0,0.0,25.400002,22.90559,15.499923706054688,19.455656051635742
22.0,24.0,0.0,25.100006,22.606413,15.499634742736816,18.52614974975586
22.0,24.0,0.0,24.700005,22.455267,15.499691009521484,25.640960693359375
22.0,24.0,0.0,24.400002,23.887232,15.499899864196777,23.491085052490234
22.0,24.0,0.0,24.099998,23.50877,15.499878883361816,18.66204261779785
22.0,24.0,0.0,23.800003,22.354519,15.499945640563965,19.344615936279297
22.0,24.0,0.0,23.600002,22.231375,15.394253730773926,25.713058471679688
22.0,24.0,0.0,23.3,23.658813,15.497304916381836,21.949296951293945
22.0,24.0,0.0,23.099998,22.75737,15.498067855834961,25.59310531616211
22.0,24.0,0.0,23.0,23.631378,15.483423233032227,25.04673957824707
22.0,24.0,0.0,22.799995,23.585342,15.499078750610352,20.321786880493164
22.0,24.0,0.0,22.7,22.225742,15.479995727539062,23.26889991760254
22.0,24.0,0.0,22.600002,23.116568,15.498849868774414,19.210691452026367
22.0,24.0,0.0,22.600002,22.033627,15.495481491088867,22.36496925354004
22.0,24.0,0.0,22.600002,22.82272,15.499791145324707,25.02666664123535
22.0,24.0,0.0,22.3,23.351957,15.498676300048828,25.218116760253906
22.0,24.0,0.0,22.0,23.425632,15.495147705078125,18.670642852783203
22.0,24.0,0.0,21.900002,21.954546,15.498875617980957,25.229206085205078
22.0,24.0,0.0,21.900002,23.286633,15.499942779541016,21.574560165405273
22.0,24.0,4.793565,22.3,22.426338,15.498149871826172,22.162202835083008
22.0,24.0,5.918732,22.7,22.664944,15.499646186828613,21.410642623901367
22.0,24.0,8.859319,23.099998,22.37833,15.499943733215332,22.434106826782227
22.0,24.0,15.829069,23.600002,22.953608,15.49998950958252,24.593544006347656
22.0,24.0,93.04864,24.099998,23.475304,15.499994277954102,18.29236602783203
22.0,24.0,157.20117,24.599998,22.223827,15.5,22.637168884277344
22.0,24.0,312.0767,25.100006,23.196148,15.499998092651367,19.16832733154297
22.0,24.0,374.15894,25.599998,22.40337,15.499998092651367,21.166645050048828
22.0,24.0,400.2417,25.900002,22.821863,15.499998092651367,19.570404052734375
22.0,24.0,506.3474,26.199997,22.58656,15.499998092651367,20.470291137695312
22.0,24.0,670.5736,26.300003,22.805416,15.49998950958252,18.682735443115234
22.0,24.0,722.7318,26.400002,22.822216,15.499990463256836,18.054851531982422
22.0,24.0,856.1727,26.300003,22.959953,15.499940872192383,19.6845645904541
22.0,24.0,815.2994,26.300003,23.116005,15.499992370605469,18.022781372070312
22.0,24.0,654.2859,26.0,23.134533,15.4996337890625,20.03791046142578
22.0,24.0,632.9238,25.700005,23.231842,15.49997329711914,18.44271469116211
22.0,24.0,487.54453,25.299995,23.183567,15.499975204467773,19.227527618408203
22.0,24.0,305.96436,24.899994,23.132643,15.49997329711914,22.675315856933594
22.0,24.0,332.91785,24.599998,23.841583,15.499996185302734,19.576810836791992
22.0,24.0,295.237,24.299995,23.135777,15.499996185302734,19.41254997253418
22.0,24.0,223.65593,24.0,23.028759,15.499859809875488,19.499141693115234
22.0,24.0,194.70064,23.800003,22.954443,15.499998092651367,22.796058654785156
22.0,24.0,177.2413,23.3,23.72511,15.49998664855957,21.049039840698242
22.0,24.0,29.040003,22.900002,22.757303,15.49998950958252,24.184307098388672
22.0,24.0,53.44402,22.900002,23.72829,15.499993324279785,20.507003784179688
22.0,24.0,28.177637,21.199997,22.527405,15.499380111694336,23.75203514099121
22.0,24.0,1.0600573,20.8,23.470493,15.499979019165039,25.425325393676758
22.0,24.0,0.0,20.400002,23.769917,15.499868392944336,21.362943649291992
22.0,24.0,0.0,20.0,22.585411,15.499921798706055,22.621662139892578
22.0,24.0,0.0,19.700005,23.043982,15.499921798706055,19.47112464904785
22.0,24.0,0.0,19.400002,22.074575,15.499777793884277,24.04320526123047
22.0,24.0,0.0,19.099998,23.153671,15.499979019165039,22.696022033691406
22.0,24.0,0.0,18.600002,22.853622,15.499993324279785,21.404857635498047
22.0,24.0,0.0,18.2,22.367792,15.499770164489746,25.03876495361328
22.0,24.0,0.0,17.7,23.18991,15.499833106994629,24.37569808959961
22.0,24.0,0.0,17.3,23.092962,15.393782615661621,25.698654174804688
22.0,24.0,0.0,17.099998,23.296898,15.495137214660645,25.67778778076172
22.0,24.0,0.0,16.900002,23.298449,15.499024391174316,25.37643814086914
22.0,24.0,0.0,16.599998,23.233038,15.498825073242188,23.928192138671875
22.0,24.0,0.0,16.300003,22.951126,15.499135971069336,24.568145751953125
22.0,24.0,0.0,16.0,23.017975,15.499213218688965,25.398256301879883
22.0,24.0,0.0,15.700001,23.144327,15.499349594116211,20.267194747924805
22.0,24.0,0.0,15.400002,21.77473,15.499217987060547,23.947229385375977
22.0,24.0,0.0,15.100002,22.703156,15.48090934753418,22.87832260131836
22.0,24.0,0.0,14.799999,22.523838,15.499095916748047,24.504196166992188
22.0,24.0,0.0,14.5,22.767353,15.498804092407227,24.738006591796875
22.0,24.0,0.0,14.400002,22.800642,15.424901008605957,25.16808319091797
22.0,24.0,0.0,14.299999,22.85943,15.49490737915039,24.606399536132812
22.0,24.0,7.8475723,15.0,22.760551,15.49842357635498,25.7113037109375
22.0,24.0,87.58712,15.700001,22.979055,15.499961853027344,21.165725708007812
22.0,24.0,64.34197,16.8,21.935719,15.498744010925293,20.295719146728516
22.0,24.0,252.3078,18.0,21.957817,15.499990463256836,19.0465030670166
22.0,24.0,309.49414,19.2,21.748878,15.499995231628418,20.265413284301758
22.0,24.0,485.23135,20.299995,22.088184,15.499993324279785,24.13835906982422
22.0,24.0,573.0645,21.300003,23.235107,15.499990463256836,25.68532943725586
22.0,24.0,713.2986,22.200005,23.794579,15.499998092651367,18.27023696899414
22.0,24.0,795.30994,22.900002,22.506754,15.499931335449219,18.110904693603516
22.0,24.0,891.0841,23.600002,22.596745,15.499994277954102,18.15221405029297
22.0,24.0,946.8015,24.099998,22.76131,15.499994277954102,18.40512466430664
22.0,24.0,994.79034,24.700005,22.93665,15.499946594238281,18.054092407226562
22.0,24.0,1014.34894,25.100006,23.095314,15.499935150146484,18.013771057128906
22.0,24.0,1006.73663,25.5,23.244064,15.49999713897705,18.075660705566406
22.0,24.0,991.67114,25.700005,23.37838,15.499982833862305,18.244245529174805
22.0,24.0,927.88416,25.900002,23.482735,15.499872207641602,18.277528762817383
22.0,24.0,880.89795,26.0,23.566654,15.499979019165039,18.202072143554688
22.0,24.0,766.91644,26.099998,23.607153,15.499982833862305,18.431934356689453
22.0,24.0,654.16656,25.900002,23.61415,15.499945640563965,18.767135620117188
22.0,24.0,456.29163,25.700005,23.559593,15.499992370605469,18.60590362548828
22.0,24.0,408.45947,25.199997,23.500158,15.499999046325684,22.890317916870117
22.0,24.0,211.20372,24.800003,24.114988,15.5,18.91765594482422
22.0,24.0,189.05498,23.699997,23.360111,15.499991416931152,18.614839553833008
22.0,24.0,37.37517,22.600002,22.911901,15.499161720275879,20.391525268554688
22.0,24.0,45.905796,22.600002,22.830486,15.4999361038208,22.879438400268555
22.0,24.0,33.055573,19.700005,23.539923,15.499828338623047,20.747554779052734
22.0,24.0,0.0,19.3,22.63732,15.499978065490723,21.442615509033203
22.0,24.0,0.0,18.899998,22.808437,15.499940872192383,24.29306411743164
22.0,24.0,0.0,18.699997,23.526533,15.499652862548828,19.04526138305664
22.0,24.0,0.0,18.400002,22.199984,15.498674392700195,21.169233322143555
22.0,24.0,0.0,18.099998,22.486198,15.499990463256836,19.659671783447266
22.0,24.0,0.0,17.900002,21.97311,15.499975204467773,19.0909481048584
22.0,24.0,0.0,17.600002,21.802563,15.49991226196289,24.47186851501465
22.0,24.0,0.0,17.399998,23.002792,15.499752044677734,20.111328125
22.0,24.0,0.0,17.0,21.803465,15.499872207641602,23.465625762939453
22.0,24.0,0.0,16.7,22.703718,15.492416381835938,22.660226821899414
22.0,24.0,0.0,16.5,22.572998,15.497897148132324,24.200876235961914
22.0,24.0,0.0,16.199997,22.808079,15.499608993530273,25.857547760009766
22.0,24.0,0.0,16.199997,23.102566,15.498022079467773,25.22747230529785
22.0,24.0,0.0,16.199997,23.008,15.495260238647461,24.088624954223633
22.0,24.0,0.0,16.300003,22.794678,15.496109962463379,22.740671157836914
22.0,24.0,0.0,16.399998,22.525307,15.493819236755371,25.2036190032959
22.0,24.0,0.0,16.5,22.928877,15.497130393981934,25.347455978393555
22.0,24.0,0.0,16.5,22.978241,15.407371520996094,25.76697540283203
22.0,24.0,0.0,16.300003,23.055855,15.482118606567383,24.27707290649414
22.0,24.0,0.0,16.100002,22.79982,15.499283790588379,23.96403694152832
22.0,24.0,0.0,16.199997,22.719639,15.49989128112793,22.556236267089844
22.0,24.0,0.0,16.300003,22.44486,15.498842239379883,21.39377212524414
22.0,24.0,4.7979274,17.0,22.033445,15.499396324157715,20.113510131835938
22.0,24.0,71.21906,17.7,21.638355,15.499549865722656,22.87373924255371
22.0,24.0,80.728004,18.3,22.38575,15.499934196472168,19.394861221313477
22.0,24.0,233.07419,18.899998,21.719788,15.49997329711914,18.599639892578125
22.0,24.0,287.60315,19.899998,21.688494,15.499998092651367,21.695735931396484
22.0,24.0,407.87268,20.900002,22.529865,15.499996185302734,25.45284080505371
22.0,24.0,496.0455,22.799995,23.471218,15.499998092651367,18.83300018310547
22.0,24.0,665.8392,24.800003,22.250893,15.499879837036133,21.21482276916504
22.0,24.0,744.50085,26.099998,22.816036,15.499872207641602,18.671253204345703
22.0,24.0,821.62756,27.399994,22.599257,15.499958038330078,18.106103897094727
22.0,24.0,893.45105,28.200005,22.766989,15.499980926513672,18.497005462646484
22.0,24.0,921.8935,28.900002,22.963638,15.499966621398926,18.019283294677734
22.0,24.0,757.3343,29.400002,23.076935,15.499984741210938,20.32560920715332
22.0,24.0,463.44226,29.800003,23.173256,15.499999046325684,19.975881576538086
22.0,24.0,655.1643,30.0,23.275303,15.499995231628418,21.505142211914062
22.0,24.0,636.7128,30.199997,23.568745,15.499988555908203,19.317577362060547
22.0,24.0,702.36365,30.199997,23.474583,15.499994277954102,18.69740867614746
22.0,24.0,662.0972,30.199997,23.525505,15.499993324279785,19.63831901550293
22.0,24.0,593.45825,29.800003,23.585495,15.499979019165039,21.441997528076172
22.0,24.0,453.31845,29.5,23.71913,15.499998092651367,19.17026138305664
22.0,24.0,287.73697,28.800003,23.531414,15.499999046325684,18.575130462646484
22.0,24.0,184.12018,28.200005,23.428968,15.499998092651367,20.95317840576172
22.0,24.0,136.64679,27.300003,23.436787,15.499998092651367,20.98583221435547
22.0,24.0,43.770065,26.400002,23.115444,15.499967575073242,22.692617416381836
22.0,24.0,49.411835,26.400002,23.667084,15.49998664855957,23.835205078125
22.0,24.0,18.709385,24.800003,24.008327,15.499204635620117,20.88249969482422
22.0,24.0,0.0,24.5,22.871452,15.49970817565918,22.73948097229004
22.0,24.0,0.0,24.199997,23.494366,15.499953269958496,21.506040573120117
22.0,24.0,0.0,24.0,22.92862,15.499905586242676,18.825050354003906
22.0,24.0,0.0,23.800003,22.451328,15.49997329711914,18.69063949584961
22.0,24.0,0.0,23.699997,22.314934,15.49998664855957,19.013988494873047
22.0,24.0,0.0,23.5,22.218971,15.499977111816406,20.33591079711914
22.0,24.0,0.0,23.400002,22.297327,15.4999361038208,25.670473098754883
22.0,24.0,0.0,23.3,23.593868,15.49986743927002,22.336048126220703
22.0,24.0,0.0,23.2,22.8525,15.499993324279785,21.019943237304688
22.0,24.0,0.0,23.2,22.41095,15.499861717224121,25.428752899169922
