energy_true,penalty_true,exceedance_true
0.026935707564560263,0.0,0.0
0.20950573525347205,0.0,0.0
0.27062475480060494,0.0,0.0
0.45296436801603546,0.0,0.0
0.6357846253500294,0.0,0.0
0.8188770298940168,0.0,0.0
1.0021901128232917,0.0,0.0
1.0242029198237315,0.0,0.0
1.202741364958425,0.0,0.0
1.3000498465483723,0.0,0.0
1.3196271877950339,0.0,0.0
1.3658737132127052,0.0,0.0
1.393906335442262,0.0,0.0
1.547312659276504,0.0,0.0
1.6531756441941006,0.5,0.26577944781816853
1.6763095292902208,0.5,0.26577944781816853
1.7491121896589938,1.0,0.290794417008847
1.8266336194465425,1.5,0.30009410845178763
1.8451315268277781,1.5,0.30009410845178763
1.9223154081369898,1.5,0.30009410845178763
2.0006612972825604,1.5,0.30009410845178763
2.0913539372946235,1.5,0.30009410845178763
2.1796279613092344,1.5,0.30009410845178763
2.250775415587072,1.5,0.30009410845178763
2.2779477463233357,2.0,0.39320566453470107
2.37871492216235,2.0,0.39320566453470107
2.4317854485325032,2.0,0.39320566453470107
2.462574036112351,2.0,0.39320566453470107
2.4903587399604827,2.0,0.39320566453470107
2.5892175046616672,2.0,0.39320566453470107
2.6781470971681562,2.0,0.39320566453470107
2.776037174111354,2.0,0.39320566453470107
2.7966763786481468,2.5,0.5051711467805209
2.898989225276384,2.5,0.5051711467805209
3.0056795929425104,2.5,0.5051711467805209
3.1149312120728445,2.5,0.5051711467805209
3.221818780554491,2.5,0.5051711467805209
3.3308408516780887,2.5,0.5051711467805209
3.4376102825284756,2.5,0.5051711467805209
3.5388118714364953,2.5,0.5051711467805209
3.5624846377732036,2.5,0.5051711467805209
3.6434270397235626,2.5,0.5051711467805209
3.7732605973904665,2.5,0.5051711467805209
3.891715218257297,2.5,0.5051711467805209
4.028362650739843,2.5,0.5051711467805209
4.152405558353947,2.5,0.5051711467805209
4.19697317529966,2.5,0.5051711467805209
4.369565771508865,2.5,0.5051711467805209
4.422272429685109,2.5,0.5051711467805209
4.47911622842561,2.5,0.5051711467805209
4.640116814992848,2.5,0.5051711467805209
4.695646323898435,2.5,0.5051711467805209
4.8794713152493205,2.5,0.5051711467805209
5.04880170328499,2.5,0.5051711467805209
5.1171646472041115,2.5,0.5051711467805209
5.247602948141341,2.5,0.5051711467805209
5.270219926608097,2.5,0.5051711467805209
5.381441119064765,2.5,0.5051711467805209
5.507069160531818,2.5,0.5051711467805209
5.529060959514408,2.5,0.5051711467805209
5.713153287452562,2.5,0.5051711467805209
5.732273084191028,2.5,0.5051711467805209
5.791617311105601,3.0,0.7261359069420728
5.939928226975827,3.0,0.7261359069420728
5.994375097258809,3.0,0.7261359069420728
6.057916364495997,3.0,0.7261359069420728
6.095823548030178,3.0,0.7261359069420728
6.181680927931703,3.0,0.7261359069420728
6.289866225332563,3.0,0.7261359069420728
6.312550635083396,3.0,0.7261359069420728
6.413773978234203,3.0,0.7261359069420728
6.43381927704283,3.0,0.7261359069420728
6.493299229057338,3.0,0.7261359069420728
6.586570911978848,3.0,0.7261359069420728
6.685322048039028,3.0,0.7261359069420728
6.783891003560649,3.0,0.7261359069420728
6.857980280938359,3.0,0.7261359069420728
6.889685988165818,3.0,0.7261359069420728
6.9904705132720375,3.0,0.7261359069420728
7.0855413912579195,3.0,0.7261359069420728
7.124621713739184,3.0,0.7261359069420728
7.222980191206241,3.0,0.7261359069420728
7.308865804085874,3.0,0.7261359069420728
7.4067597719548885,3.0,0.7261359069420728
7.486341948343389,3.0,0.7261359069420728
7.577234744277508,3.0,0.7261359069420728
7.663398424132859,3.0,0.7261359069420728
7.684435728972681,3.0,0.7261359069420728
7.7930813238122845,3.0,0.7261359069420728
7.875889564638396,3.0,0.7261359069420728
7.897879172163997,3.0,0.7261359069420728
7.949365224283701,3.0,0.7261359069420728
8.05120798174606,3.0,0.7261359069420728
8.096623382841452,3.0,0.7261359069420728
8.213141329378598,3.0,0.7261359069420728
8.23527392307528,3.0,0.7261359069420728
8.3212496621325,3.0,0.7261359069420728
8.472306533800134,3.0,0.7261359069420728
8.51982046121909,3.0,0.7261359069420728
8.546029373465602,3.0,0.7261359069420728
8.638733144225853,3.0,0.7261359069420728
8.70674764685342,3.0,0.7261359069420728
8.758574471347883,3.0,0.7261359069420728
8.92151868727109,3.0,0.7261359069420728
8.957958311726559,3.0,0.7261359069420728
9.012977279153818,3.0,0.7261359069420728
9.180636158135087,3.0,0.7261359069420728
9.29608786330023,3.0,0.7261359069420728
9.318166143810172,3.0,0.7261359069420728
9.345268102621606,3.0,0.7261359069420728
9.434849179740889,3.5,0.9056961269347905
9.468298921976,3.5,0.9056961269347905
9.491344473898659,3.5,0.9056961269347905
9.57133181765586,3.5,0.9056961269347905
9.662215527791284,3.5,0.9056961269347905
9.689559120359858,3.5,0.9056961269347905
9.766354044932921,3.5,0.9056961269347905
9.825213151712246,3.5,0.9056961269347905
9.928950562231499,3.5,0.9056961269347905
10.007492114211663,3.5,0.9056961269347905
10.11262242264337,3.5,0.9056961269347905
10.222604539619224,3.5,0.9056961269347905
10.330924699828829,3.5,0.9056961269347905
10.41989141092675,3.5,0.9056961269347905
10.530231949733865,3.5,0.9056961269347905
10.615509928922359,3.5,0.9056961269347905
10.70644021502405,3.5,0.9056961269347905
10.743807545376002,3.5,0.9056961269347905
10.856050776964842,3.5,0.9056961269347905
10.95846856633898,3.5,0.9056961269347905
11.065014896347225,3.5,0.9056961269347905
11.13612577661461,3.5,0.9056961269347905
11.233590844251195,3.5,0.9056961269347905
11.329691512743777,3.5,0.9056961269347905
11.424066898512468,3.5,0.9056961269347905
11.542427256504524,3.5,0.9056961269347905
11.616224505381334,3.5,0.9056961269347905
11.689068788202666,3.5,0.9056961269347905
11.830679792747913,3.5,0.9056961269347905
11.860429725756537,3.5,0.9056961269347905
11.971718160249411,3.5,0.9056961269347905
12.006296663417583,3.5,0.9056961269347905
12.029420801898535,3.5,0.9056961269347905
12.049728648814993,3.5,0.9056961269347905
12.197703068674548,3.5,0.9056961269347905
12.301809293464153,3.5,0.9056961269347905
12.34680343076829,3.5,0.9056961269347905
12.525007791335357,3.5,0.9056961269347905
12.709397699761857,3.5,0.9056961269347905
12.780131780515632,3.5,0.9056961269347905
12.859454343575724,3.5,0.9056961269347905
13.043306186111137,3.5,0.9056961269347905
13.158222613357518,3.5,0.9056961269347905
13.325209621889783,3.5,0.9056961269347905
13.354256267591456,3.5,0.9056961269347905
13.419940097515642,3.5,0.9056961269347905
13.454138170111744,3.5,0.9056961269347905
13.637971362245507,3.5,0.9056961269347905
13.700302650986176,3.5,0.9056961269347905
13.71895652932245,3.5,0.9056961269347905
13.881452996168518,3.5,0.9056961269347905
13.943668271773811,3.5,0.9056961269347905
14.061783173411921,4.0,0.9866525519398994
14.111146937507483,4.0,0.9866525519398994
14.210343019533878,4.0,0.9866525519398994
14.249204165145013,4.0,0.9866525519398994
14.359801352825421,4.0,0.9866525519398994
14.429040956558955,4.0,0.9866525519398994
14.548078130078432,4.0,0.9866525519398994
14.658786527665253,4.0,0.9866525519398994
14.766589124342714,4.0,0.9866525519398994
14.879479906302624,4.0,0.9866525519398994
14.96560583585357,4.0,0.9866525519398994
14.98900722430571,4.0,0.9866525519398994
15.105772150198256,4.0,0.9866525519398994
15.218579332696176,4.0,0.9866525519398994
15.327971913327254,4.0,0.9866525519398994
15.439539370697426,4.0,0.9866525519398994
15.54828100243052,4.0,0.9866525519398994
15.574482202346502,4.0,0.9866525519398994
15.69111186297284,4.0,0.9866525519398994
15.739094541370392,4.0,0.9866525519398994
15.781649684300616,4.0,0.9866525519398994
15.896070653417558,4.0,0.9866525519398994
15.919918236803463,4.0,0.9866525519398994
15.986738984486507,4.0,0.9866525519398994
16.056347897611694,4.0,0.9866525519398994
16.142371005187954,4.0,0.9866525519398994
16.18819996463258,4.0,0.9866525519398994
16.222937897343158,4.0,0.9866525519398994
16.32111969489558,4.0,0.9866525519398994
16.36095750116648,4.0,0.9866525519398994
16.507464320753513,4.0,0.9866525519398994
16.6349592513688,4.0,0.9866525519398994
16.73086388110484,4.0,0.9866525519398994
16.904993991957863,4.0,0.9866525519398994
17.000629977033775,4.0,0.9866525519398994
17.18426777779937,4.0,0.9866525519398994
17.21115354743883,4.0,0.9866525519398994
17.377593838753892,4.0,0.9866525519398994
17.40712803060232,4.0,0.9866525519398994
17.430372530917595,4.0,0.9866525519398994
17.5374994642977,4.0,0.9866525519398994
17.57097028502734,4.0,0.9866525519398994
17.688930366251537,4.0,0.9866525519398994
17.726741875003505,4.5,1.0620542964849786
17.82842958751509,5.0,1.4380712308713957
17.8627698544857,5.0,1.4380712308713957
17.942765733395504,5.5,1.5721514568371173
18.02268720966688,5.5,1.5721514568371173
18.13363217540238,6.0,1.6577580037409518
18.19399621228609,6.0,1.6577580037409518
18.270498456391156,6.0,1.6577580037409518
18.319854441715908,6.0,1.6577580037409518
18.425126465763316,6.0,1.6577580037409518
18.459571921781727,6.0,1.6577580037409518
18.51440455215019,6.5,1.7076369835356662
18.609195805937382,6.5,1.7076369835356662
18.687539782307923,6.5,1.7076369835356662
18.782437456277677,6.5,1.7076369835356662
18.83739089878679,6.5,1.7076369835356662
18.93162281833667,6.5,1.7076369835356662
19.036129433306943,6.5,1.7076369835356662
19.11141099255623,6.5,1.7076369835356662
19.207242261853374,6.5,1.7076369835356662
19.309945750953826,6.5,1.7076369835356662
19.40631330159317,6.5,1.7076369835356662
19.523339492098152,6.5,1.7076369835356662
19.633028019833212,6.5,1.7076369835356662
19.75144528364411,6.5,1.7076369835356662
19.85349528083083,6.5,1.7076369835356662
20.01804255232044,6.5,1.7076369835356662
20.046843751795283,6.5,1.7076369835356662
20.085593292582416,6.5,1.7076369835356662
20.176994835303624,6.5,1.7076369835356662
20.210847171088616,6.5,1.7076369835356662
20.371767535623476,6.5,1.7076369835356662
20.45753497537835,6.5,1.7076369835356662
20.507775752653863,6.5,1.7076369835356662
20.55612617856515,6.5,1.7076369835356662
20.730442355566552,6.5,1.7076369835356662
20.878699066326707,6.5,1.7076369835356662
21.06245855278692,6.5,1.7076369835356662
21.12954395407505,6.5,1.7076369835356662
21.235025867308398,6.5,1.7076369835356662
21.417957789290405,6.5,1.7076369835356662
21.58396622624605,6.5,1.7076369835356662
21.665698483416136,6.5,1.7076369835356662
21.788065865648036,6.5,1.7076369835356662
21.941136824769533,6.5,1.7076369835356662
22.057182135406975,6.5,1.7076369835356662
22.24052653362404,6.5,1.7076369835356662
22.421786928042636,6.5,1.7076369835356662
22.494120499523536,6.5,1.7076369835356662
22.572682529329423,7.0,2.11121680045542
22.595747203467393,7.0,2.11121680045542
22.702437794181577,7.0,2.11121680045542
22.799468897115933,7.5,2.3234872497205803
22.900678014743615,8.0,2.55613745783438
22.9267455129106,8.0,2.55613745783438
22.950466313668365,8.0,2.55613745783438
23.0522330929536,8.0,2.55613745783438
23.152306716697765,8.0,2.55613745783438
23.255383829121378,8.0,2.55613745783438
23.29804834883985,8.0,2.55613745783438
23.390855562670453,8.0,2.55613745783438
23.46905693288689,8.0,2.55613745783438
23.576105686378657,8.0,2.55613745783438
23.607724761830028,8.0,2.55613745783438
23.707690354671012,8.0,2.55613745783438
23.78966504101364,8.0,2.55613745783438
23.873293209761773,8.0,2.55613745783438
23.977321015026803,8.0,2.55613745783438
24.07519715561707,8.0,2.55613745783438
24.174142421839093,8.0,2.55613745783438
24.267342467283463,8.0,2.55613745783438
24.341990396702464,8.0,2.55613745783438
24.3902077592205,8.0,2.55613745783438
24.413001666697195,8.0,2.55613745783438
24.53340536886508,8.0,2.55613745783438
24.55716377678958,8.0,2.55613745783438
24.587061919215078,8.0,2.55613745783438
24.61278791864767,8.0,2.55613745783438
24.712987803538727,8.0,2.55613745783438
24.83256765866719,8.0,2.55613745783438
24.90492216874793,8.0,2.55613745783438
24.924441853141968,8.0,2.55613745783438
25.03714143673957,8.0,2.55613745783438
25.22047565007753,8.0,2.55613745783438
25.31341840886511,8.0,2.55613745783438
25.42984399220984,8.0,2.55613745783438
25.47729813050342,8.0,2.55613745783438
25.561656573866383,8.0,2.55613745783438
25.58221570266734,8.0,2.55613745783438
25.610697380767323,8.0,2.55613745783438
25.687233995171876,8.0,2.55613745783438
25.727288442283143,8.0,2.55613745783438
25.842609462178242,8.0,2.55613745783438
25.989596413216745,8.0,2.55613745783438
26.091822061540036,8.0,2.55613745783438
26.164549972295287,8.0,2.55613745783438
26.185675483315446,8.0,2.55613745783438
26.27694037182768,8.5,2.8323369649120433
26.320343614555373,8.5,2.8323369649120433
26.393507444793944,9.0,2.901364321952938
26.419689538361773,9.0,2.901364321952938
26.44320815268777,9.0,2.901364321952938
26.57154073950885,9.0,2.901364321952938
26.63948323021462,9.0,2.901364321952938
26.702779448861662,9.0,2.901364321952938
26.77881561965363,9.5,3.04681230563102
26.87809045966049,9.5,3.04681230563102
26.969863442949865,9.5,3.04681230563102
27.06368106924126,9.5,3.04681230563102
27.15337937499831,9.5,3.04681230563102
27.193385840521078,9.5,3.04681230563102
27.28344094379419,9.5,3.04681230563102
27.377753563920862,9.5,3.04681230563102
27.47347625610529,9.5,3.04681230563102
27.562916118788355,9.5,3.04681230563102
27.58166274717636,10.0,3.2895590750967614
27.679922630866162,10.0,3.2895590750967614
27.76946096025326,10.0,3.2895590750967614
27.81112451687059,10.0,3.2895590750967614
27.86999519213359,10.0,3.2895590750967614
27.974957826481482,10.0,3.2895590750967614
28.074993404714352,10.0,3.2895590750967614
28.172122364092846,10.0,3.2895590750967614
28.254160774371638,10.0,3.2895590750967614
28.308279496371973,10.0,3.2895590750967614
28.419894305411002,10.0,3.2895590750967614
28.491376677222394,10.0,3.2895590750967614
28.633463725968458,10.0,3.2895590750967614
28.762554498182176,10.0,3.2895590750967614
28.87617208211636,10.0,3.2895590750967614
28.961909229794955,10.0,3.2895590750967614
29.107083495278065,10.0,3.2895590750967614
29.16637389037741,10.0,3.2895590750967614
29.25333213740939,10.0,3.2895590750967614
29.396038875523924,10.0,3.2895590750967614
29.443601136888013,10.0,3.2895590750967614
29.472199652809365,10.0,3.2895590750967614
29.509496156858887,10.0,3.2895590750967614
29.529806965146182,10.0,3.2895590750967614
29.640155043216364,10.0,3.2895590750967614
29.67213254027131,10.0,3.2895590750967614
29.691541483477135,10.0,3.2895590750967614
29.80226944000357,10.0,3.2895590750967614
29.90345366756428,10.0,3.2895590750967614
29.95032433255115,10.0,3.2895590750967614
30.010601364773883,10.5,3.335093387837718
30.035027205961274,10.5,3.335093387837718
30.12917054974097,10.5,3.335093387837718
30.22483805065211,10.5,3.335093387837718
30.246295973925797,10.5,3.335093387837718
30.31505938732968,10.5,3.335093387837718
30.416303573887006,10.5,3.335093387837718
30.499972676121356,10.5,3.335093387837718
30.596578037832,10.5,3.335093387837718
30.621050217686673,10.5,3.335093387837718
30.66397660860278,10.5,3.335093387837718
30.76147294630746,10.5,3.335093387837718
30.853355703856575,10.5,3.335093387837718
30.946185943968775,10.5,3.335093387837718
31.009037220890217,10.5,3.335093387837718
31.088758696962202,10.5,3.335093387837718
31.181441492406623,10.5,3.335093387837718
31.206571558105498,11.0,3.3403672604589225
31.221969202140293,11.5,3.6064064877562725
31.31990861687964,11.5,3.6064064877562725
31.358821415905126,11.5,3.6064064877562725
31.388547721586665,11.5,3.6064064877562725
31.487166659735628,11.5,3.6064064877562725
31.518543730182202,11.5,3.6064064877562725
31.61047310896879,11.5,3.6064064877562725
31.7055300569876,11.5,3.6064064877562725
31.80736063496732,11.5,3.6064064877562725
31.837954035218782,11.5,3.6064064877562725
31.926153932738274,11.5,3.6064064877562725
31.965245688837566,11.5,3.6064064877562725
32.00242921415737,11.5,3.6064064877562725
32.07712773187609,11.5,3.6064064877562725
32.187746598029605,11.5,3.6064064877562725
32.22242292758758,11.5,3.6064064877562725
32.347740326731,11.5,3.6064064877562725
32.49403513030885,11.5,3.6064064877562725
32.518698168621384,11.5,3.6064064877562725
32.67904539695762,11.5,3.6064064877562725
32.80502239141449,11.5,3.6064064877562725
32.88956289928423,11.5,3.6064064877562725
33.06054807459392,11.5,3.6064064877562725
33.09654967182185,11.5,3.6064064877562725
33.18281564502384,11.5,3.6064064877562725
33.31904905651943,11.5,3.6064064877562725
33.345089658730295,11.5,3.6064064877562725
33.44257668687078,11.5,3.6064064877562725
33.47533446080249,11.5,3.6064064877562725
33.56621722089751,11.5,3.6064064877562725
33.63510869588858,12.0,3.625567872624556
33.719578955170434,12.0,3.625567872624556
33.787852776871524,12.0,3.625567872624556
33.88275755099587,12.0,3.625567872624556
34.022154148535584,12.0,3.625567872624556
34.11970042853176,12.0,3.625567872624556
34.16932058202354,12.0,3.625567872624556
34.21988218873497,12.0,3.625567872624556
34.312007321078035,12.0,3.625567872624556
34.3672299114359,12.0,3.625567872624556
34.46463672678424,12.0,3.625567872624556
34.546572902409494,12.0,3.625567872624556
34.637450054867465,12.0,3.625567872624556
34.696506019569284,12.0,3.625567872624556
34.78208960938524,12.0,3.625567872624556
34.88183792154429,12.0,3.625567872624556
34.95512223977147,12.0,3.625567872624556
35.0619997992083,12.0,3.625567872624556
35.083512087078084,12.0,3.625567872624556
35.18902611793181,12.0,3.625567872624556
35.275164616708786,12.0,3.625567872624556
35.3699407817937,12.0,3.625567872624556
35.44354555875447,12.0,3.625567872624556
35.4645950612578,12.0,3.625567872624556
35.5881091714297,12.0,3.625567872624556
35.67331428537209,12.0,3.625567872624556
35.759754990019275,12.0,3.625567872624556
35.875171367358725,12.0,3.625567872624556
35.89854607983795,12.0,3.625567872624556
36.04200949921688,12.0,3.625567872624556
36.16163860922925,12.0,3.625567872624556
36.251285983708875,12.0,3.625567872624556
36.271997564871,12.0,3.625567872624556
36.29928353578919,12.0,3.625567872624556
36.4524598823276,12.0,3.625567872624556
36.51261081342982,12.0,3.625567872624556
36.64861601278932,12.0,3.625567872624556
36.68875937106595,12.0,3.625567872624556
36.760728679864684,12.0,3.625567872624556
36.85080396045419,12.0,3.625567872624556
37.02668057492009,12.0,3.625567872624556
37.114801243370316,12.0,3.625567872624556
37.188099485411925,12.0,3.625567872624556
37.263035065395925,12.0,3.625567872624556
37.420970773660734,12.0,3.625567872624556
37.53482558917868,12.0,3.625567872624556
37.56671285400852,12.0,3.625567872624556
37.66663851241572,12.5,3.74633483312693
37.751903934281444,13.0,3.898442123592977
37.84702495035592,13.5,3.9752945484966364
37.9133998692961,14.0,3.975861901623743
37.93369097500382,14.0,3.975861901623743
37.96863561605503,14.0,3.975861901623743
38.0703850984197,14.5,4.011782366049051
38.10959335771879,14.5,4.011782366049051
38.21090528857635,14.5,4.011782366049051
38.24077045892247,14.5,4.011782366049051
38.33764661798588,14.5,4.011782366049051
38.43077707845856,14.5,4.011782366049051
38.526404013129856,14.5,4.011782366049051
38.565474077472,14.5,4.011782366049051
38.6541337435469,14.5,4.011782366049051
38.71312996746696,14.5,4.011782366049051
38.78285689768361,14.5,4.011782366049051
38.82390983247104,14.5,4.011782366049051
38.8891510212153,14.5,4.011782366049051
38.99899683319218,14.5,4.011782366049051
39.07718722783859,14.5,4.011782366049051
39.105699885909516,14.5,4.011782366049051
39.17424212363939,14.5,4.011782366049051
39.28106046458082,14.5,4.011782366049051
39.31643112276034,14.5,4.011782366049051
39.33916066530887,14.5,4.011782366049051
39.441909606203076,15.0,4.0621909558187
39.54413946696918,15.5,4.1804567709517215
39.65458363835501,15.5,4.1804567709517215
39.751519894468416,15.5,4.1804567709517215
39.77297793949005,15.5,4.1804567709517215
39.86601011599119,15.5,4.1804567709517215
39.95344787985607,15.5,4.1804567709517215
39.996447183885266,15.5,4.1804567709517215
40.03357007553938,15.5,4.1804567709517215
40.185248658576455,15.5,4.1804567709517215
40.24086880474187,15.5,4.1804567709517215
40.38606191072977,15.5,4.1804567709517215
40.481965021389115,15.5,4.1804567709517215
40.566005160522515,15.5,4.1804567709517215
40.5857181170937,15.5,4.1804567709517215
40.69862208094627,15.5,4.1804567709517215
40.874753638543346,15.5,4.1804567709517215
40.99309570617587,15.5,4.1804567709517215
41.019980555910266,15.5,4.1804567709517215
41.04991681717353,15.5,4.1804567709517215
41.186569250842844,15.5,4.1804567709517215
41.28797224729013,15.5,4.1804567709517215
41.310832748584744,15.5,4.1804567709517215
41.428972224926625,15.5,4.1804567709517215
41.544959422750146,16.0,4.254512888439741
41.65526257405269,16.0,4.254512888439741
41.76251351294861,16.5,4.275940469322849
41.78956807977581,16.5,4.275940469322849
41.85613974252129,16.5,4.275940469322849
41.90598511489253,16.5,4.275940469322849
41.9667288557295,16.5,4.275940469322849
42.040671141232735,16.5,4.275940469322849
42.13504149851269,16.5,4.275940469322849
42.248519266483534,16.5,4.275940469322849
42.2780173923753,16.5,4.275940469322849
42.32952468311737,16.5,4.275940469322849
42.434380165121766,16.5,4.275940469322849
42.53519291521518,16.5,4.275940469322849
42.61265127617036,16.5,4.275940469322849
42.70542447670858,16.5,4.275940469322849
42.74687753691481,16.5,4.275940469322849
42.77863262661755,16.5,4.275940469322849
42.88555057234016,16.5,4.275940469322849
42.967013799026226,16.5,4.275940469322849
43.080981536181355,16.5,4.275940469322849
43.181759062749876,16.5,4.275940469322849
43.27902212187366,16.5,4.275940469322849
43.31592282080559,16.5,4.275940469322849
43.36751981006862,16.5,4.275940469322849
43.490401055086764,16.5,4.275940469322849
43.60612396069933,16.5,4.275940469322849
43.64415924326445,16.5,4.275940469322849
43.718530431351866,16.5,4.275940469322849
43.84635144601854,16.5,4.275940469322849
43.90961118171666,16.5,4.275940469322849
43.93618732461901,16.5,4.275940469322849
44.03880851246872,16.5,4.275940469322849
44.17653521150738,16.5,4.275940469322849
44.28260369910208,16.5,4.275940469322849
44.38628720567432,16.5,4.275940469322849
44.537840281903954,16.5,4.275940469322849
44.58685943428315,16.5,4.275940469322849
44.688114021341725,16.5,4.275940469322849
44.86770969457063,16.5,4.275940469322849
44.90606637043832,16.5,4.275940469322849
45.057071425232955,16.5,4.275940469322849
45.17511940967393,16.5,4.275940469322849
45.242746023813154,16.5,4.275940469322849
45.286886430671004,16.5,4.275940469322849
45.353763980938524,16.5,4.275940469322849
45.37882447402264,16.5,4.275940469322849
45.44587252909087,17.0,4.315914504877229
45.46880953465796,17.0,4.315914504877229
45.57458721675189,17.5,4.326788392255699
45.72643251139084,17.5,4.326788392255699
45.839059527954085,17.5,4.326788392255699
45.880420478503694,17.5,4.326788392255699
45.92573193840241,17.5,4.326788392255699
46.01711960275651,17.5,4.326788392255699
46.112716440001705,17.5,4.326788392255699
46.20292599289784,17.5,4.326788392255699
46.29716042735474,17.5,4.326788392255699
46.35742204239339,17.5,4.326788392255699
46.38697684500416,17.5,4.326788392255699
46.489243111311936,17.5,4.326788392255699
46.582986146443716,18.0,4.348977032582498
46.69361680194576,18.0,4.348977032582498
46.79828112144899,18.0,4.348977032582498
46.89692167818897,18.0,4.348977032582498
47.000671703502135,18.0,4.348977032582498
47.02206569589913,18.0,4.348977032582498
47.13135491912355,18.0,4.348977032582498
47.21468254765015,18.0,4.348977032582498
47.24148246350081,18.0,4.348977032582498
47.32321921194046,18.0,4.348977032582498
47.42805017085947,18.0,4.348977032582498
47.46968970087603,18.0,4.348977032582498
47.4987094631485,18.0,4.348977032582498
47.57852539272441,18.0,4.348977032582498
47.653178337824976,18.0,4.348977032582498
47.739312218913,18.0,4.348977032582498
47.77793937994326,18.0,4.348977032582498
47.866548628898535,18.0,4.348977032582498
47.94231440044513,18.0,4.348977032582498
47.99434175106986,18.0,4.348977032582498
48.01940113008978,18.0,4.348977032582498
48.17925535909724,18.0,4.348977032582498
48.20079242607541,18.0,4.348977032582498
48.33987822039036,18.0,4.348977032582498
48.38457583439089,18.0,4.348977032582498
48.43454387516646,18.0,4.348977032582498
48.507045181751614,18.0,4.348977032582498
48.5382169308712,18.0,4.348977032582498
48.64017790473662,18.0,4.348977032582498
48.67637652191874,18.0,4.348977032582498
48.756361974015796,18.0,4.348977032582498
48.89915736878105,18.0,4.348977032582498
48.99176238914159,18.0,4.348977032582498
49.164782714201735,18.0,4.348977032582498
49.19553271440617,18.0,4.348977032582498
49.24469339972615,18.0,4.348977032582498
49.291509233245364,18.0,4.348977032582498
49.39480426034959,18.0,4.348977032582498
49.4894142649689,18.0,4.348977032582498
49.56698372586873,18.0,4.348977032582498
49.60768270758733,18.0,4.348977032582498
49.693545540373506,18.0,4.348977032582498
49.75244036962755,18.0,4.348977032582498
49.77754544776768,18.5,4.412604361130402
49.87806744909663,18.5,4.412604361130402
49.97634070616606,18.5,4.412604361130402
50.07366010891731,18.5,4.412604361130402
50.1723435176739,18.5,4.412604361130402
50.259130236663026,18.5,4.412604361130402
50.347681713808456,18.5,4.412604361130402
50.38712453623955,18.5,4.412604361130402
50.48770455681585,18.5,4.412604361130402
50.52692682694252,18.5,4.412604361130402
50.63140282535961,18.5,4.412604361130402
50.74225519679543,18.5,4.412604361130402
50.78272242250447,18.5,4.412604361130402
50.88858664809549,18.5,4.412604361130402
50.96875225341345,18.5,4.412604361130402
51.003306618509065,18.5,4.412604361130402
51.12350432268294,18.5,4.412604361130402
51.14849036446787,18.5,4.412604361130402
51.228267311360305,18.5,4.412604361130402
51.251082148634275,18.5,4.412604361130402
51.329696285317084,18.5,4.412604361130402
51.357919914896556,18.5,4.412604361130402
51.391949228298834,18.5,4.412604361130402
51.43041959158988,18.5,4.412604361130402
51.490081557830436,18.5,4.412604361130402
51.53310219324694,18.5,4.412604361130402
51.645614109700674,18.5,4.412604361130402
51.692396640867706,18.5,4.412604361130402
51.87632403473894,18.5,4.412604361130402
52.04117400330608,18.5,4.412604361130402
52.14070464771516,18.5,4.412604361130402
52.317977650122764,18.5,4.412604361130402
52.344436495614055,18.5,4.412604361130402
52.528500963563374,18.5,4.412604361130402
52.62995770006965,18.5,4.412604361130402
52.67405591284889,18.5,4.412604361130402
52.704794850030716,18.5,4.412604361130402
52.749499892887826,18.5,4.412604361130402
52.92612848587213,18.5,4.412604361130402
53.09974352559587,18.5,4.412604361130402
53.16334870093368,19.0,4.431571425938282
53.24627806594002,19.0,4.431571425938282
53.30290560458732,19.0,4.431571425938282
53.3256152296074,19.0,4.431571425938282
53.412093352673324,19.0,4.431571425938282
53.50979884319845,19.0,4.431571425938282
53.58812494744184,19.0,4.431571425938282
53.670678304944374,19.0,4.431571425938282
53.76683494494287,19.0,4.431571425938282
53.861694845783276,19.0,4.431571425938282
53.92133099167744,19.0,4.431571425938282
53.95214793458809,19.0,4.431571425938282
54.04662121540467,19.0,4.431571425938282
54.14171000655815,19.0,4.431571425938282
54.22455093898323,19.0,4.431571425938282
54.327612632982245,19.0,4.431571425938282
54.36609875453387,19.0,4.431571425938282
54.47067923380949,19.0,4.431571425938282
54.56723906437281,19.0,4.431571425938282
54.66058273562988,19.0,4.431571425938282
54.764725328446815,19.0,4.431571425938282
54.831383203939616,19.0,4.431571425938282
54.93729800399884,19.0,4.431571425938282
54.978861791095845,19.0,4.431571425938282
54.99851520259407,19.0,4.431571425938282
55.05941627301685,19.0,4.431571425938282
55.132206047559976,19.0,4.431571425938282
55.19019324957157,19.0,4.431571425938282
55.220802890842975,19.0,4.431571425938282
55.32649387430063,19.0,4.431571425938282
55.378143685867684,19.0,4.431571425938282
55.4079520590338,19.0,4.431571425938282
55.50759959654759,19.0,4.431571425938282
55.54393561983175,19.0,4.431571425938282
55.710417909473165,19.0,4.431571425938282
55.73131712959984,19.0,4.431571425938282
55.90533625788953,19.0,4.431571425938282
55.998735291051155,19.0,4.431571425938282
56.098072089984065,19.0,4.431571425938282
56.24058970321007,19.0,4.431571425938282
56.28085207111409,19.0,4.431571425938282
56.36817414597822,19.0,4.431571425938282
56.497725122582686,19.0,4.431571425938282
56.54898711829292,19.0,4.431571425938282
56.59518918842353,19.0,4.431571425938282
56.669304769271704,19.0,4.431571425938282
56.693536645472605,19.0,4.431571425938282
56.7816900187581,19.5,4.643711055597867
56.80439903023073,19.5,4.643711055597867
56.83785364503355,19.5,4.643711055597867
56.89499892477542,19.5,4.643711055597867
57.003145395679596,19.5,4.643711055597867
57.126705363768195,19.5,4.643711055597867
57.210000657009665,19.5,4.643711055597867
57.30836339690805,19.5,4.643711055597867
57.370768526471096,19.5,4.643711055597867
57.44580988155305,19.5,4.643711055597867
57.54277926059051,19.5,4.643711055597867
57.644786592223255,19.5,4.643711055597867
57.74434335832026,19.5,4.643711055597867
57.84593110764849,19.5,4.643711055597867
57.91209267969392,19.5,4.643711055597867
58.01461216542474,19.5,4.643711055597867
58.05499000119089,20.0,4.896740933180906
58.16542080220874,20.0,4.896740933180906
58.27148032026548,20.0,4.896740933180906
58.29313143536969,20.5,4.954203227268943
58.40539083887677,20.5,4.954203227268943
58.45253272957188,20.5,4.954203227268943
58.55903181989513,20.5,4.954203227268943
58.66637695739413,20.5,4.954203227268943
58.75575545006853,20.5,4.954203227268943
58.785699860399,20.5,4.954203227268943
58.90312630555136,20.5,4.954203227268943
58.92682570936004,20.5,4.954203227268943
58.954668833392006,20.5,4.954203227268943
59.03531569029652,20.5,4.954203227268943
59.10617806588428,20.5,4.954203227268943
59.24885297498222,20.5,4.954203227268943
59.28071096580677,20.5,4.954203227268943
59.30730156944329,20.5,4.954203227268943
59.32862182726762,20.5,4.954203227268943
59.352900281955314,20.5,4.954203227268943
59.51206025168565,20.5,4.954203227268943
59.64700770789088,20.5,4.954203227268943
59.701178603520425,20.5,4.954203227268943
59.839718329547345,20.5,4.954203227268943
59.93004803736103,20.5,4.954203227268943
60.0597929600781,20.5,4.954203227268943
60.21773187966603,20.5,4.954203227268943
60.36133916230083,20.5,4.954203227268943
60.38858072998572,20.5,4.954203227268943
60.419729195534856,20.5,4.954203227268943
60.505266351121996,20.5,4.954203227268943
60.549513718747306,20.5,4.954203227268943
60.63545937113658,21.0,4.9641414567832385
60.7798277884618,21.0,4.9641414567832385
60.81320070790158,21.0,4.9641414567832385
60.831939106900556,21.0,4.9641414567832385
60.92220590826488,21.0,4.9641414567832385
60.94246081558607,21.0,4.9641414567832385
61.03934438519467,21.0,4.9641414567832385
61.12639195817257,21.0,4.9641414567832385
61.168689245649055,21.0,4.9641414567832385
61.21271638790209,21.0,4.9641414567832385
61.276509675756735,21.0,4.9641414567832385
61.36767164855784,21.0,4.9641414567832385
61.457697382390535,21.0,4.9641414567832385
61.548073339312936,21.0,4.9641414567832385
61.637936554774676,21.0,4.9641414567832385
61.72553724650561,21.0,4.9641414567832385
61.8018943600527,21.5,5.517898382318727
61.900129658460315,21.5,5.517898382318727
61.97344217148992,21.5,5.517898382318727
62.0681839644541,21.5,5.517898382318727
62.16471747074322,21.5,5.517898382318727
62.207803758904674,21.5,5.517898382318727
62.29676600399255,21.5,5.517898382318727
62.39428907749346,21.5,5.517898382318727
62.48345512828035,21.5,5.517898382318727
62.57475592877016,21.5,5.517898382318727
62.61803485345726,21.5,5.517898382318727
62.71816394629538,21.5,5.517898382318727
62.820315701176014,21.5,5.517898382318727
62.85288690611768,21.5,5.517898382318727
62.956432193256546,21.5,5.517898382318727
63.05370897172467,21.5,5.517898382318727
63.18878844774284,21.5,5.517898382318727
63.238214577139914,21.5,5.517898382318727
63.387260277804636,21.5,5.517898382318727
63.453826722548996,21.5,5.517898382318727
63.50585804373139,21.5,5.517898382318727
63.644949340919545,21.5,5.517898382318727
63.711196763366196,21.5,5.517898382318727
63.80427616881339,21.5,5.517898382318727
63.949469179632,21.5,5.517898382318727
64.05907690020848,21.5,5.517898382318727
64.1411300821276,21.5,5.517898382318727
64.19628518469942,21.5,5.517898382318727
64.30386221001916,21.5,5.517898382318727
64.4125928883673,21.5,5.517898382318727
64.43232661805938,21.5,5.517898382318727
64.4887771230161,21.5,5.517898382318727
64.57593076720674,22.0,5.588272560632463
64.62255818783362,22.0,5.588272560632463
64.71240603666878,22.0,5.588272560632463
64.73806231694617,22.0,5.588272560632463
64.75268856646422,22.0,5.588272560632463
64.81641988263203,22.0,5.588272560632463
64.84421666272995,22.0,5.588272560632463
64.91848739903325,22.0,5.588272560632463
64.99549108608754,22.0,5.588272560632463
65.0312912374738,22.0,5.588272560632463
65.11220166543637,22.0,5.588272560632463
65.19927685019417,22.0,5.588272560632463
65.2868766343353,22.0,5.588272560632463
65.36183088384782,22.0,5.588272560632463
65.45052810900017,22.0,5.588272560632463
65.53916469540923,22.0,5.588272560632463
65.62777175588684,22.0,5.588272560632463
65.70338906887282,22.0,5.588272560632463
65.77583863742588,22.0,5.588272560632463
65.86779183560151,22.0,5.588272560632463
65.90393422992447,22.0,5.588272560632463
65.99074344266347,22.0,5.588272560632463
66.08314969943848,22.0,5.588272560632463
66.16307934562506,22.0,5.588272560632463
66.19984065013655,22.0,5.588272560632463
66.30602418812082,22.0,5.588272560632463
66.3285257412621,22.0,5.588272560632463
66.38825922129661,22.0,5.588272560632463
66.44647142428363,22.0,5.588272560632463
66.50181171240456,22.0,5.588272560632463
66.5760620796874,22.0,5.588272560632463
66.67671704632905,22.0,5.588272560632463
66.70831912602695,22.0,5.588272560632463
66.7384259423481,22.0,5.588272560632463
66.86728689954008,22.0,5.588272560632463
66.9588500312868,22.0,5.588272560632463
67.06845845283338,22.0,5.588272560632463
67.0889611366641,22.0,5.588272560632463
67.21787570185569,22.0,5.588272560632463
67.26630460420971,22.0,5.588272560632463
67.36894916693545,22.0,5.588272560632463
67.46711185779597,22.0,5.588272560632463
67.53695341781166,22.0,5.588272560632463
67.65116064206363,22.0,5.588272560632463
67.71296862257479,22.0,5.588272560632463
67.73174985946501,22.0,5.588272560632463
67.85494153191735,22.0,5.588272560632463
67.87976430412431,22.0,5.588272560632463
67.97920319072108,22.0,5.588272560632463
68.07176222271978,22.0,5.588272560632463
68.14946090500634,22.0,5.588272560632463
68.23981881329355,22.0,5.588272560632463
68.29703898709856,22.0,5.588272560632463
68.31075678758151,22.0,5.588272560632463
68.39628734339331,22.0,5.588272560632463
68.47758022522824,22.0,5.588272560632463
68.55374770150843,22.0,5.588272560632463
68.5893995196847,22.0,5.588272560632463
68.66923073128103,22.0,5.588272560632463
68.75673357796978,22.0,5.588272560632463
68.84535024483742,22.0,5.588272560632463
68.91232917141167,22.0,5.588272560632463
69.00278856207295,22.0,5.588272560632463
69.0849779491845,22.0,5.588272560632463
69.1710873467649,22.0,5.588272560632463
69.26317412907927,22.0,5.588272560632463
69.35450974310412,22.0,5.588272560632463
69.41116103474309,22.0,5.588272560632463
69.50605135506297,22.0,5.588272560632463
69.55849459470198,22.0,5.588272560632463
69.62962045142721,22.0,5.588272560632463
69.70221881072902,22.0,5.588272560632463
69.73106177226695,22.5,5.5999412128963275
69.82520677031204,22.5,5.5999412128963275
69.92087425383689,22.5,5.5999412128963275
69.98384555992709,22.5,5.5999412128963275
70.04703337083014,22.5,5.5999412128963275
70.11091511168718,22.5,5.5999412128963275
70.213184467831,22.5,5.5999412128963275
70.25599900213751,22.5,5.5999412128963275
70.36419423715384,22.5,5.5999412128963275
70.3943345937632,22.5,5.5999412128963275
70.4267733913562,22.5,5.5999412128963275
70.53715079095933,22.5,5.5999412128963275
70.63830063906484,22.5,5.5999412128963275
70.75323298276749,22.5,5.5999412128963275
70.78350304371413,22.5,5.5999412128963275
70.92574135449668,22.5,5.5999412128963275
71.04209373507994,22.5,5.5999412128963275
71.16240732843673,22.5,5.5999412128963275
71.3079900350344,22.5,5.5999412128963275
71.42767902875771,22.5,5.5999412128963275
71.53276373054842,22.5,5.5999412128963275
71.58732719484429,22.5,5.5999412128963275
71.6217477731848,22.5,5.5999412128963275
71.77176380516761,22.5,5.5999412128963275
71.86560215343111,22.5,5.5999412128963275
71.96426733400541,22.5,5.5999412128963275
72.05824080854751,22.5,5.5999412128963275
72.11869089102498,22.5,5.5999412128963275
72.21705401808198,22.5,5.5999412128963275
72.29305220481479,22.5,5.5999412128963275
72.33950164822306,22.5,5.5999412128963275
72.38965624570879,22.5,5.5999412128963275
72.42355865678591,22.5,5.5999412128963275
72.51607880364793,22.5,5.5999412128963275
72.60351639448106,22.5,5.5999412128963275
72.69315596602819,22.5,5.5999412128963275
72.7835889767033,22.5,5.5999412128963275
72.87357410785705,22.5,5.5999412128963275
72.96447037532639,22.5,5.5999412128963275
73.01321892529569,22.5,5.5999412128963275
73.10532637614847,22.5,5.5999412128963275
73.19871633257772,22.5,5.5999412128963275
73.29322832481083,22.5,5.5999412128963275
73.38686622376156,22.5,5.5999412128963275
73.47153693216511,22.5,5.5999412128963275
73.49395565690004,22.5,5.5999412128963275
73.5882761611267,23.0,5.674805884813281
73.66755742173626,23.0,5.674805884813281
73.71426364680359,23.0,5.674805884813281
73.75926325609814,23.0,5.674805884813281
73.79150441952666,23.0,5.674805884813281
73.8995764788016,23.0,5.674805884813281
73.95838117723886,23.0,5.674805884813281
73.99687433847936,23.0,5.674805884813281
74.02237546526482,23.0,5.674805884813281
74.08799693340636,23.0,5.674805884813281
74.19994931866366,23.0,5.674805884813281
74.2264610767921,23.0,5.674805884813281
74.37309002624588,23.0,5.674805884813281
74.4141049111585,23.0,5.674805884813281
74.5317091005724,23.0,5.674805884813281
74.6546371932648,23.0,5.674805884813281
74.70745937349477,23.0,5.674805884813281
74.77894464019701,23.0,5.674805884813281
74.79742321670692,23.0,5.674805884813281
74.92816282631183,23.0,5.674805884813281
75.02618824430915,23.0,5.674805884813281
75.12667815515404,23.0,5.674805884813281
75.17895301481963,23.0,5.674805884813281
75.23179107047767,23.0,5.674805884813281
75.25090765180352,23.0,5.674805884813281
75.28579180762652,23.0,5.674805884813281
75.35885906146582,23.0,5.674805884813281
75.4616666848043,23.0,5.674805884813281
75.54487524172278,23.0,5.674805884813281
75.64428114077037,23.0,5.674805884813281
75.72942933595363,23.0,5.674805884813281
75.82982381655931,23.0,5.674805884813281
75.92443331894019,23.0,5.674805884813281
75.9902197229228,23.0,5.674805884813281
76.00949549905606,23.0,5.674805884813281
76.10980767830283,23.0,5.674805884813281
76.16688322859434,23.0,5.674805884813281
76.22892272278273,23.0,5.674805884813281
76.32434174664105,23.0,5.674805884813281
76.4241348668367,23.0,5.674805884813281
76.52119899200453,23.0,5.674805884813281
76.6221261344322,23.0,5.674805884813281
76.72461546415911,23.0,5.674805884813281
76.82152323806481,23.0,5.674805884813281
76.90508709149081,23.0,5.674805884813281
77.00873484738699,23.0,5.674805884813281
77.09302602298123,23.0,5.674805884813281
77.14777144040367,23.0,5.674805884813281
77.19366943702944,23.0,5.674805884813281
77.27761720749307,23.0,5.674805884813281
77.35104676430697,23.0,5.674805884813281
77.49460908763048,23.0,5.674805884813281
77.59444838857283,23.0,5.674805884813281
77.62054346602463,23.0,5.674805884813281
77.69465741915859,23.0,5.674805884813281
77.76354756990145,23.0,5.674805884813281
77.82504948029664,23.0,5.674805884813281
77.91596859311095,23.0,5.674805884813281
77.97248299525765,23.0,5.674805884813281
78.07554380232125,23.0,5.674805884813281
78.19659974206871,23.0,5.674805884813281
78.32992418880484,23.0,5.674805884813281
78.44168510866595,23.0,5.674805884813281
78.59271794721718,23.0,5.674805884813281
78.73451357272157,23.0,5.674805884813281
78.76413809882324,23.0,5.674805884813281
78.93156730141237,23.0,5.674805884813281
78.98386268650987,23.0,5.674805884813281
79.00493219732398,23.0,5.674805884813281
79.16961728045257,23.0,5.674805884813281
79.21340325725048,23.0,5.674805884813281
79.328920086367,23.0,5.674805884813281
79.34784726114002,23.0,5.674805884813281
79.43908697185128,23.5,5.760207651972371
79.48580054676549,23.5,5.760207651972371
79.56633323564148,23.5,5.760207651972371
79.62030861524438,23.5,5.760207651972371
79.68474443089144,23.5,5.760207651972371
79.82002534994884,23.5,5.760207651972371
79.92614369940016,23.5,5.760207651972371
80.0288340971028,23.5,5.760207651972371
80.11307808162307,23.5,5.760207651972371
80.22425643738333,23.5,5.760207651972371
80.31480801133077,23.5,5.760207651972371
80.3604681955727,23.5,5.760207651972371
80.38586389069502,23.5,5.760207651972371
80.49030762772183,23.5,5.760207651972371
80.54814343070785,23.5,5.760207651972371
80.66928811418312,23.5,5.760207651972371
80.77297017711467,23.5,5.760207651972371
80.87370058102056,23.5,5.760207651972371
80.97508428898544,23.5,5.760207651972371
81.08191277946521,23.5,5.760207651972371
81.1634578889153,23.5,5.760207651972371
81.21574366848557,23.5,5.760207651972371
81.2612751054244,23.5,5.760207651972371
81.35437806969937,23.5,5.760207651972371
81.38476887995661,23.5,5.760207651972371
81.45302541125074,23.5,5.760207651972371
81.4726866055791,23.5,5.760207651972371
81.56742146333562,23.5,5.760207651972371
81.62139735309337,23.5,5.760207651972371
81.78529613411553,23.5,5.760207651972371
81.81177579668119,23.5,5.760207651972371
81.95615199578955,23.5,5.760207651972371
82.07592933991864,23.5,5.760207651972371
82.17569689847241,23.5,5.760207651972371
82.210092067633,23.5,5.760207651972371
82.29413379935696,23.5,5.760207651972371
82.34158418091313,23.5,5.760207651972371
82.50264421737761,23.5,5.760207651972371
82.53051503456605,23.5,5.760207651972371
82.54975860829848,23.5,5.760207651972371
82.67971293529604,23.5,5.760207651972371
82.72166063933571,23.5,5.760207651972371
82.84574854805292,23.5,5.760207651972371
82.86657655569698,23.5,5.760207651972371
82.89218063915523,23.5,5.760207651972371
83.01674452386496,23.5,5.760207651972371
83.16161947081643,23.5,5.760207651972371
83.20961335811954,23.5,5.760207651972371
83.30168563314378,24.0,5.950158318546
83.40019493451221,24.5,6.192477206260794
83.48260301773401,25.0,6.2785854981449045
83.50611709772346,25.0,6.2785854981449045
83.559221888409,25.0,6.2785854981449045
83.64600949355581,25.0,6.2785854981449045
83.74617746508208,25.0,6.2785854981449045
83.76895310560434,25.0,6.2785854981449045
83.85982700663958,25.0,6.2785854981449045
83.88444803851637,25.0,6.2785854981449045
83.98427843038446,25.0,6.2785854981449045
84.08574372734883,25.0,6.2785854981449045
84.19024950555995,25.0,6.2785854981449045
84.2373478866984,25.0,6.2785854981449045
84.34577585824778,25.5,6.379220114590849
84.41276285760277,25.5,6.379220114590849
84.52490602578983,25.5,6.379220114590849
84.58508094600367,26.0,6.406458460062828
84.67786603083972,26.0,6.406458460062828
84.72075693041572,26.0,6.406458460062828
84.7874380061131,26.0,6.406458460062828
84.83925951870219,26.0,6.406458460062828
84.88574032159843,26.0,6.406458460062828
84.92658785847546,26.0,6.406458460062828
85.04110230062705,26.0,6.406458460062828
85.06773537118295,26.0,6.406458460062828
85.13549254126423,26.0,6.406458460062828
85.24461146853753,26.5,6.413443527873394
85.33999396495207,26.5,6.413443527873394
85.4404351365767,26.5,6.413443527873394
85.56846339205943,26.5,6.413443527873394
85.60961372809265,26.5,6.413443527873394
85.70002126256693,26.5,6.413443527873394
85.80636694711137,26.5,6.413443527873394
85.86053834619192,26.5,6.413443527873394
86.04076345685681,26.5,6.413443527873394
86.08529538662596,26.5,6.413443527873394
86.24351482930264,26.5,6.413443527873394
86.26301711561027,26.5,6.413443527873394
86.42277546755443,26.5,6.413443527873394
86.59279804903765,26.5,6.413443527873394
86.65201035106571,26.5,6.413443527873394
86.6991276797613,26.5,6.413443527873394
86.80013509928183,26.5,6.413443527873394
86.95865233078845,26.5,6.413443527873394
87.1319836162069,26.5,6.413443527873394
87.18117012426069,26.5,6.413443527873394
87.29421808929483,26.5,6.413443527873394
87.39326099438958,27.0,6.781503411861806
87.54889648598774,27.0,6.781503411861806
87.576197250572,27.0,6.781503411861806
87.60942366863141,27.0,6.781503411861806
87.6440454817916,27.0,6.781503411861806
87.67925312751619,27.0,6.781503411861806
87.7530222341762,27.5,6.820927912445418
87.80381347199264,27.5,6.820927912445418
87.8384511389731,27.5,6.820927912445418
87.933812682439,27.5,6.820927912445418
87.96029105310275,27.5,6.820927912445418
88.06832430970188,27.5,6.820927912445418
88.15367126828319,27.5,6.820927912445418
88.25358206008355,27.5,6.820927912445418
88.34231089969123,27.5,6.820927912445418
88.44705019193376,27.5,6.820927912445418
88.4930904184293,27.5,6.820927912445418
88.59895671591454,27.5,6.820927912445418
88.70231299463528,27.5,6.820927912445418
88.79391569010856,27.5,6.820927912445418
88.86706189249787,27.5,6.820927912445418
88.92978889768251,27.5,6.820927912445418
89.01141420672609,27.5,6.820927912445418
89.0689381305392,27.5,6.820927912445418
89.11385825277054,27.5,6.820927912445418
89.20093155233741,28.0,6.8360023052305525
89.25309225790355,28.0,6.8360023052305525
89.4141274249769,28.0,6.8360023052305525
89.50685953674241,28.0,6.8360023052305525
89.5288454667164,28.0,6.8360023052305525
89.55796639615748,28.0,6.8360023052305525
89.66761405898507,28.0,6.8360023052305525
89.73408717152337,28.0,6.8360023052305525
89.83530868230072,28.0,6.8360023052305525
89.94908135857335,28.0,6.8360023052305525
89.98265164317753,28.0,6.8360023052305525
90.12996114753489,28.0,6.8360023052305525
90.274502806759,28.0,6.8360023052305525
90.38317525644842,28.0,6.8360023052305525
90.53714493856282,28.0,6.8360023052305525
90.56587520282824,28.0,6.8360023052305525
90.5934822644766,28.0,6.8360023052305525
90.6969140795441,28.0,6.8360023052305525
90.72785788238501,28.0,6.8360023052305525
90.90987647825882,28.0,6.8360023052305525
91.08300634527754,28.0,6.8360023052305525
91.12163995046303,28.0,6.8360023052305525
91.2045502051052,28.0,6.8360023052305525
91.38765841142036,28.0,6.8360023052305525
91.48978913967295,28.5,7.087005696122249
91.55286366957026,29.0,7.156877137843404
91.58447346846357,29.0,7.156877137843404
91.60557091807867,29.0,7.156877137843404
91.66307040270627,29.0,7.156877137843404
91.76093396931039,29.0,7.156877137843404
91.784479643622,29.0,7.156877137843404
91.85936186690284,29.0,7.156877137843404
91.96537824685937,29.0,7.156877137843404
92.06387803956511,29.0,7.156877137843404
92.15797514965199,29.0,7.156877137843404
92.25725983014607,29.0,7.156877137843404
92.296027396061,29.0,7.156877137843404
92.39099108028543,29.0,7.156877137843404
92.48284679833628,29.0,7.156877137843404
92.5356219642684,29.5,7.452966050752622
92.61492104138003,29.5,7.452966050752622
92.7122150087651,29.5,7.452966050752622
92.76453688488805,30.0,7.752328397348881
92.87267391722239,30.0,7.752328397348881
92.9798458967983,30.0,7.752328397348881
93.08580066748179,30.0,7.752328397348881
93.13160144239991,30.0,7.752328397348881
93.24676266943162,30.0,7.752328397348881
93.27412560490065,30.0,7.752328397348881
93.38802905192011,30.0,7.752328397348881
93.4120668088859,30.0,7.752328397348881
93.52340153996809,30.0,7.752328397348881
93.54998996180842,30.0,7.752328397348881
93.69253272567684,30.0,7.752328397348881
93.80949090353894,30.0,7.752328397348881
93.86758754252398,30.0,7.752328397348881
93.92849640637223,30.0,7.752328397348881
94.09715810106532,30.0,7.752328397348881
94.22479326460737,30.0,7.752328397348881
94.3219652658086,30.0,7.752328397348881
94.3415355020636,30.0,7.752328397348881
94.51920694035226,30.0,7.752328397348881
94.58777174613986,30.0,7.752328397348881
94.76384663805398,30.0,7.752328397348881
94.92569943269446,30.0,7.752328397348881
95.04253439594746,30.0,7.752328397348881
95.11558536393004,30.0,7.752328397348881
95.295431449429,30.0,7.752328397348881
95.4131769506695,30.0,7.752328397348881
95.43192198058532,30.0,7.752328397348881
95.46934803166457,30.0,7.752328397348881
95.57313607347317,30.0,7.752328397348881
95.62300384617048,30.5,7.783754479933306
95.69526655296896,30.5,7.783754479933306
95.80740610548645,31.0,7.838420289180604
95.93124747421538,31.0,7.838420289180604
96.03079735204636,31.0,7.838420289180604
96.06826780183103,31.0,7.838420289180604
96.16463011469737,31.0,7.838420289180604
96.25454654047742,31.0,7.838420289180604
96.28033642662699,31.0,7.838420289180604
96.38086251151407,31.0,7.838420289180604
96.47715267224469,31.0,7.838420289180604
96.57414395879373,31.0,7.838420289180604
96.61835766431291,31.0,7.838420289180604
96.65918472668811,31.0,7.838420289180604
96.76509804179364,31.0,7.838420289180604
96.85375100181986,31.0,7.838420289180604
96.95676350832662,31.0,7.838420289180604
96.99507066901256,31.0,7.838420289180604
97.07804111016343,31.0,7.838420289180604
97.16461998385017,31.0,7.838420289180604
97.20531267308603,31.5,7.942877240954937
97.3196910902368,31.5,7.942877240954937
97.4105505435829,31.5,7.942877240954937
97.47597518774558,31.5,7.942877240954937
97.58257192581988,31.5,7.942877240954937
97.70769748622976,31.5,7.942877240954937
97.80127049350277,31.5,7.942877240954937
97.90578022805506,31.5,7.942877240954937
98.0086275448181,31.5,7.942877240954937
98.05577593259068,31.5,7.942877240954937
98.07515969083678,31.5,7.942877240954937
98.12898097384883,31.5,7.942877240954937
98.17404777132796,31.5,7.942877240954937
98.23214713569456,31.5,7.942877240954937
98.39664397392586,31.5,7.942877240954937
98.45391329642294,31.5,7.942877240954937
98.58375845779914,31.5,7.942877240954937
98.6080520821503,31.5,7.942877240954937
98.63517676552289,31.5,7.942877240954937
98.77992479253486,31.5,7.942877240954937
98.94417432611544,31.5,7.942877240954937
99.05305502987811,31.5,7.942877240954937
99.10835214805608,31.5,7.942877240954937
99.20160012635068,31.5,7.942877240954937
99.28226841976395,31.5,7.942877240954937
99.42027070529862,31.5,7.942877240954937
99.56606443273633,31.5,7.942877240954937
99.59240901049267,31.5,7.942877240954937
99.70426689669968,31.5,7.942877240954937
99.78958548104349,32.0,7.958810276299776
99.8116714748592,32.0,7.958810276299776
99.83844349275992,32.0,7.958810276299776
99.94666672543144,32.5,8.02059387265266
99.97790612858897,32.5,8.02059387265266
100.0006695421191,32.5,8.02059387265266
100.07814774344703,32.5,8.02059387265266
100.13532321159612,32.5,8.02059387265266
100.2464225340219,32.5,8.02059387265266
100.34710038421662,32.5,8.02059387265266
100.44856576940711,32.5,8.02059387265266
100.53966037695847,32.5,8.02059387265266
100.6274355045282,32.5,8.02059387265266
100.73016316023696,32.5,8.02059387265266
100.817470017771,32.5,8.02059387265266
100.92963872259085,32.5,8.02059387265266
101.0486120967914,32.5,8.02059387265266
101.07134228769617,32.5,8.02059387265266
101.08985002625069,32.5,8.02059387265266
101.20887684785505,32.5,8.02059387265266
101.23201298196024,32.5,8.02059387265266
101.3325789759637,32.5,8.02059387265266
101.37848111260735,32.5,8.02059387265266
101.4203533831901,32.5,8.02059387265266
101.44241987503936,32.5,8.02059387265266
101.51130471988441,32.5,8.02059387265266
101.63147001510657,32.5,8.02059387265266
101.74138834768094,32.5,8.02059387265266
101.82245497301055,32.5,8.02059387265266
101.84687525640807,32.5,8.02059387265266
101.94975032194534,32.5,8.02059387265266
102.03976662725438,32.5,8.02059387265266
102.07132432746798,32.5,8.02059387265266
102.17761057567746,32.5,8.02059387265266
102.3386569128534,32.5,8.02059387265266
102.38781275535649,32.5,8.02059387265266
102.42639395672886,32.5,8.02059387265266
102.52772372270334,32.5,8.02059387265266
102.69262209137558,32.5,8.02059387265266
102.84546813482287,32.5,8.02059387265266
102.9945765790115,32.5,8.02059387265266
103.12385990649739,32.5,8.02059387265266
103.19748833270341,32.5,8.02059387265266
103.21854997036087,32.5,8.02059387265266
103.24642687546194,32.5,8.02059387265266
103.33255836499917,32.5,8.02059387265266
103.44423029213054,33.0,8.153815083560838
103.46535853793004,33.0,8.153815083560838
103.59731161622307,33.0,8.153815083560838
103.63317316349459,33.0,8.153815083560838
103.67291800189761,33.0,8.153815083560838
103.77448210948245,33.0,8.153815083560838
103.8685129538768,33.0,8.153815083560838
103.98208558342037,33.0,8.153815083560838
104.09182693286104,33.0,8.153815083560838
104.1876973037819,33.0,8.153815083560838
104.21878900522807,33.0,8.153815083560838
104.24366451377396,33.5,8.26766970113386
104.34187257339521,33.5,8.26766970113386
104.44595357646831,33.5,8.26766970113386
104.49654693159023,33.5,8.26766970113386
104.59905108826514,33.5,8.26766970113386
104.7014798562546,33.5,8.26766970113386
104.79650672488931,33.5,8.26766970113386
104.89149904172882,33.5,8.26766970113386
104.9960314592954,33.5,8.26766970113386
105.08923234642094,33.5,8.26766970113386
105.15876934070239,33.5,8.26766970113386
105.26051159136212,33.5,8.26766970113386
105.34563012329806,33.5,8.26766970113386
105.43675482480484,33.5,8.26766970113386
105.48034336404325,33.5,8.26766970113386
105.62126877705691,33.5,8.26766970113386
105.73201442286616,33.5,8.26766970113386
105.77511647827214,33.5,8.26766970113386
105.87666557858651,33.5,8.26766970113386
105.90134590035098,33.5,8.26766970113386
105.99672475308716,33.5,8.26766970113386
106.1010204637257,33.5,8.26766970113386
106.20805625564529,33.5,8.26766970113386
106.33635563301058,33.5,8.26766970113386
106.38210385041305,33.5,8.26766970113386
106.49844931045259,33.5,8.26766970113386
106.61109269753604,33.5,8.26766970113386
106.70480794983919,33.5,8.26766970113386
106.80995714622856,33.5,8.26766970113386
106.90610561716171,33.5,8.26766970113386
107.03635968385416,33.5,8.26766970113386
107.06766035075498,33.5,8.26766970113386
107.20602279753531,33.5,8.26766970113386
107.3267038206818,33.5,8.26766970113386
107.43625682895765,33.5,8.26766970113386
107.48886985126317,33.5,8.26766970113386
107.64061770806076,33.5,8.26766970113386
107.67772978429754,33.5,8.26766970113386
107.73535356882203,33.5,8.26766970113386
107.76165938267671,33.5,8.26766970113386
107.84951285078543,33.5,8.26766970113386
107.89599150403585,33.5,8.26766970113386
107.9765512901221,33.5,8.26766970113386
108.02696294099455,33.5,8.26766970113386
108.12108697476904,33.5,8.26766970113386
108.21106607380177,33.5,8.26766970113386
108.28601839651533,33.5,8.26766970113386
108.30810506352469,33.5,8.26766970113386
108.40575697195341,33.5,8.26766970113386
108.4945741420623,33.5,8.26766970113386
108.58829231251974,33.5,8.26766970113386
108.67817366370305,33.5,8.26766970113386
108.77342688050723,33.5,8.26766970113386
108.84131729856702,33.5,8.26766970113386
108.93806052869976,33.5,8.26766970113386
109.03366948905449,33.5,8.26766970113386
109.12910832245385,33.5,8.26766970113386
109.22682748498464,33.5,8.26766970113386
109.31384500351484,33.5,8.26766970113386
109.37824692285928,33.5,8.26766970113386
109.41453097005487,34.0,8.271381267951977
109.5142568838787,34.0,8.271381267951977
109.59010317609788,34.0,8.271381267951977
109.69548652054378,34.0,8.271381267951977
109.79252259108078,34.0,8.271381267951977
109.86838882478932,34.0,8.271381267951977
109.93910538708307,34.0,8.271381267951977
110.00261649052582,34.0,8.271381267951977
110.09994550303419,34.0,8.271381267951977
110.12158538990957,34.0,8.271381267951977
110.22996258980399,34.0,8.271381267951977
110.29103813595027,34.0,8.271381267951977
110.31407332928792,34.0,8.271381267951977
110.44383373279629,34.0,8.271381267951977
110.53787057102316,34.0,8.271381267951977
110.68662218868847,34.0,8.271381267951977
110.82143903909285,34.0,8.271381267951977
110.88030021538475,34.0,8.271381267951977
111.01943755331419,34.0,8.271381267951977
111.1138264985853,34.0,8.271381267951977
111.27252993841125,34.0,8.271381267951977
111.43313643003367,34.0,8.271381267951977
111.48144193568484,34.0,8.271381267951977
111.51192280120107,34.0,8.271381267951977
111.59365001368516,34.0,8.271381267951977
111.64181880109297,34.0,8.271381267951977
111.74335121522792,34.5,8.39564777481309
111.76465397906395,34.5,8.39564777481309
111.85711756800467,34.5,8.39564777481309
111.91019091249575,34.5,8.39564777481309
112.00063007006526,34.5,8.39564777481309
112.0457687651854,34.5,8.39564777481309
112.11952847647956,34.5,8.39564777481309
112.20172216408788,34.5,8.39564777481309
112.26055618487352,34.5,8.39564777481309
112.34016126835084,34.5,8.39564777481309
112.42383663872616,34.5,8.39564777481309
112.50695820795384,34.5,8.39564777481309
112.52467191675511,35.0,8.531252472914085
112.60900469477114,35.0,8.531252472914085
112.70218511059602,35.0,8.531252472914085
112.75073074807914,35.0,8.531252472914085
112.83184221517561,35.0,8.531252472914085
112.92270810233012,35.0,8.531252472914085
112.9748848635064,35.0,8.531252472914085
113.07380798030432,35.0,8.531252472914085
113.1697959828147,35.0,8.531252472914085
113.24414449768481,35.0,8.531252472914085
113.33494699668147,35.0,8.531252472914085
113.37422086314744,35.0,8.531252472914085
113.42903750245296,35.5,8.534661363255742
113.49050258787949,35.5,8.534661363255742
113.59434194988347,36.0,8.558581274863265
113.70239647774467,36.0,8.558581274863265
113.73532769676633,36.0,8.558581274863265
113.83040204101255,36.0,8.558581274863265
113.89410824332465,36.0,8.558581274863265
113.99476444048598,36.0,8.558581274863265
114.04172142707775,36.0,8.558581274863265
114.06137556793092,36.0,8.558581274863265
114.17313067142071,36.0,8.558581274863265
114.27459876584149,36.0,8.558581274863265
114.43263488545948,36.0,8.558581274863265
114.55633436941885,36.0,8.558581274863265
114.5787014675136,36.0,8.558581274863265
114.64519942968832,36.0,8.558581274863265
114.78909273787818,36.0,8.558581274863265
114.91042049732506,36.0,8.558581274863265
115.04040818699563,36.0,8.558581274863265
115.0940354123532,36.0,8.558581274863265
115.11763651808631,36.0,8.558581274863265
115.1969631285294,36.0,8.558581274863265
115.32685124174766,36.0,8.558581274863265
115.42612763150979,36.0,8.558581274863265
115.5055931237526,36.0,8.558581274863265
115.59900340970981,36.0,8.558581274863265
115.67609431996424,36.0,8.558581274863265
115.69570156792732,36.0,8.558581274863265
115.7909525318,36.0,8.558581274863265
115.87172376192876,36.0,8.558581274863265
115.9274071079215,36.0,8.558581274863265
116.02439313848387,36.0,8.558581274863265
116.10855380425062,36.0,8.558581274863265
116.18179564580795,36.0,8.558581274863265
116.27482328399043,36.0,8.558581274863265
116.35880988785642,36.0,8.558581274863265
116.43265315917397,36.0,8.558581274863265
116.52619501823538,36.0,8.558581274863265
116.61992296498008,36.0,8.558581274863265
116.71340110945597,36.0,8.558581274863265
116.80183581045559,36.0,8.558581274863265
116.82197052416032,36.5,8.758088664056912
116.92111197085535,36.5,8.758088664056912
117.00967568146253,36.5,8.758088664056912
117.04667227107632,36.5,8.758088664056912
117.11840279204628,36.5,8.758088664056912
117.208849240498,36.5,8.758088664056912
117.30418849901164,36.5,8.758088664056912
117.40050919721382,36.5,8.758088664056912
117.42135688258992,36.5,8.758088664056912
117.52566620476358,36.5,8.758088664056912
117.62222002747227,36.5,8.758088664056912
117.67370004853834,36.5,8.758088664056912
117.71595242936621,36.5,8.758088664056912
117.76726594242511,36.5,8.758088664056912
117.78484434833027,36.5,8.758088664056912
117.83946748495494,36.5,8.758088664056912
117.99330102188964,36.5,8.758088664056912
118.05313013285895,36.5,8.758088664056912
118.07450125793342,36.5,8.758088664056912
118.20366827647894,36.5,8.758088664056912
118.29798876774994,36.5,8.758088664056912
118.38529981920829,36.5,8.758088664056912
118.52380012178642,36.5,8.758088664056912
118.67101416885707,36.5,8.758088664056912
118.77617936709366,36.5,8.758088664056912
118.86924036971978,36.5,8.758088664056912
118.90291002896856,36.5,8.758088664056912
118.9333559454388,36.5,8.758088664056912
118.97876013107397,36.5,8.758088664056912
119.0315288828328,36.5,8.758088664056912
119.0467810496502,36.5,8.758088664056912
119.08359992993215,36.5,8.758088664056912
119.10127799425369,36.5,8.758088664056912
119.15932923642131,36.5,8.758088664056912
119.24542154838818,36.5,8.758088664056912
119.30542133835036,36.5,8.758088664056912
119.34909755813354,36.5,8.758088664056912
119.43965016211745,36.5,8.758088664056912
119.52258641544158,36.5,8.758088664056912
119.54206022955795,37.0,8.83369702785181
119.61149448244221,37.0,8.83369702785181
119.7000542671563,37.0,8.83369702785181
119.79121128678327,37.0,8.83369702785181
119.88382560081119,37.0,8.83369702785181
119.94532696279326,37.0,8.83369702785181
120.04062831510358,37.0,8.83369702785181
120.11807066130679,37.0,8.83369702785181
120.16420493619022,37.0,8.83369702785181
120.26425150218566,37.0,8.83369702785181
120.35089973797186,37.0,8.83369702785181
120.41369795717068,37.0,8.83369702785181
120.45955152359969,37.0,8.83369702785181
120.54804313726157,37.0,8.83369702785181
120.62768579308803,37.0,8.83369702785181
120.7314757153881,37.0,8.83369702785181
120.80273177918797,37.0,8.83369702785181
120.89735582118637,37.0,8.83369702785181
120.96813293589584,37.0,8.83369702785181
121.05893410474398,37.0,8.83369702785181
121.13613542556125,37.0,8.83369702785181
121.21326310174098,37.0,8.83369702785181
121.31192798369148,37.0,8.83369702785181
121.39562472545181,37.0,8.83369702785181
121.45542901076954,37.0,8.83369702785181
121.48577439142893,37.0,8.83369702785181
121.60255582518212,37.0,8.83369702785181
121.61972913445038,37.0,8.83369702785181
121.69489530137535,37.0,8.83369702785181
121.74513433574499,37.0,8.83369702785181
121.84696785304902,37.0,8.83369702785181
121.9296849813025,37.0,8.83369702785181
122.06579041257872,37.0,8.83369702785181
122.0963973250001,37.0,8.83369702785181
122.24154172539457,37.0,8.83369702785181
122.27819047294801,37.0,8.83369702785181
122.43310728918259,37.0,8.83369702785181
122.47622842478096,37.0,8.83369702785181
122.53060013494354,37.0,8.83369702785181
122.67300911292492,37.0,8.83369702785181
122.70647355616069,37.0,8.83369702785181
122.81877594928774,37.0,8.83369702785181
122.87185973104535,37.0,8.83369702785181
122.96159467614896,37.0,8.83369702785181
123.05199160052317,37.0,8.83369702785181
123.08484471313382,37.0,8.83369702785181
123.18346533381361,37.0,8.83369702785181
123.27178990649261,37.0,8.83369702785181
123.37024391687748,37.0,8.83369702785181
123.39029935180073,37.5,8.853235074443491
123.48034544256949,37.5,8.853235074443491
123.57482755252667,37.5,8.853235074443491
123.62923926986572,37.5,8.853235074443491
123.72849560537753,37.5,8.853235074443491
123.82507687374829,37.5,8.853235074443491
123.92403871094145,37.5,8.853235074443491
124.0014028799987,37.5,8.853235074443491
124.0944804479097,37.5,8.853235074443491
124.19404760770938,37.5,8.853235074443491
124.27713428505392,37.5,8.853235074443491
124.376630205474,37.5,8.853235074443491
124.47064448420515,37.5,8.853235074443491
124.54907147826681,37.5,8.853235074443491
124.6235505253592,37.5,8.853235074443491
124.66927536897165,37.5,8.853235074443491
124.78114559193153,37.5,8.853235074443491
124.88117103751627,37.5,8.853235074443491
125.02425410119112,37.5,8.853235074443491
125.06719205677996,37.5,8.853235074443491
125.10475722319927,37.5,8.853235074443491
125.13654951101311,37.5,8.853235074443491
125.18968406212264,37.5,8.853235074443491
125.22764818532018,37.5,8.853235074443491
125.35335399940969,37.5,8.853235074443491
125.45063213782656,37.5,8.853235074443491
125.55879572818834,37.5,8.853235074443491
125.6539426987477,37.5,8.853235074443491
125.70616277528968,37.5,8.853235074443491
125.75422702183035,37.5,8.853235074443491
125.80902697431502,37.5,8.853235074443491
125.83595774455651,37.5,8.853235074443491
125.90387169862541,37.5,8.853235074443491
126.06154112895355,37.5,8.853235074443491
126.08426868206706,37.5,8.853235074443491
126.2292184051922,37.5,8.853235074443491
126.37913775281702,37.5,8.853235074443491
126.45328828624925,37.5,8.853235074443491
126.57575484252966,37.5,8.853235074443491
126.65968282149385,37.5,8.853235074443491
126.74002804048355,37.5,8.853235074443491
126.83829144329609,37.5,8.853235074443491
126.88559306814176,37.5,8.853235074443491
126.9023785722794,37.5,8.853235074443491
126.99436031230847,37.5,8.853235074443491
127.06828101619628,37.5,8.853235074443491
127.1508220323901,37.5,8.853235074443491
127.1996156386705,37.5,8.853235074443491
127.29101711452621,37.5,8.853235074443491
127.3773121508854,37.5,8.853235074443491
127.46926739737913,37.5,8.853235074443491
127.56176763340302,37.5,8.853235074443491
127.6545250455835,37.5,8.853235074443491
127.74709732130462,37.5,8.853235074443491
127.83852493648374,37.5,8.853235074443491
127.92844104885793,37.5,8.853235074443491
127.94740526722028,38.0,9.175177440536212
128.008831068116,38.0,9.175177440536212
128.1075407582653,38.0,9.175177440536212
128.20170433040025,38.0,9.175177440536212
128.25775947912362,38.0,9.175177440536212
128.33647415050365,38.0,9.175177440536212
128.43692459851644,38.0,9.175177440536212
128.47192993149142,38.0,9.175177440536212
128.57415909709968,38.0,9.175177440536212
128.60899539583917,38.0,9.175177440536212
128.71430682169716,38.0,9.175177440536212
128.76363526102517,38.0,9.175177440536212
128.7917484668263,38.0,9.175177440536212
128.88242917415545,38.0,9.175177440536212
128.93239018585857,38.0,9.175177440536212
128.96102918866,38.0,9.175177440536212
129.06406552147263,38.0,9.175177440536212
129.08684994632023,38.0,9.175177440536212
129.2329513874839,38.0,9.175177440536212
129.35702905812497,38.0,9.175177440536212
129.45519537877965,38.0,9.175177440536212
129.5655071752866,38.0,9.175177440536212
129.59406778299348,38.0,9.175177440536212
129.676838230115,38.0,9.175177440536212
129.80599517829125,38.0,9.175177440536212
129.9036627312479,38.0,9.175177440536212
129.9540733082233,38.0,9.175177440536212
129.9970716442234,38.0,9.175177440536212
130.0156620882716,38.0,9.175177440536212
130.10704781767316,38.0,9.175177440536212
130.2022011375363,38.5,9.23971629621838
130.25839067035434,38.5,9.23971629621838
130.2792719164786,38.5,9.23971629621838
130.36637278737348,38.5,9.23971629621838
130.4694034518446,38.5,9.23971629621838
130.57045304914385,38.5,9.23971629621838
130.64085443771503,38.5,9.23971629621838
130.65983819738497,38.5,9.23971629621838
130.75804126396645,38.5,9.23971629621838
130.8063188551073,38.5,9.23971629621838
130.89532578311218,38.5,9.23971629621838
130.98860288678128,38.5,9.23971629621838
131.0238462034808,39.0,9.548059505414125
131.11940802793998,39.0,9.548059505414125
131.17365568521265,39.0,9.548059505414125
131.26731910555986,39.0,9.548059505414125
131.36206349349175,39.0,9.548059505414125
131.44950070418133,39.0,9.548059505414125
131.5300254001361,39.0,9.548059505414125
131.625116185431,39.0,9.548059505414125
131.7128342871562,39.0,9.548059505414125
131.73166577609803,39.5,9.785483071577485
131.8331131306936,39.5,9.785483071577485
131.92975881710484,39.5,9.785483071577485
132.0095991772796,39.5,9.785483071577485
132.04238641838035,39.5,9.785483071577485
132.05957232211426,39.5,9.785483071577485
132.1678036007364,39.5,9.785483071577485
132.2467322782298,39.5,9.785483071577485
132.28711875505826,39.5,9.785483071577485
132.38309635926055,39.5,9.785483071577485
132.40443086558633,39.5,9.785483071577485
132.43278956048718,39.5,9.785483071577485
132.50828339548974,39.5,9.785483071577485
132.61679847832607,39.5,9.785483071577485
132.64276075620586,39.5,9.785483071577485
132.7128016028129,39.5,9.785483071577485
132.7374972845396,39.5,9.785483071577485
132.7725129686286,39.5,9.785483071577485
132.8853585395201,39.5,9.785483071577485
132.9824086396492,39.5,9.785483071577485
133.02041193317973,39.5,9.785483071577485
133.06019194067812,39.5,9.785483071577485
133.09624261625453,39.5,9.785483071577485
133.1835772729133,39.5,9.785483071577485
133.20292933825675,39.5,9.785483071577485
133.2495300937795,39.5,9.785483071577485
133.35120623749881,39.5,9.785483071577485
133.37674011780024,39.5,9.785483071577485
133.39562297020402,39.5,9.785483071577485
133.49685985735792,39.5,9.785483071577485
133.5246270669675,39.5,9.785483071577485
133.54110551912575,39.5,9.785483071577485
133.5677420937775,39.5,9.785483071577485
133.658559278988,39.5,9.785483071577485
133.7742785699307,40.0,9.839526656825113
133.86950120008686,40.0,9.839526656825113
133.95281864587272,40.0,9.839526656825113
134.03101622722662,40.0,9.839526656825113
134.09836429130132,40.0,9.839526656825113
134.11641324863925,40.0,9.839526656825113
134.2153832885047,40.0,9.839526656825113
134.29163009422052,40.0,9.839526656825113
134.3096028985755,40.0,9.839526656825113
134.40136511093527,40.0,9.839526656825113
134.4952840315437,40.0,9.839526656825113
134.53915894974747,40.0,9.839526656825113
134.60130349830703,40.0,9.839526656825113
134.65870132359814,40.0,9.839526656825113
134.75170513973282,40.0,9.839526656825113
134.80744597711603,40.0,9.839526656825113
134.8430547786917,40.0,9.839526656825113
134.87582747275974,40.0,9.839526656825113
134.93643411844923,40.0,9.839526656825113
134.984632961105,40.0,9.839526656825113
135.01939435613792,40.0,9.839526656825113
135.04433867457553,40.0,9.839526656825113
135.1346149843975,40.0,9.839526656825113
135.15978188628273,40.0,9.839526656825113
135.25551750781602,40.0,9.839526656825113
135.27625845912948,40.0,9.839526656825113
135.29801997287447,40.0,9.839526656825113
135.4010909433541,40.0,9.839526656825113
135.53103146257396,40.0,9.839526656825113
135.62768341302552,40.0,9.839526656825113
135.6700829794771,40.0,9.839526656825113
135.8084778303573,40.0,9.839526656825113
135.83070864643844,40.0,9.839526656825113
135.97111016132214,40.0,9.839526656825113
136.03558622647768,40.0,9.839526656825113
136.1635205940157,40.0,9.839526656825113
136.19957005948413,40.0,9.839526656825113
136.2300962865969,40.0,9.839526656825113
136.38610169388076,40.0,9.839526656825113
136.4894001061386,40.0,9.839526656825113
136.55134279290354,40.0,9.839526656825113
136.57439468783878,40.0,9.839526656825113
136.60493155776638,40.0,9.839526656825113
136.66121354872504,40.0,9.839526656825113
136.77877763735822,40.0,9.839526656825113
136.82089026904893,40.0,9.839526656825113
136.92993681676128,40.0,9.839526656825113
136.97012963614918,40.0,9.839526656825113
137.0753370733059,40.0,9.839526656825113
137.10881841452746,40.0,9.839526656825113
137.1812252955227,40.5,9.957099785952206
137.29570349983308,40.5,9.957099785952206
137.3329368033644,40.5,9.957099785952206
137.44703216828788,40.5,9.957099785952206
137.5589175906235,40.5,9.957099785952206
137.64956986931497,40.5,9.957099785952206
137.7619169581443,40.5,9.957099785952206
137.87162805722667,40.5,9.957099785952206
137.96572803768893,40.5,9.957099785952206
138.07099823333422,40.5,9.957099785952206
138.18084049340948,40.5,9.957099785952206
138.29192673948072,40.5,9.957099785952206
138.39839546542038,40.5,9.957099785952206
138.51214477635546,40.5,9.957099785952206
138.61811217301084,40.5,9.957099785952206
138.68502269798145,40.5,9.957099785952206
138.72309546553086,40.5,9.957099785952206
138.7652594831102,40.5,9.957099785952206
138.87213997149354,40.5,9.957099785952206
139.0217605523903,40.5,9.957099785952206
139.04874846997092,40.5,9.957099785952206
139.10378021331695,40.5,9.957099785952206
139.21709246330576,40.5,9.957099785952206
139.30964254257728,40.5,9.957099785952206
139.33304700476046,40.5,9.957099785952206
139.38480796914936,40.5,9.957099785952206
139.47491641832372,40.5,9.957099785952206
139.61576778253794,40.5,9.957099785952206
139.6938010944148,40.5,9.957099785952206
139.75704689203053,40.5,9.957099785952206
139.92438800918276,40.5,9.957099785952206
139.9855430563561,40.5,9.957099785952206
140.16968134555168,40.5,9.957099785952206
140.3539500389286,40.5,9.957099785952206
140.4022094994334,40.5,9.957099785952206
140.44521401802749,40.5,9.957099785952206
140.62878214529584,40.5,9.957099785952206
140.80238731438672,40.5,9.957099785952206
140.95982943802483,40.5,9.957099785952206
141.04307033912033,40.5,9.957099785952206
141.10657618124694,41.0,10.181350756197405
141.17985133784595,41.5,10.3676877152978
141.26706629809325,42.0,10.591830668976947
141.37310532269282,42.0,10.591830668976947
141.41804443905698,42.0,10.591830668976947
141.4756215519864,42.0,10.591830668976947
141.5652933702815,42.0,10.591830668976947
141.6558442053109,42.0,10.591830668976947
141.76030283551648,42.0,10.591830668976947
141.86263506315606,42.0,10.591830668976947
141.96484606114012,42.0,10.591830668976947
142.06948287882673,42.0,10.591830668976947
142.1746073721753,42.0,10.591830668976947
142.27887412754762,42.0,10.591830668976947
142.38093252539468,42.0,10.591830668976947
142.42880195800186,42.0,10.591830668976947
142.53944614117722,42.0,10.591830668976947
142.61557524141978,42.5,10.783474484437882
142.72958999045548,42.5,10.783474484437882
142.81052297702283,42.5,10.783474484437882
142.91700249159953,42.5,10.783474484437882
143.02617852398134,42.5,10.783474484437882
143.08075375987826,42.5,10.783474484437882
143.16021974105686,42.5,10.783474484437882
143.27050689534525,42.5,10.783474484437882
143.3807387354487,42.5,10.783474484437882
143.4073124610679,42.5,10.783474484437882
143.43451740552624,42.5,10.783474484437882
143.55646900875783,42.5,10.783474484437882
143.58354506687218,42.5,10.783474484437882
143.72644513410526,42.5,10.783474484437882
143.82288729926412,42.5,10.783474484437882
143.87366244090612,42.5,10.783474484437882
143.93142348047573,42.5,10.783474484437882
144.10768379231058,42.5,10.783474484437882
144.26119299820988,42.5,10.783474484437882
144.43419903656817,42.5,10.783474484437882
144.59242015498214,42.5,10.783474484437882
144.66132745502523,42.5,10.783474484437882
144.71875936220985,42.5,10.783474484437882
144.8715993121961,42.5,10.783474484437882
144.96944216468086,42.5,10.783474484437882
145.0918516218403,42.5,10.783474484437882
145.1124197302378,42.5,10.783474484437882
145.14150734384353,42.5,10.783474484437882
145.32542708917398,42.5,10.783474484437882
145.39972704160013,42.5,10.783474484437882
145.4656743184925,43.0,11.124281185852277
145.63173329974256,43.0,11.124281185852277
145.66144834821012,43.0,11.124281185852277
145.76642233568973,43.0,11.124281185852277
145.79900387664722,43.0,11.124281185852277
145.82953445905858,43.0,11.124281185852277
145.84905434783988,43.0,11.124281185852277
145.9126942504972,43.0,11.124281185852277
145.9997104210633,43.0,11.124281185852277
146.0883546498124,43.0,11.124281185852277
146.1810062436915,43.0,11.124281185852277
146.25671418498013,43.0,11.124281185852277
146.296736968012,43.0,11.124281185852277
146.38164078187484,43.0,11.124281185852277
146.48274095001847,43.0,11.124281185852277
146.58284760822056,43.0,11.124281185852277
146.68189173605234,43.0,11.124281185852277
146.7804901370022,43.0,11.124281185852277
146.8764859530511,43.0,11.124281185852277
146.96474186107147,43.0,11.124281185852277
147.04210881544554,43.0,11.124281185852277
147.07589521255628,43.0,11.124281185852277
147.1788651663928,43.0,11.124281185852277
147.27319930232943,43.0,11.124281185852277
147.38063997736722,43.5,11.14460206659984
147.47919694587546,43.5,11.14460206659984
147.58132983303187,43.5,11.14460206659984
147.6827480515298,43.5,11.14460206659984
147.7737105129615,43.5,11.14460206659984
147.7916229921173,43.5,11.14460206659984
147.89434416933386,43.5,11.14460206659984
147.92847723479164,43.5,11.14460206659984
147.95875950022568,43.5,11.14460206659984
148.03200647552723,43.5,11.14460206659984
148.14217940225709,43.5,11.14460206659984
148.18044562542562,43.5,11.14460206659984
148.21085299566883,43.5,11.14460206659984
148.35096834461982,43.5,11.14460206659984
148.37684635235595,43.5,11.14460206659984
148.50668594589897,43.5,11.14460206659984
148.53531536848624,43.5,11.14460206659984
148.55339687928725,43.5,11.14460206659984
148.6814926439216,43.5,11.14460206659984
148.7166869788934,43.5,11.14460206659984
148.7525338270444,43.5,11.14460206659984
148.76966418949414,43.5,11.14460206659984
148.78984165041848,43.5,11.14460206659984
148.84691451398982,43.5,11.14460206659984
148.89052145212577,43.5,11.14460206659984
148.99749134009772,44.0,11.232629680565312
149.05609432390492,44.0,11.232629680565312
149.1496493433661,44.0,11.232629680565312
149.20810785797272,44.0,11.232629680565312
149.3120555548199,44.0,11.232629680565312
149.411752885953,44.0,11.232629680565312
149.44232937808107,44.0,11.232629680565312
149.4692541055337,44.0,11.232629680565312
149.56506877684754,44.0,11.232629680565312
149.64048209217486,44.0,11.232629680565312
149.73471280833226,44.0,11.232629680565312
149.82204045696713,44.0,11.232629680565312
149.84008093109824,44.5,11.364311729481093
149.93441804390818,44.5,11.364311729481093
150.02200333321952,44.5,11.364311729481093
150.07753226614895,44.5,11.364311729481093
150.17106836213125,44.5,11.364311729481093
150.2573869422285,44.5,11.364311729481093
150.2942687198041,44.5,11.364311729481093
150.31264506747146,45.0,11.71281042953257
150.35700116310986,45.0,11.71281042953257
150.4560574907256,45.0,11.71281042953257
150.47419781068413,45.0,11.71281042953257
150.5480978457325,45.5,11.939665518735653
150.66121669187999,45.5,11.939665518735653
150.69882977749992,46.0,11.945256060103999
150.81375310568285,46.0,11.945256060103999
150.95014313840386,46.0,11.945256060103999
151.06168125449875,46.0,11.945256060103999
151.14597848320665,46.0,11.945256060103999
151.2258206970516,46.0,11.945256060103999
151.34294558595187,46.0,11.945256060103999
151.3862256590488,46.0,11.945256060103999
151.45204940428505,46.0,11.945256060103999
151.58990080214969,46.0,11.945256060103999
151.65899488988958,46.0,11.945256060103999
151.74346285903732,46.0,11.945256060103999
151.87551152240317,46.0,11.945256060103999
151.91150965416355,46.0,11.945256060103999
152.01957201773703,46.0,11.945256060103999
152.04072687115752,46.0,11.945256060103999
152.17216848765366,46.0,11.945256060103999
152.22965860659363,46.0,11.945256060103999
152.25579052117257,46.0,11.945256060103999
152.27749872267137,46.0,11.945256060103999
152.33501177002825,46.0,11.945256060103999
152.41421225226222,46.0,11.945256060103999
152.57166510679792,46.0,11.945256060103999
152.63233084042702,46.0,11.945256060103999
152.73219738305755,46.0,11.945256060103999
152.75446337800145,46.0,11.945256060103999
152.8012072441051,46.0,11.945256060103999
152.8173429256129,46.0,11.945256060103999
152.9052144464781,46.0,11.945256060103999
152.94732464492944,46.0,11.945256060103999
152.97265125735586,46.0,11.945256060103999
153.06632304663964,46.0,11.945256060103999
153.15717321488597,46.0,11.945256060103999
153.2482222273677,46.0,11.945256060103999
153.33991060583745,46.0,11.945256060103999
153.4261844400245,46.0,11.945256060103999
153.50453683370552,46.0,11.945256060103999
153.58849428188788,46.0,11.945256060103999
153.68043697528012,46.0,11.945256060103999
153.75426451806575,46.0,11.945256060103999
153.8400165842226,46.0,11.945256060103999
153.91848776697748,46.0,11.945256060103999
154.01778143119319,46.0,11.945256060103999
154.04103686436397,46.5,12.094523758267433
154.14985126312948,46.5,12.094523758267433
154.2413583002372,46.5,12.094523758267433
154.28286853926974,46.5,12.094523758267433
154.361214979087,46.5,12.094523758267433
154.38368346937295,46.5,12.094523758267433
154.5030225920725,46.5,12.094523758267433
154.55861207524154,46.5,12.094523758267433
154.59979495448474,46.5,12.094523758267433
154.67630265914016,46.5,12.094523758267433
154.79011811592355,46.5,12.094523758267433
154.92688906304858,46.5,12.094523758267433
155.06360101198788,46.5,12.094523758267433
155.1844236944773,46.5,12.094523758267433
155.31002703432526,46.5,12.094523758267433
155.3653324308665,46.5,12.094523758267433
155.42313052414372,46.5,12.094523758267433
155.57330654502613,46.5,12.094523758267433
155.71757964327855,46.5,12.094523758267433
155.88412602443162,46.5,12.094523758267433
155.94965814506298,46.5,12.094523758267433
156.07288930807292,46.5,12.094523758267433
156.1970972783713,46.5,12.094523758267433
156.2687012140682,46.5,12.094523758267433
156.42259659680482,46.5,12.094523758267433
156.46341961322852,46.5,12.094523758267433
156.5658041515209,46.5,12.094523758267433
156.58941581843888,46.5,12.094523758267433
156.68152437033262,47.0,12.280291295429775
156.75928989615272,47.5,12.336713508667186
156.8382084705193,48.0,12.381276468291583
156.88525420294584,48.0,12.381276468291583
156.96418349826692,48.0,12.381276468291583
157.05835706607655,48.0,12.381276468291583
157.09230626517302,48.0,12.381276468291583
157.17962513999797,48.0,12.381276468291583
157.27611938736692,48.0,12.381276468291583
157.36647358538735,48.0,12.381276468291583
157.46312580868022,48.0,12.381276468291583
157.49022503782217,48.5,12.453660075722874
157.58404343017733,48.5,12.453660075722874
157.60470142878947,49.0,12.635003313861668
157.69988369245036,49.0,12.635003313861668
157.7998433415726,49.0,12.635003313861668
157.84001533032853,49.0,12.635003313861668
157.89083450828312,49.0,12.635003313861668
157.97985476914462,49.0,12.635003313861668
158.05404758040515,49.0,12.635003313861668
158.15543884105824,49.0,12.635003313861668
158.25713085832038,49.0,12.635003313861668
158.35534946386477,49.0,12.635003313861668
158.3879627886387,49.0,12.635003313861668
158.48718442217063,49.0,12.635003313861668
158.56564504209223,49.0,12.635003313861668
158.65194244781324,49.0,12.635003313861668
158.77320748460855,49.0,12.635003313861668
158.84640462583923,49.0,12.635003313861668
158.88210525657576,49.0,12.635003313861668
158.9146815106252,49.0,12.635003313861668
159.02361986666463,49.0,12.635003313861668
159.13191513374585,49.0,12.635003313861668
159.1598867138727,49.0,12.635003313861668
159.19181324208506,49.0,12.635003313861668
159.31870142528635,49.0,12.635003313861668
159.34793152177747,49.0,12.635003313861668
159.43430033793996,49.0,12.635003313861668
159.51319213279857,49.0,12.635003313861668
159.61473756449723,49.0,12.635003313861668
159.65509414895698,49.0,12.635003313861668
159.74901351546467,49.0,12.635003313861668
159.86136767142665,49.0,12.635003313861668
159.89125026217812,49.0,12.635003313861668
159.9948641926852,49.0,12.635003313861668
160.01661232568821,49.0,12.635003313861668
160.16998326012742,49.0,12.635003313861668
160.26598396792076,49.5,12.8675552127484
160.3243479269577,49.5,12.8675552127484
160.36584059721832,49.5,12.8675552127484
160.43213807702696,49.5,12.8675552127484
160.5743252501268,49.5,12.8675552127484
160.62415214289464,49.5,12.8675552127484
160.6652703448882,49.5,12.8675552127484
160.76230756364743,49.5,12.8675552127484
160.8500710130473,49.5,12.8675552127484
160.924032491293,49.5,12.8675552127484
161.01302611127826,49.5,12.8675552127484
161.10774265610056,49.5,12.8675552127484
161.18703499981694,49.5,12.8675552127484
161.28711792318208,49.5,12.8675552127484
161.37520716835309,49.5,12.8675552127484
161.47351662454182,49.5,12.8675552127484
161.49359013693072,50.0,12.977326759696236
161.59965951951978,50.0,12.977326759696236
161.69823826067173,50.0,12.977326759696236
161.75941850413486,50.0,12.977326759696236
161.85966400181775,50.0,12.977326759696236
161.9612102329557,50.0,12.977326759696236
162.05735046815784,50.0,12.977326759696236
162.11625354206467,50.0,12.977326759696236
162.23095551118132,50.0,12.977326759696236
162.31219827376214,50.0,12.977326759696236
162.40941421156862,50.0,12.977326759696236
162.5130474872176,50.0,12.977326759696236
162.6252622592903,50.0,12.977326759696236
162.67194845306992,50.0,12.977326759696236
162.77226154422672,50.0,12.977326759696236
162.80289748549822,50.0,12.977326759696236
162.8982226457612,50.0,12.977326759696236
162.92350155082588,50.0,12.977326759696236
162.9455616557089,50.0,12.977326759696236
163.07640110035743,50.0,12.977326759696236
163.1095302966558,50.0,12.977326759696236
163.13032376630605,50.0,12.977326759696236
163.24068376148082,50.0,12.977326759696236
163.33920727134216,50.0,12.977326759696236
163.49014843765963,50.0,12.977326759696236
163.59391055752806,50.0,12.977326759696236
163.69267546070003,50.0,12.977326759696236
163.85134889237833,50.0,12.977326759696236
163.93128083724966,50.0,12.977326759696236
164.07392264714255,50.0,12.977326759696236
164.09663584546556,50.0,12.977326759696236
164.18651908089285,50.0,12.977326759696236
164.243868720751,50.5,13.047351632208887
164.38199734287943,50.5,13.047351632208887
164.4937839180597,51.0,13.07954274876812
164.66413958232928,51.0,13.07954274876812
164.7668323723587,51.0,13.07954274876812
164.78654156601317,51.0,13.07954274876812
164.88501893018767,51.0,13.07954274876812
164.98035924488917,51.0,13.07954274876812
165.07363544164014,51.0,13.07954274876812
165.11860624398207,51.0,13.07954274876812
165.2101455193827,51.0,13.07954274876812
165.2707630922975,51.0,13.07954274876812
165.36321652912773,51.0,13.07954274876812
165.45346629463876,51.0,13.07954274876812
165.54924762830035,51.0,13.07954274876812
165.64448662221216,51.0,13.07954274876812
165.74021438074985,51.0,13.07954274876812
165.8362544560771,51.0,13.07954274876812
165.9333049476434,51.0,13.07954274876812
165.97819687448168,51.0,13.07954274876812
166.06043237035047,51.0,13.07954274876812
166.1344481255161,51.5,13.45050300542347
166.2312913022565,51.5,13.45050300542347
166.26947045383065,51.5,13.45050300542347
166.37661418697567,51.5,13.45050300542347
166.48172698431515,51.5,13.45050300542347
166.5684298761551,51.5,13.45050300542347
166.6350127403174,51.5,13.45050300542347
166.74124936013894,51.5,13.45050300542347
166.77326628096395,51.5,13.45050300542347
166.81086322226693,51.5,13.45050300542347
166.86682630518726,51.5,13.45050300542347
166.88723499204443,51.5,13.45050300542347
166.9810006149796,51.5,13.45050300542347
167.02564579439914,51.5,13.45050300542347
167.17117143058883,51.5,13.45050300542347
167.28569858101224,51.5,13.45050300542347
167.3515092545583,51.5,13.45050300542347
167.38085141883306,51.5,13.45050300542347
167.41199866870778,51.5,13.45050300542347
167.5316519344205,51.5,13.45050300542347
167.63522787335089,51.5,13.45050300542347
167.7914573063548,51.5,13.45050300542347
167.8844093887009,51.5,13.45050300542347
167.91424459197432,51.5,13.45050300542347
167.9820937059454,51.5,13.45050300542347
168.10693220480732,51.5,13.45050300542347
168.13764485917187,51.5,13.45050300542347
168.20222676541064,51.5,13.45050300542347
168.28299438931407,52.0,13.527879806988295
168.4000255352825,52.0,13.527879806988295
168.44489989157978,52.0,13.527879806988295
168.55383987988682,52.0,13.527879806988295
168.56899547751107,52.0,13.527879806988295
168.64901926745426,52.0,13.527879806988295
168.74416810602648,52.0,13.527879806988295
168.7731698965067,52.0,13.527879806988295
168.86725627134064,52.0,13.527879806988295
168.95756207240643,52.0,13.527879806988295
168.98935693821952,52.0,13.527879806988295
169.07882655307986,52.0,13.527879806988295
169.16441531059024,52.0,13.527879806988295
169.18457335498312,52.0,13.527879806988295
169.2700958879237,52.0,13.527879806988295
169.35920597190525,52.0,13.527879806988295
169.42316694440763,52.0,13.527879806988295
169.50808748073115,52.0,13.527879806988295
169.59431633625962,52.5,13.697146080558586
169.65133886026422,52.5,13.697146080558586
169.75264735803353,52.5,13.697146080558586
169.84552364428515,52.5,13.697146080558586
169.94141144420757,52.5,13.697146080558586
170.011454943994,52.5,13.697146080558586
170.03172265306566,52.5,13.697146080558586
170.05632005239457,52.5,13.697146080558586
170.16022690586843,52.5,13.697146080558586
170.2198061179897,52.5,13.697146080558586
170.2753100344327,52.5,13.697146080558586
170.3001195496745,52.5,13.697146080558586
170.3852565843415,52.5,13.697146080558586
170.4708755274413,52.5,13.697146080558586
170.5173538788468,52.5,13.697146080558586
170.67767232322552,52.5,13.697146080558586
170.7498451565242,52.5,13.697146080558586
170.9140586570891,52.5,13.697146080558586
170.9607010196389,52.5,13.697146080558586
170.9830181645454,52.5,13.697146080558586
171.02910264931148,52.5,13.697146080558586
171.12637234623395,52.5,13.697146080558586
171.18354897445994,52.5,13.697146080558586
171.21514048147438,52.5,13.697146080558586
171.25202289927256,52.5,13.697146080558586
171.35804837096472,52.5,13.697146080558586
171.41401381729747,52.5,13.697146080558586
171.4539485799146,52.5,13.697146080558586
171.55004429239588,52.5,13.697146080558586
171.6047052050562,53.0,13.71095454052903
171.69182892730808,53.5,13.838281722404401
171.7787700147728,54.0,13.843335547958455
171.807241491709,54.0,13.843335547958455
171.8901632865512,54.0,13.843335547958455
171.9140592320966,54.0,13.843335547958455
171.95114972434254,54.0,13.843335547958455
172.0509015186645,54.0,13.843335547958455
172.0871486944286,54.0,13.843335547958455
172.18183490508113,54.0,13.843335547958455
172.21995464548078,54.0,13.843335547958455
172.298726150968,54.0,13.843335547958455
172.38976928491252,54.0,13.843335547958455
172.47900858071125,54.0,13.843335547958455
172.50844687348635,54.0,13.843335547958455
172.54641907470318,54.5,13.850071219486004
172.64739086292127,54.5,13.850071219486004
172.73104084780712,54.5,13.850071219486004
172.83097551958073,54.5,13.850071219486004
172.93036721909226,54.5,13.850071219486004
173.02976812843133,54.5,13.850071219486004
173.120516880629,54.5,13.850071219486004
173.20960180202144,54.5,13.850071219486004
173.30893721517475,54.5,13.850071219486004
173.39651243120323,54.5,13.850071219486004
173.4175440302151,54.5,13.850071219486004
173.5198703073538,54.5,13.850071219486004
173.57591524529124,54.5,13.850071219486004
173.64604411126672,54.5,13.850071219486004
173.71475506120427,54.5,13.850071219486004
173.7627134260435,54.5,13.850071219486004
173.8994776063085,54.5,13.850071219486004
173.99286265899386,54.5,13.850071219486004
174.09735187675543,54.5,13.850071219486004
174.20178105138604,54.5,13.850071219486004
174.30053436766414,54.5,13.850071219486004
174.39278514713405,54.5,13.850071219486004
174.51317576891387,54.5,13.850071219486004
174.58222172284823,54.5,13.850071219486004
174.62751331463954,54.5,13.850071219486004
174.6493881448765,54.5,13.850071219486004
174.80856073374684,54.5,13.850071219486004
174.88536698903823,54.5,13.850071219486004
174.99413517200836,54.5,13.850071219486004
175.03792487346578,54.5,13.850071219486004
175.15308509140385,54.5,13.850071219486004
175.208260629805,54.5,13.850071219486004
175.29059786818254,54.5,13.850071219486004
175.3238939471632,54.5,13.850071219486004
175.40296866833833,54.5,13.850071219486004
175.4649848808171,54.5,13.850071219486004
175.48316542180046,54.5,13.850071219486004
175.5824451485995,54.5,13.850071219486004
175.60434405053616,54.5,13.850071219486004
175.66512517466305,54.5,13.850071219486004
175.75548403600092,54.5,13.850071219486004
175.81249247955495,54.5,13.850071219486004
175.89488940246272,54.5,13.850071219486004
175.9807862911614,54.5,13.850071219486004
176.07084725313493,54.5,13.850071219486004
176.16346407255443,54.5,13.850071219486004
176.23327034411994,54.5,13.850071219486004
176.29200073399412,54.5,13.850071219486004
176.33413988655886,54.5,13.850071219486004
176.41953986368995,54.5,13.850071219486004
176.51296928553458,54.5,13.850071219486004
176.60685653302917,54.5,13.850071219486004
176.7039981125192,54.5,13.850071219486004
176.7648652200828,54.5,13.850071219486004
176.86262246511913,54.5,13.850071219486004
176.96214650080708,54.5,13.850071219486004
177.0538312646557,54.5,13.850071219486004
177.14565180205025,54.5,13.850071219486004
177.16621154733144,54.5,13.850071219486004
177.24467266245668,54.5,13.850071219486004
177.35037408075144,54.5,13.850071219486004
177.4544009403621,54.5,13.850071219486004
177.49746372913208,54.5,13.850071219486004
177.58299508572128,54.5,13.850071219486004
177.63956046550678,54.5,13.850071219486004
177.72437553339427,54.5,13.850071219486004
177.74815154855833,54.5,13.850071219486004
177.8471535540656,54.5,13.850071219486004
177.90598790651035,54.5,13.850071219486004
177.98656688352798,54.5,13.850071219486004
178.00933798665505,54.5,13.850071219486004
178.15450206484377,54.5,13.850071219486004
178.2001893541612,54.5,13.850071219486004
178.26492245761625,54.5,13.850071219486004
178.32778028069254,54.5,13.850071219486004
178.35407739997078,54.5,13.850071219486004
178.41563469388788,54.5,13.850071219486004
178.5306299620426,54.5,13.850071219486004
178.64447453660173,54.5,13.850071219486004
178.7846828723008,54.5,13.850071219486004
178.83303010432198,54.5,13.850071219486004
178.86316986732143,54.5,13.850071219486004
178.88834337877117,54.5,13.850071219486004
178.96852357768995,54.5,13.850071219486004
179.04138034605597,54.5,13.850071219486004
179.07802182778175,54.5,13.850071219486004
179.11433484129657,54.5,13.850071219486004
179.2125617739725,54.5,13.850071219486004
179.23189009137056,54.5,13.850071219486004
179.3149332887989,54.5,13.850071219486004
179.41164736559116,54.5,13.850071219486004
179.50126036036147,54.5,13.850071219486004
179.59471767462242,54.5,13.850071219486004
179.69260341721863,54.5,13.850071219486004
179.74313559685024,54.5,13.850071219486004
179.84217561328416,54.5,13.850071219486004
179.94103677139714,54.5,13.850071219486004
180.03895238938105,54.5,13.850071219486004
180.13955316608383,54.5,13.850071219486004
180.22534441612254,54.5,13.850071219486004
180.32869417297894,54.5,13.850071219486004
180.42466221004918,54.5,13.850071219486004
180.52782826064163,54.5,13.850071219486004
180.63650355473777,54.5,13.850071219486004
180.73928877679495,54.5,13.850071219486004
180.78883093965115,54.5,13.850071219486004
180.91149598252133,54.5,13.850071219486004
180.95936440261323,54.5,13.850071219486004
181.0668447482792,54.5,13.850071219486004
181.2193445579685,54.5,13.850071219486004
181.34555850654365,54.5,13.850071219486004
181.49557903761269,54.5,13.850071219486004
181.56209377591227,54.5,13.850071219486004
181.6624026308253,54.5,13.850071219486004
181.71850388753356,54.5,13.850071219486004
181.85541108298682,54.5,13.850071219486004
181.89019277065563,54.5,13.850071219486004
182.0245405790369,54.5,13.850071219486004
182.0442976267563,54.5,13.850071219486004
182.15135840147119,54.5,13.850071219486004
182.1739574377531,54.5,13.850071219486004
182.191920205866,54.5,13.850071219486004
182.37122599940088,54.5,13.850071219486004
182.46329359203128,54.5,13.850071219486004
182.6028027680005,54.5,13.850071219486004
182.71358259572452,54.5,13.850071219486004
182.82631385340954,54.5,13.850071219486004
182.930412438256,54.5,13.850071219486004
183.00085817827468,54.5,13.850071219486004
183.0281606916657,54.5,13.850071219486004
183.105731276069,55.0,14.14513555984633
183.12863844598803,55.0,14.14513555984633
183.20606030388134,55.5,14.27872597642281
183.25343946077632,55.5,14.27872597642281
183.35575350569363,56.0,14.339344644002336
183.4669797047169,56.0,14.339344644002336
183.50949060266885,56.0,14.339344644002336
183.61177959878836,56.0,14.339344644002336
183.71132856977934,56.0,14.339344644002336
183.7896478677592,56.0,14.339344644002336
183.86364641715716,56.0,14.339344644002336
183.96823780888298,56.0,14.339344644002336
184.07000755589013,56.0,14.339344644002336
184.17468510109543,56.0,14.339344644002336
184.19790467684706,56.5,14.376290869316929
184.30673921768397,56.5,14.376290869316929
184.40353766136522,56.5,14.376290869316929
184.50579592689436,56.5,14.376290869316929
184.60398207791175,56.5,14.376290869316929
184.661065743625,56.5,14.376290869316929
184.76523970412185,56.5,14.376290869316929
184.85617697259178,56.5,14.376290869316929
184.887392671257,56.5,14.376290869316929
184.9890851386899,56.5,14.376290869316929
185.08358615516653,56.5,14.376290869316929
185.17319947345896,56.5,14.376290869316929
185.27883354544417,56.5,14.376290869316929
185.3424773399526,56.5,14.376290869316929
185.4539249829341,56.5,14.376290869316929
185.52342733549057,56.5,14.376290869316929
185.55858273796238,56.5,14.376290869316929
185.66919886191795,56.5,14.376290869316929
185.73582937681604,56.5,14.376290869316929
185.82882666537984,56.5,14.376290869316929
185.986847994772,56.5,14.376290869316929
186.1164602515336,56.5,14.376290869316929
186.26844937708893,56.5,14.376290869316929
186.37307504167163,56.5,14.376290869316929
186.54044532946725,56.5,14.376290869316929
186.57827440465493,56.5,14.376290869316929
186.753608036498,56.5,14.376290869316929
186.82228308520115,56.5,14.376290869316929
186.9243415102651,56.5,14.376290869316929
186.99750717359177,56.5,14.376290869316929
187.17653620268226,56.5,14.376290869316929
187.34620257277075,56.5,14.376290869316929
187.52097789417073,56.5,14.376290869316929
187.54018792617612,56.5,14.376290869316929
187.59956998638077,57.0,14.461591749999458
187.62723402303084,57.0,14.461591749999458
187.6544806409556,57.0,14.461591749999458
187.6817355105646,57.0,14.461591749999458
187.71679103514026,57.0,14.461591749999458
187.74350301330097,57.0,14.461591749999458
187.7738772451679,57.0,14.461591749999458
187.79448782742338,57.0,14.461591749999458
187.89153544140342,57.0,14.461591749999458
187.9501501142831,57.5,14.617502082088912
188.05559608945939,57.5,14.617502082088912
188.14963979312319,57.5,14.617502082088912
188.24886425332411,57.5,14.617502082088912
188.34446781291814,57.5,14.617502082088912
188.4319739581753,57.5,14.617502082088912
188.5322158222376,57.5,14.617502082088912
188.63537683494036,57.5,14.617502082088912
188.73059002087703,57.5,14.617502082088912
188.81760844071445,57.5,14.617502082088912
188.86838906357787,57.5,14.617502082088912
188.97869300179738,57.5,14.617502082088912
189.01429011307778,57.5,14.617502082088912
189.03436560034987,57.5,14.617502082088912
189.0584506937637,57.5,14.617502082088912
189.0780548727955,57.5,14.617502082088912
189.11904661913346,57.5,14.617502082088912
189.16008975419237,57.5,14.617502082088912
189.23512881075186,57.5,14.617502082088912
189.32283043868574,57.5,14.617502082088912
189.35830523924878,57.5,14.617502082088912
189.48193836734228,57.5,14.617502082088912
189.597938558756,57.5,14.617502082088912
189.64514212025787,57.5,14.617502082088912
189.70209284359316,57.5,14.617502082088912
189.82959268415112,57.5,14.617502082088912
189.88115933466025,57.5,14.617502082088912
190.04693788933088,57.5,14.617502082088912
190.09429085294957,57.5,14.617502082088912
190.14631988354628,57.5,14.617502082088912
190.28819662183378,57.5,14.617502082088912
190.40175478417243,57.5,14.617502082088912
190.539112689187,57.5,14.617502082088912
190.59635440135182,57.5,14.617502082088912
190.73379442758946,57.5,14.617502082088912
190.80472005039607,57.5,14.617502082088912
190.94766361110916,57.5,14.617502082088912
191.0588105787679,57.5,14.617502082088912
191.16449504627317,58.0,14.648591732845993
191.2160736533867,58.0,14.648591732845993
191.30345127376015,58.0,14.648591732845993
191.41049887552052,58.0,14.648591732845993
191.4849063040771,58.0,14.648591732845993
191.50387037581905,58.0,14.648591732845993
191.6063446279396,58.0,14.648591732845993
191.68082871214963,58.0,14.648591732845993
191.73899156190603,58.0,14.648591732845993
191.83594653454338,58.0,14.648591732845993
191.86766250706233,58.0,14.648591732845993
191.96992732253128,58.0,14.648591732845993
191.99564528246174,58.0,14.648591732845993
192.09115816164783,58.0,14.648591732845993
192.1785742107356,58.0,14.648591732845993
192.26215843504755,58.0,14.648591732845993
192.3725610470311,58.0,14.648591732845993
192.4744768961599,58.0,14.648591732845993
192.58367924478182,58.0,14.648591732845993
192.6728148875313,58.0,14.648591732845993
192.77568574984906,58.0,14.648591732845993
192.85355557916324,58.0,14.648591732845993
192.93324087105532,58.0,14.648591732845993
193.02872006686766,58.0,14.648591732845993
193.09054412513012,58.0,14.648591732845993
193.1663387015832,58.0,14.648591732845993
193.25658471064443,58.0,14.648591732845993
193.3633175833386,58.0,14.648591732845993
193.50328382990034,58.0,14.648591732845993
193.52392979211393,58.0,14.648591732845993
193.63711468934926,58.0,14.648591732845993
193.6919177447284,58.0,14.648591732845993
193.74843602519542,58.0,14.648591732845993
193.78138985755635,58.0,14.648591732845993
193.89517566654553,58.0,14.648591732845993
194.06189651623797,58.0,14.648591732845993
194.13870111305545,58.0,14.648591732845993
194.26412372749994,58.0,14.648591732845993
194.32375826191864,58.0,14.648591732845993
194.36605881092356,58.0,14.648591732845993
194.48837685220678,58.0,14.648591732845993
194.64071169845093,58.0,14.648591732845993
194.72583496416348,58.0,14.648591732845993
194.83755352490047,58.0,14.648591732845993
194.87962400941868,58.0,14.648591732845993
194.90464550940806,58.0,14.648591732845993
195.06397778667466,58.0,14.648591732845993
195.1026830743535,58.0,14.648591732845993
195.27976186907017,58.0,14.648591732845993
195.4027756681962,58.0,14.648591732845993
195.5167652503497,58.5,14.669607062299212
195.6023368288032,59.0,14.684948021902901
195.6434392989446,59.0,14.684948021902901
195.69598544965922,59.0,14.684948021902901
195.71645182527627,59.0,14.684948021902901
195.7540541385055,59.0,14.684948021902901
195.82780180261503,59.0,14.684948021902901
195.84803039719776,59.0,14.684948021902901
195.94704699477666,59.0,14.684948021902901
196.04953512428992,59.0,14.684948021902901
196.1039464929964,59.0,14.684948021902901
196.16575710195133,59.0,14.684948021902901
196.23293779309438,59.0,14.684948021902901
196.3354756017151,59.0,14.684948021902901
196.42606387967757,59.0,14.684948021902901
196.52481558340375,59.0,14.684948021902901
196.60885345878546,59.0,14.684948021902901
196.71123913879453,59.0,14.684948021902901
196.75326775215763,59.0,14.684948021902901
196.8672387258841,59.0,14.684948021902901
196.97194442473375,59.0,14.684948021902901
197.0649020996725,59.0,14.684948021902901
197.10123104343512,59.0,14.684948021902901
197.21209576298156,59.0,14.684948021902901
197.31991142729368,59.0,14.684948021902901
197.42150545060215,59.5,14.700870738017851
197.46260049093044,59.5,14.700870738017851
197.57499448600745,59.5,14.700870738017851
197.6810058155246,59.5,14.700870738017851
197.71476716225385,59.5,14.700870738017851
197.73640483145547,59.5,14.700870738017851
197.84155906424985,59.5,14.700870738017851
197.9156605959939,59.5,14.700870738017851
198.0926731675409,59.5,14.700870738017851
198.1463960874427,59.5,14.700870738017851
198.3175018316193,59.5,14.700870738017851
198.3683885214101,59.5,14.700870738017851
198.42328197970122,59.5,14.700870738017851
198.5050384238987,59.5,14.700870738017851
198.64000905698225,59.5,14.700870738017851
198.6765891244699,59.5,14.700870738017851
198.7230201187227,59.5,14.700870738017851
198.85100706378822,59.5,14.700870738017851
199.00948050318434,59.5,14.700870738017851
199.06031540784966,59.5,14.700870738017851
199.0826100718955,59.5,14.700870738017851
199.24792134728688,59.5,14.700870738017851
199.33603458584577,60.0,14.841623926602256
199.4361966030749,60.5,14.94266188871576
199.4616761875055,60.5,14.94266188871576
199.50244797524107,60.5,14.94266188871576
199.6329012117015,60.5,14.94266188871576
199.7264488450261,60.5,14.94266188871576
199.82358884061085,60.5,14.94266188871576
199.87192158150833,60.5,14.94266188871576
199.9609794578973,60.5,14.94266188871576
200.06407186655863,60.5,14.94266188871576
200.1121946820216,60.5,14.94266188871576
200.1993466073797,60.5,14.94266188871576
200.26812311491904,60.5,14.94266188871576
200.3609084435418,60.5,14.94266188871576
200.44266354779484,60.5,14.94266188871576
200.48310238878938,60.5,14.94266188871576
200.5932810626053,60.5,14.94266188871576
200.69783042667785,60.5,14.94266188871576
200.79907467831669,60.5,14.94266188871576
200.90686367291448,60.5,14.94266188871576
201.01307123857686,60.5,14.94266188871576
201.10839733371148,60.5,14.94266188871576
201.20081482030585,60.5,14.94266188871576
201.2980129683998,60.5,14.94266188871576
201.32287438623587,60.5,14.94266188871576
201.34159329562598,60.5,14.94266188871576
201.45369939547226,60.5,14.94266188871576
201.51807488459113,60.5,14.94266188871576
201.53976866895687,60.5,14.94266188871576
201.56398309137003,60.5,14.94266188871576
201.68045600813102,60.5,14.94266188871576
201.7871880679216,60.5,14.94266188871576
201.82689165647056,60.5,14.94266188871576
201.90586179592322,60.5,14.94266188871576
202.03697051870867,60.5,14.94266188871576
202.07161277126417,60.5,14.94266188871576
202.25532794580434,60.5,14.94266188871576
202.29495172591476,60.5,14.94266188871576
202.4189835009512,60.5,14.94266188871576
202.44442387979754,60.5,14.94266188871576
202.62451237337956,60.5,14.94266188871576
202.72679614953265,60.5,14.94266188871576
202.7721425439749,60.5,14.94266188871576
202.95507954899168,60.5,14.94266188871576
203.08609889890806,60.5,14.94266188871576
203.1182054740461,60.5,14.94266188871576
203.194066743843,60.5,14.94266188871576
203.36498373951474,60.5,14.94266188871576
203.42123253883332,60.5,14.94266188871576
203.50363358092093,60.5,14.94266188871576
203.62063771904727,60.5,14.94266188871576
203.70473712001063,60.5,14.94266188871576
203.72510124439842,60.5,14.94266188871576
203.7434720511727,60.5,14.94266188871576
203.80253928691357,60.5,14.94266188871576
203.91217353296182,60.5,14.94266188871576
203.95155531084336,60.5,14.94266188871576
204.0631486534555,60.5,14.94266188871576
204.17078075473404,60.5,14.94266188871576
204.2266153127439,60.5,14.94266188871576
204.33639053270224,60.5,14.94266188871576
204.41028660548542,60.5,14.94266188871576
204.5188211681345,60.5,14.94266188871576
204.56190686711284,60.5,14.94266188871576
204.58375270723485,60.5,14.94266188871576
204.6858660969819,60.5,14.94266188871576
204.7930237321695,60.5,14.94266188871576
204.8965063679098,60.5,14.94266188871576
205.003187090242,60.5,14.94266188871576
205.02681141132123,60.5,14.94266188871576
205.1339595777037,60.5,14.94266188871576
205.2224767820004,60.5,14.94266188871576
205.2542833467536,60.5,14.94266188871576
205.34067534608053,60.5,14.94266188871576
205.37082680467367,60.5,14.94266188871576
205.40303725767362,60.5,14.94266188871576
205.45944090650477,60.5,14.94266188871576
205.5650102469608,60.5,14.94266188871576
205.59814569312226,60.5,14.94266188871576
205.6261722905841,60.5,14.94266188871576
205.69374953202836,60.5,14.94266188871576
205.71696724986717,60.5,14.94266188871576
205.89156535324574,60.5,14.94266188871576
206.04673863562294,60.5,14.94266188871576
206.1857565780181,60.5,14.94266188871576
206.32072787572733,60.5,14.94266188871576
206.34093955185256,60.5,14.94266188871576
206.5089639839045,60.5,14.94266188871576
206.53343160924192,60.5,14.94266188871576
206.70941076302154,60.5,14.94266188871576
206.8427291524249,60.5,14.94266188871576
206.89214487047914,60.5,14.94266188871576
206.92272150424674,60.5,14.94266188871576
206.94374231742356,60.5,14.94266188871576
206.98482170230628,60.5,14.94266188871576
207.02978657318246,60.5,14.94266188871576
207.13382863847144,61.0,15.136270907328216
207.21970227577418,61.0,15.136270907328216
207.31435093433635,61.5,15.137140047022292
207.36234391655515,61.5,15.137140047022292
207.46345204111051,61.5,15.137140047022292
207.55764456564324,61.5,15.137140047022292
207.57974120230494,61.5,15.137140047022292
207.68202022495083,61.5,15.137140047022292
207.73651685329034,61.5,15.137140047022292
207.83523957007174,61.5,15.137140047022292
207.90733992006608,61.5,15.137140047022292
208.0060789907394,61.5,15.137140047022292
208.10372453340415,61.5,15.137140047022292
208.20165946780145,61.5,15.137140047022292
208.2852852038092,61.5,15.137140047022292
208.3833638045788,61.5,15.137140047022292
208.45937934514708,61.5,15.137140047022292
208.5523227052004,61.5,15.137140047022292
208.65263335581832,61.5,15.137140047022292
208.74560179215203,61.5,15.137140047022292
208.8485219104601,61.5,15.137140047022292
208.94660238041635,61.5,15.137140047022292
208.9703323951527,61.5,15.137140047022292
209.0865466155969,61.5,15.137140047022292
209.16832171148744,61.5,15.137140047022292
209.23439904122586,61.5,15.137140047022292
209.3459005563349,61.5,15.137140047022292
209.37636475123358,61.5,15.137140047022292
209.4261977891995,61.5,15.137140047022292
209.46771521348066,61.5,15.137140047022292
209.49174939453005,61.5,15.137140047022292
209.54722286094602,61.5,15.137140047022292
209.63747258871553,61.5,15.137140047022292
209.65899519431298,61.5,15.137140047022292
209.80078051123263,61.5,15.137140047022292
209.84847320545293,61.5,15.137140047022292
210.01833525579758,61.5,15.137140047022292
210.09501214666008,61.5,15.137140047022292
210.22934702893707,61.5,15.137140047022292
210.2792577689742,61.5,15.137140047022292
210.4286361580204,61.5,15.137140047022292
210.53362579829658,61.5,15.137140047022292
210.7036713862107,61.5,15.137140047022292
210.80779383072465,61.5,15.137140047022292
210.8374054896389,61.5,15.137140047022292
210.85611143962834,61.5,15.137140047022292
210.96983057263287,61.5,15.137140047022292
211.1266101803309,61.5,15.137140047022292
211.19868555295184,61.5,15.137140047022292
211.27690890525793,61.5,15.137140047022292
211.3666902180891,61.5,15.137140047022292
211.43973259613327,61.5,15.137140047022292
211.53488577416692,61.5,15.137140047022292
211.55452669906273,61.5,15.137140047022292
211.62911367153072,61.5,15.137140047022292
211.71847477864654,61.5,15.137140047022292
211.75652787158313,61.5,15.137140047022292
211.8536531084392,61.5,15.137140047022292
211.91784827868085,61.5,15.137140047022292
212.009666296901,61.5,15.137140047022292
212.1064191416469,61.5,15.137140047022292
212.20281549125727,61.5,15.137140047022292
212.29941533719975,61.5,15.137140047022292
212.39641700726852,61.5,15.137140047022292
212.47898579749042,61.5,15.137140047022292
212.56353327531323,61.5,15.137140047022292
212.65447769789864,61.5,15.137140047022292
212.67610706207682,62.0,15.328091560110849
212.7573089317033,62.0,15.328091560110849
212.8592447090332,62.0,15.328091560110849
212.9382830673239,62.0,15.328091560110849
212.9601793591295,62.0,15.328091560110849
213.06978456534287,62.0,15.328091560110849
213.18544211129372,62.5,15.375818778283676
213.30414075010654,62.5,15.375818778283676
213.39728580134408,62.5,15.375818778283676
213.49567414815965,62.5,15.375818778283676
213.64528917839246,62.5,15.375818778283676
213.68819970586367,62.5,15.375818778283676
213.72324780128255,62.5,15.375818778283676
213.75582154613812,62.5,15.375818778283676
213.87390221526803,62.5,15.375818778283676
213.99764055761017,62.5,15.375818778283676
214.12529152523612,62.5,15.375818778283676
214.2412574207599,62.5,15.375818778283676
214.41093731675102,62.5,15.375818778283676
214.43798972369274,62.5,15.375818778283676
214.54350404268976,62.5,15.375818778283676
214.68354609625584,62.5,15.375818778283676
214.71908722718487,62.5,15.375818778283676
214.8922383841763,62.5,15.375818778283676
215.05541395112994,62.5,15.375818778283676
215.1017600302734,62.5,15.375818778283676
215.23846952915667,62.5,15.375818778283676
215.25730975375964,62.5,15.375818778283676
215.29072291222136,62.5,15.375818778283676
215.37238835630714,63.0,15.48313532291827
215.44662329779706,63.5,15.484666578923829
215.4729679922121,63.5,15.484666578923829
215.56984264512022,63.5,15.484666578923829
215.660304945511,63.5,15.484666578923829
215.74539760021491,63.5,15.484666578923829
215.83550347542212,63.5,15.484666578923829
215.9200027124847,63.5,15.484666578923829
216.01456323088306,63.5,15.484666578923829
216.059702990527,63.5,15.484666578923829
216.15711095066334,63.5,15.484666578923829
216.2271485144563,63.5,15.484666578923829
216.27834924331646,63.5,15.484666578923829
216.38022150735173,63.5,15.484666578923829
216.48169856644924,63.5,15.484666578923829
216.58287335075815,63.5,15.484666578923829
216.6813534518508,63.5,15.484666578923829
216.7683535495226,63.5,15.484666578923829
216.85140529727926,63.5,15.484666578923829
216.9431994237529,63.5,15.484666578923829
216.97513845530835,63.5,15.484666578923829
217.08945524740668,63.5,15.484666578923829
217.16153646919918,63.5,15.484666578923829
217.21883985242238,63.5,15.484666578923829
217.32924007691838,63.5,15.484666578923829
217.4399294357068,63.5,15.484666578923829
217.54925139858534,63.5,15.484666578923829
217.5854919842584,63.5,15.484666578923829
217.69526474733007,63.5,15.484666578923829
217.86015020503606,63.5,15.484666578923829
217.89194386983243,63.5,15.484666578923829
217.96560743750388,63.5,15.484666578923829
218.0092687947339,63.5,15.484666578923829
218.11736232834247,63.5,15.484666578923829
218.18544139735056,63.5,15.484666578923829
218.2350789194459,63.5,15.484666578923829
218.32170358856658,63.5,15.484666578923829
218.40357962879187,63.5,15.484666578923829
218.44360507271057,63.5,15.484666578923829
218.61661796772987,63.5,15.484666578923829
218.6461665392265,63.5,15.484666578923829
218.82176620732494,63.5,15.484666578923829
219.0024144681633,63.5,15.484666578923829
219.03244740940306,63.5,15.484666578923829
219.12967774398092,63.5,15.484666578923829
219.2708853355033,63.5,15.484666578923829
219.30923426890675,63.5,15.484666578923829
219.33030117476545,63.5,15.484666578923829
219.41661316446908,64.0,15.774537126883088
219.51212706404274,64.5,15.9877956949411
219.61114797006013,65.0,16.19987543830255
219.73508110128319,65.0,16.19987543830255
219.77317534396855,65.0,16.19987543830255
219.7923261571336,65.0,16.19987543830255
219.8136491601622,65.0,16.19987543830255
219.92568253065423,65.0,16.19987543830255
220.02698937193531,65.0,16.19987543830255
220.1229476430466,65.0,16.19987543830255
220.22846348478546,65.0,16.19987543830255
220.33579704617026,65.0,16.19987543830255
220.42794871158037,65.0,16.19987543830255
220.53604083207554,65.0,16.19987543830255
220.64276448704334,65.0,16.19987543830255
220.74395742580455,65.0,16.19987543830255
220.8475252959507,65.0,16.19987543830255
220.94886510650247,65.0,16.19987543830255
221.059084196526,65.0,16.19987543830255
221.13756005031868,65.0,16.19987543830255
221.2408229009051,65.0,16.19987543830255
221.31850857172694,65.0,16.19987543830255
221.42407919076507,65.0,16.19987543830255
221.5231076242092,65.0,16.19987543830255
221.61205004742683,65.0,16.19987543830255
221.7174846646913,65.0,16.19987543830255
221.80548179122204,65.0,16.19987543830255
221.83331200029144,65.0,16.19987543830255
221.8769856113789,65.0,16.19987543830255
221.99197977278124,65.0,16.19987543830255
222.08851779874564,65.0,16.19987543830255
222.11118406134602,65.0,16.19987543830255
222.17514153313948,65.0,16.19987543830255
222.32392034131388,65.0,16.19987543830255
222.34607190082315,65.0,16.19987543830255
222.52366366280233,65.0,16.19987543830255
222.60454028735344,65.0,16.19987543830255
222.63822083758052,65.0,16.19987543830255
222.77850193571288,65.0,16.19987543830255
222.9497014117938,65.0,16.19987543830255
223.08054273183288,65.0,16.19987543830255
223.24961674558136,65.0,16.19987543830255
223.2718763985073,65.0,16.19987543830255
223.3216948882326,65.0,16.19987543830255
223.36252725650863,65.0,16.19987543830255
223.4032777721703,65.0,16.19987543830255
223.46774251640596,65.0,16.19987543830255
223.65137029941508,65.0,16.19987543830255
223.69209421433965,65.0,16.19987543830255
223.8025099809651,65.5,16.33454588061483
223.82845813066274,65.5,16.33454588061483
223.86087672039267,65.5,16.33454588061483
223.90170092918441,65.5,16.33454588061483
223.94459051023443,65.5,16.33454588061483
224.02422107625037,65.5,16.33454588061483
224.08796449480002,65.5,16.33454588061483
224.1479069683027,65.5,16.33454588061483
224.25193288862093,65.5,16.33454588061483
224.35253633298814,65.5,16.33454588061483
224.45543982895748,65.5,16.33454588061483
224.55825174555832,65.5,16.33454588061483
224.66209710623278,65.5,16.33454588061483
224.71549474861877,65.5,16.33454588061483
224.82234265511053,65.5,16.33454588061483
224.90559896260967,65.5,16.33454588061483
224.94056265319574,65.5,16.33454588061483
225.04989296328253,65.5,16.33454588061483
225.07319534489596,66.0,16.399642610809593
225.18074913551487,66.0,16.399642610809593
225.28525668461415,66.0,16.399642610809593
225.3950542292006,66.0,16.399642610809593
225.48445286436416,66.0,16.399642610809593
225.58487446772617,66.0,16.399642610809593
225.64031280217085,66.0,16.399642610809593
225.75379130646644,66.0,16.399642610809593
225.8171042422512,66.0,16.399642610809593
225.8766805945872,66.0,16.399642610809593
225.90899160557473,66.0,16.399642610809593
226.00370534613594,66.0,16.399642610809593
226.0296790251164,66.0,16.399642610809593
226.09591855178505,66.0,16.399642610809593
226.16406380072908,66.0,16.399642610809593
226.18541229897355,66.0,16.399642610809593
226.32683664810153,66.0,16.399642610809593
226.4923216905108,66.0,16.399642610809593
226.56243398190912,66.0,16.399642610809593
226.67858080067154,66.0,16.399642610809593
226.85022652390487,66.0,16.399642610809593
226.87815459307737,66.0,16.399642610809593
226.98093064041916,66.0,16.399642610809593
227.10296836616956,66.0,16.399642610809593
227.1738818895609,66.0,16.399642610809593
227.19699442409853,66.0,16.399642610809593
227.3407381573772,66.0,16.399642610809593
227.45825226226546,66.0,16.399642610809593
227.54507627546963,66.0,16.399642610809593
227.6174156074544,66.0,16.399642610809593
227.65363043892089,66.0,16.399642610809593
227.70889723763563,66.0,16.399642610809593
227.7809283883111,66.5,16.455087315617
227.87415119910926,66.5,16.455087315617
227.96373437741408,66.5,16.455087315617
228.01291138542157,66.5,16.455087315617
228.06143526500986,66.5,16.455087315617
228.12194351397915,66.5,16.455087315617
228.21295829471427,66.5,16.455087315617
228.31284100190769,66.5,16.455087315617
228.37360031181984,66.5,16.455087315617
228.3983781821275,66.5,16.455087315617
228.45497232780684,66.5,16.455087315617
228.53557030523382,66.5,16.455087315617
228.57333033406798,66.5,16.455087315617
228.6793631518585,66.5,16.455087315617
228.7393364482126,66.5,16.455087315617
228.85364734685191,66.5,16.455087315617
228.96105007561755,66.5,16.455087315617
228.98416524512464,66.5,16.455087315617
229.09738766876748,67.0,16.465720434590487
229.1343985645345,67.0,16.465720434590487
229.24293072199686,67.5,16.548643922608782
229.30707149572422,68.0,16.566909512221407
229.3994970669856,68.5,16.70663461579844
229.42759633218895,68.5,16.70663461579844
229.4517537959007,68.5,16.70663461579844
229.55763348522203,68.5,16.70663461579844
229.665693543712,68.5,16.70663461579844
229.7768138920199,68.5,16.70663461579844
229.8184805359231,68.5,16.70663461579844
229.92628178601814,68.5,16.70663461579844
229.9451475426745,68.5,16.70663461579844
230.12072171759013,68.5,16.70663461579844
230.2935921170869,68.5,16.70663461579844
230.46203365024164,68.5,16.70663461579844
230.55268171945067,68.5,16.70663461579844
230.57399826473213,68.5,16.70663461579844
230.6293790762964,68.5,16.70663461579844
230.7797218171049,68.5,16.70663461579844
230.94339236286692,68.5,16.70663461579844
231.08354422679847,68.5,16.70663461579844
231.17684079801776,68.5,16.70663461579844
231.32776469100472,68.5,16.70663461579844
231.35117712645962,68.5,16.70663461579844
231.45030773225588,68.5,16.70663461579844
231.49861775693037,68.5,16.70663461579844
231.51903752033633,68.5,16.70663461579844
231.5851998693989,69.0,16.779898694260396
231.75906425463504,69.0,16.779898694260396
231.8776974145361,69.5,16.92944338341182
231.900251194886,69.5,16.92944338341182
231.9187317977048,69.5,16.92944338341182
232.0331402961065,70.0,17.051779913432608
232.18511645484617,70.0,17.051779913432608
232.2523400496157,70.0,17.051779913432608
232.31261447312733,70.0,17.051779913432608
232.42556009221394,70.5,17.05692840397444
232.44929049764733,70.5,17.05692840397444
232.54427124579567,70.5,17.05692840397444
232.63834112678188,70.5,17.05692840397444
232.68232675465217,70.5,17.05692840397444
232.78787846240496,70.5,17.05692840397444
232.8950559629784,70.5,17.05692840397444
233.00466376630519,70.5,17.05692840397444
233.04799176889938,70.5,17.05692840397444
233.15988960305347,70.5,17.05692840397444
233.22997337258127,70.5,17.05692840397444
233.25412676746205,70.5,17.05692840397444
233.27222792791216,70.5,17.05692840397444
233.3917055030417,71.0,17.104730432188894
233.4975508661082,71.5,17.21967681585919
233.5426974100304,71.5,17.21967681585919
233.57047245377095,71.5,17.21967681585919
233.65673291860506,71.5,17.21967681585919
233.76083665837098,71.5,17.21967681585919
233.9286714343604,71.5,17.21967681585919
234.05663811147124,71.5,17.21967681585919
234.20082933921088,71.5,17.21967681585919
234.31533596675985,71.5,17.21967681585919
234.460589194052,71.5,17.21967681585919
234.48155394602995,71.5,17.21967681585919
234.60982653792658,71.5,17.21967681585919
234.72516122147402,71.5,17.21967681585919
234.79296541994728,71.5,17.21967681585919
234.8209173645779,71.5,17.21967681585919
234.87787713127454,71.5,17.21967681585919
235.05551555834936,71.5,17.21967681585919
235.2021281762701,71.5,17.21967681585919
235.24635088622054,71.5,17.21967681585919
235.4293068761772,71.5,17.21967681585919
235.46030414676628,71.5,17.21967681585919
235.4964147233235,71.5,17.21967681585919
235.52095608594985,71.5,17.21967681585919
235.5402364702289,71.5,17.21967681585919
235.63649009238662,72.0,17.539392775824233
235.72823683985635,72.5,17.780121535027224
235.81957243019372,73.0,18.01823412987418
235.91920445951885,73.5,18.268591297442597
236.01339843781815,74.0,18.518203164477477
236.1377690143803,74.0,18.518203164477477
236.18518614737363,74.0,18.518203164477477
236.2628856803321,74.5,18.629067435825437
236.32881543490763,75.0,18.703486706886316
236.38751892321125,75.5,18.72391361890356
236.41072105698615,75.5,18.72391361890356
236.4788742894949,75.5,18.72391361890356
236.5774280813107,76.0,18.728701522668253
236.65641670240134,76.0,18.728701522668253
236.74621890698904,76.0,18.728701522668253
236.7905673087391,76.0,18.728701522668253
236.8809624969774,76.0,18.728701522668253
236.9801171673807,76.0,18.728701522668253
237.12806143134435,76.0,18.728701522668253
237.235573551398,76.0,18.728701522668253
237.3397977393066,76.0,18.728701522668253
237.42667139795185,76.0,18.728701522668253
237.44827412301257,76.0,18.728701522668253
237.5570796777916,76.5,18.789156985289125
237.61592985583422,76.5,18.789156985289125
237.72217876684593,77.0,18.88972038661866
237.75330190105737,77.0,18.88972038661866
237.85379468345448,77.0,18.88972038661866
237.8743917149356,77.0,18.88972038661866
237.90607459224543,77.0,18.88972038661866
238.00430228159155,77.0,18.88972038661866
238.09513194645325,77.0,18.88972038661866
238.15664336089858,77.0,18.88972038661866
238.25700441886337,77.0,18.88972038661866
238.27541019994342,77.0,18.88972038661866
238.45219754779131,77.0,18.88972038661866
238.62118691678458,77.0,18.88972038661866
238.73161665268535,77.0,18.88972038661866
238.83006479491956,77.0,18.88972038661866
238.99169188860395,77.0,18.88972038661866
239.14467922519543,77.0,18.88972038661866
239.2143075948078,77.0,18.88972038661866
239.2912197651752,77.0,18.88972038661866
239.31251337262634,77.0,18.88972038661866
239.3378833045898,77.0,18.88972038661866
239.37922777273477,77.0,18.88972038661866
239.42659270840744,77.0,18.88972038661866
239.45448324783462,77.5,18.90381586425586
239.5529282694716,78.0,19.262984406732176
239.59689422308455,78.5,19.328128078355554
239.77308034225118,78.5,19.328128078355554
239.83337989682155,78.5,19.328128078355554
239.86183644523408,78.5,19.328128078355554
240.01660363474633,78.5,19.328128078355554
240.12712631571526,78.5,19.328128078355554
240.21554676998474,78.5,19.328128078355554
240.31185523095505,78.5,19.328128078355554
240.3473452646954,78.5,19.328128078355554
240.43224180922047,78.5,19.328128078355554
240.5195218012769,78.5,19.328128078355554
240.6225289123341,78.5,19.328128078355554
240.72538587480923,78.5,19.328128078355554
240.7776224279647,78.5,19.328128078355554
240.85812937924786,78.5,19.328128078355554
240.94546183551822,78.5,19.328128078355554
241.0519300379732,78.5,19.328128078355554
241.08152766741463,79.0,19.554683084507907
241.14093718112642,79.0,19.554683084507907
241.25133512701748,79.0,19.554683084507907
241.3573309941403,79.0,19.554683084507907
241.46349813348212,79.0,19.554683084507907
241.57687072348432,79.0,19.554683084507907
241.66250347879432,79.0,19.554683084507907
241.76323121692255,79.0,19.554683084507907
241.80515697123124,79.0,19.554683084507907
241.87248590811575,79.0,19.554683084507907
241.94220803743835,79.0,19.554683084507907
242.06105182778523,79.0,19.554683084507907
242.1113275008,79.0,19.554683084507907
242.13153632674013,79.0,19.554683084507907
242.162734890856,79.0,19.554683084507907
242.19121716014345,79.0,19.554683084507907
242.27128731769423,79.0,19.554683084507907
242.2998232931081,79.0,19.554683084507907
242.41406404662163,79.0,19.554683084507907
242.446209748594,79.0,19.554683084507907
242.61216104540122,79.0,19.554683084507907
242.66944948036726,79.0,19.554683084507907
242.83119307625375,79.0,19.554683084507907
242.8599602269471,79.0,19.554683084507907
243.0095332220844,79.0,19.554683084507907
243.14593749932405,79.0,19.554683084507907
243.20179137452578,79.0,19.554683084507907
243.35908428249374,79.0,19.554683084507907
243.39737309042943,79.0,19.554683084507907
243.55503257536415,79.0,19.554683084507907
243.6068440871503,79.5,19.559214121971976
243.75882104678502,79.5,19.559214121971976
243.86912064552567,80.0,19.569841678841662
243.91776988449138,80.0,19.569841678841662
243.99540290542893,80.0,19.569841678841662
244.0806833662917,80.0,19.569841678841662
244.17628200604636,80.0,19.569841678841662
244.20521608257707,80.0,19.569841678841662
244.3074470009475,80.0,19.569841678841662
244.38997632112037,80.0,19.569841678841662
244.48694955025556,80.0,19.569841678841662
244.58356640976436,80.0,19.569841678841662
244.68199263256187,80.0,19.569841678841662
244.78290522494913,80.0,19.569841678841662
244.88496372849335,80.0,19.569841678841662
244.98268435327205,80.0,19.569841678841662
245.0857547984671,80.0,19.569841678841662
245.1821712449056,80.0,19.569841678841662
245.28738310223437,80.0,19.569841678841662
245.39062583756305,80.0,19.569841678841662
245.42267782400356,80.0,19.569841678841662
245.53313916548453,80.0,19.569841678841662
245.58215808149177,80.0,19.569841678841662
245.68133821116527,80.0,19.569841678841662
245.70427211768623,80.0,19.569841678841662
245.82354406579694,80.0,19.569841678841662
245.87115379865634,80.0,19.569841678841662
245.93356490516976,80.0,19.569841678841662
246.0155788411074,80.0,19.569841678841662
246.12608388801604,80.0,19.569841678841662
246.16757267833194,80.0,19.569841678841662
246.2465037204102,80.0,19.569841678841662
246.3763396417111,80.0,19.569841678841662
246.40639160965037,80.0,19.569841678841662
246.50907382555104,80.0,19.569841678841662
246.68197554226933,80.0,19.569841678841662
246.80562954980246,80.0,19.569841678841662
246.82691436708365,80.0,19.569841678841662
246.96748106175824,80.0,19.569841678841662
246.9972637264822,80.0,19.569841678841662
247.0996459929977,80.0,19.569841678841662
247.22437370828072,80.0,19.569841678841662
247.31481950821015,80.0,19.569841678841662
247.46430111753787,80.0,19.569841678841662
247.503898281595,80.0,19.569841678841662
247.60941989752078,80.0,19.569841678841662
247.62807568797646,80.0,19.569841678841662
247.75808858662725,80.0,19.569841678841662
247.8256988197915,80.0,19.569841678841662
247.92432468271474,80.5,19.5886325766349
247.9786160381393,80.5,19.5886325766349
248.0033953460176,80.5,19.5886325766349
248.064826290856,80.5,19.5886325766349
248.1435692512517,80.5,19.5886325766349
248.2576979393736,80.5,19.5886325766349
248.36168529996837,80.5,19.5886325766349
248.45061403256767,80.5,19.5886325766349
248.5463967071103,80.5,19.5886325766349
248.62551060632376,80.5,19.5886325766349
248.7207400237216,80.5,19.5886325766349
248.80673858200146,80.5,19.5886325766349
248.8694958644166,80.5,19.5886325766349
248.9647948375824,80.5,19.5886325766349
249.0272864634359,80.5,19.5886325766349
249.1210662758024,80.5,19.5886325766349
249.208617919356,80.5,19.5886325766349
249.29961097329587,80.5,19.5886325766349
249.3941697904754,80.5,19.5886325766349
249.49111147067273,80.5,19.5886325766349
249.58788714488014,80.5,19.5886325766349
249.67682172665434,80.5,19.5886325766349
249.72499161868123,80.5,19.5886325766349
249.81705002061315,80.5,19.5886325766349
249.9097300634193,80.5,19.5886325766349
249.96154668561502,80.5,19.5886325766349
250.00506382223818,80.5,19.5886325766349
250.03261020530917,80.5,19.5886325766349
250.12152715762545,80.5,19.5886325766349
250.16176800742795,80.5,19.5886325766349
250.23192910280034,80.5,19.5886325766349
250.33079383517975,80.5,19.5886325766349
250.35300686847427,80.5,19.5886325766349
250.49911046120374,80.5,19.5886325766349
250.55058819458017,80.5,19.5886325766349
250.57612483306298,80.5,19.5886325766349
250.59948830546375,80.5,19.5886325766349
250.76558865433446,80.5,19.5886325766349
250.80150762818914,80.5,19.5886325766349
250.8811377714242,80.5,19.5886325766349
251.02865866149858,80.5,19.5886325766349
251.05069269261483,80.5,19.5886325766349
251.18483992503252,80.5,19.5886325766349
251.2770308228778,80.5,19.5886325766349
251.34891221311634,80.5,19.5886325766349
251.46643180181727,80.5,19.5886325766349
251.53510953821723,81.0,19.589099793249293
251.57674257368825,81.0,19.589099793249293
251.7161143745416,81.0,19.589099793249293
251.80905038782868,81.0,19.589099793249293
251.8755072249101,81.0,19.589099793249293
251.9451377839421,81.0,19.589099793249293
252.0290179595122,81.0,19.589099793249293
252.0455939802552,81.0,19.589099793249293
252.09076124202338,81.0,19.589099793249293
252.1693292051255,81.0,19.589099793249293
252.25606894805554,81.0,19.589099793249293
252.3422824734656,81.0,19.589099793249293
252.42795057234716,81.0,19.589099793249293
252.51042230651888,81.0,19.589099793249293
252.59665046379075,81.0,19.589099793249293
252.68628044485664,81.0,19.589099793249293
252.7770356790449,81.0,19.589099793249293
252.8676544689022,81.0,19.589099793249293
252.95890600028753,81.0,19.589099793249293
253.0541296233672,81.0,19.589099793249293
253.12037423783337,81.0,19.589099793249293
253.22046629882973,81.0,19.589099793249293
253.25639547930132,81.0,19.589099793249293
253.34170638738496,81.0,19.589099793249293
253.44596304002394,81.0,19.589099793249293
253.54541974738194,81.0,19.589099793249293
253.62519334217274,81.0,19.589099793249293
253.70672883986018,81.0,19.589099793249293
253.76585465433897,81.0,19.589099793249293
253.86820673853018,81.0,19.589099793249293
253.97324579522305,81.0,19.589099793249293
254.00663577494146,81.0,19.589099793249293
254.09573056636563,81.0,19.589099793249293
254.18288991477897,81.0,19.589099793249293
254.2398116052048,81.0,19.589099793249293
254.33725054454962,81.0,19.589099793249293
254.44980561264884,81.0,19.589099793249293
254.56105586446884,81.0,19.589099793249293
254.66436870725164,81.0,19.589099793249293
254.71582687531478,81.0,19.589099793249293
254.83134422111448,81.0,19.589099793249293
254.96012497188738,81.0,19.589099793249293
254.9881971243775,81.0,19.589099793249293
255.07630519568085,81.0,19.589099793249293
255.09722720046977,81.0,19.589099793249293
255.2501675458483,81.0,19.589099793249293
255.34585017324818,81.0,19.589099793249293
255.38386022438127,81.0,19.589099793249293
255.52462437895795,81.0,19.589099793249293
255.5979177247735,81.0,19.589099793249293
255.6896544988565,81.0,19.589099793249293
255.75398823509013,81.0,19.589099793249293
255.852258746831,81.0,19.589099793249293
255.93924344076729,81.0,19.589099793249293
256.02900405855013,81.0,19.589099793249293
256.1148791655272,81.0,19.589099793249293
256.2019051295201,81.0,19.589099793249293
256.2474810162328,81.0,19.589099793249293
256.3169390645995,81.5,19.898396232617078
256.4095486251409,81.5,19.898396232617078
256.497535983024,81.5,19.898396232617078
256.5865263514026,81.5,19.898396232617078
256.6659026427902,81.5,19.898396232617078
256.75771830169543,81.5,19.898396232617078
256.8406582716669,81.5,19.898396232617078
256.93430620139736,81.5,19.898396232617078
257.02654101175824,81.5,19.898396232617078
257.09692187842296,81.5,19.898396232617078
257.1680461555419,81.5,19.898396232617078
257.26621629872915,81.5,19.898396232617078
257.3665284536531,81.5,19.898396232617078
257.44421116781297,81.5,19.898396232617078
257.51320330047804,81.5,19.898396232617078
257.6059441582572,82.0,20.072451060400674
257.719432228952,82.0,20.072451060400674
257.84167128049216,82.5,20.192722244673163
257.9186297897833,82.5,20.192722244673163
257.95303688556567,82.5,20.192722244673163
258.0332076578089,82.5,20.192722244673163
258.1083908420565,82.5,20.192722244673163
258.2148532131382,82.5,20.192722244673163
258.2903997802347,82.5,20.192722244673163
258.3913044910985,82.5,20.192722244673163
258.4844179121747,82.5,20.192722244673163
258.6192277535082,82.5,20.192722244673163
258.7613965471989,82.5,20.192722244673163
258.8675744562581,82.5,20.192722244673163
258.9531680665384,82.5,20.192722244673163
259.0761583846403,82.5,20.192722244673163
259.1048111363482,82.5,20.192722244673163
259.2401526211271,82.5,20.192722244673163
259.2619641963899,82.5,20.192722244673163
259.338136506627,82.5,20.192722244673163
259.4225952451274,82.5,20.192722244673163
259.48593298701434,82.5,20.192722244673163
259.5805284281019,82.5,20.192722244673163
259.632788773691,82.5,20.192722244673163
259.6739402763051,82.5,20.192722244673163
259.7557429711678,82.5,20.192722244673163
259.7772653170948,82.5,20.192722244673163
259.841049382319,82.5,20.192722244673163
259.87917441723624,82.5,20.192722244673163
259.97312662579685,82.5,20.192722244673163
260.0539309280918,82.5,20.192722244673163
260.08718037261224,82.5,20.192722244673163
260.16898303345033,83.0,20.436149084748333
260.2609124447611,83.0,20.436149084748333
260.3090647292308,83.0,20.436149084748333
260.4016023286907,83.0,20.436149084748333
260.47568140513766,83.0,20.436149084748333
260.5615339272755,83.0,20.436149084748333
260.65349006829086,83.0,20.436149084748333
260.71058618795894,83.0,20.436149084748333
260.7812179062685,83.0,20.436149084748333
260.8788967704323,83.0,20.436149084748333
260.9766219293405,83.0,20.436149084748333
261.0503324606387,83.0,20.436149084748333
261.1284805361635,83.0,20.436149084748333
261.23428853602405,83.0,20.436149084748333
261.2633238633158,83.5,20.472850237310553
261.37247119124464,83.5,20.472850237310553
261.472613926988,83.5,20.472850237310553
261.57332517754486,83.5,20.472850237310553
261.6732210498296,83.5,20.472850237310553
261.7633189168999,83.5,20.472850237310553
261.8172991473547,83.5,20.472850237310553
261.9086530624811,83.5,20.472850237310553
262.0030188633166,83.5,20.472850237310553
262.07272976495994,83.5,20.472850237310553
262.11622874209206,83.5,20.472850237310553
262.1534524814178,83.5,20.472850237310553
262.1850547735522,83.5,20.472850237310553
262.32178423308636,83.5,20.472850237310553
262.45472229511915,83.5,20.472850237310553
262.485429688615,83.5,20.472850237310553
262.60690063777827,83.5,20.472850237310553
262.62811395580593,83.5,20.472850237310553
262.6478235687233,83.5,20.472850237310553
262.7799862254693,83.5,20.472850237310553
262.79843070987226,83.5,20.472850237310553
262.82039640800633,83.5,20.472850237310553
262.83726833458866,83.5,20.472850237310553
262.9290410726593,83.5,20.472850237310553
263.0034783967032,83.5,20.472850237310553
263.0461120530124,83.5,20.472850237310553
263.1592133404862,83.5,20.472850237310553
263.1847808202876,83.5,20.472850237310553
263.2124542755906,83.5,20.472850237310553
263.29684077658055,83.5,20.472850237310553
263.3634958447634,83.5,20.472850237310553
263.4400466766279,83.5,20.472850237310553
263.4969417013768,83.5,20.472850237310553
263.55546026623773,83.5,20.472850237310553
263.5837849513586,83.5,20.472850237310553
263.676670540491,83.5,20.472850237310553
263.7764110299868,83.5,20.472850237310553
263.88045233424964,83.5,20.472850237310553
263.927438349198,83.5,20.472850237310553
264.03318115181384,83.5,20.472850237310553
264.11644300661794,83.5,20.472850237310553
264.2233356218631,83.5,20.472850237310553
264.30940898291425,83.5,20.472850237310553
264.33100507511244,84.0,20.58038548481199
264.4448858888604,84.0,20.58038548481199
264.51170470040563,84.0,20.58038548481199
264.6220264568275,84.0,20.58038548481199
264.7059954064122,84.0,20.58038548481199
264.8076634559637,84.0,20.58038548481199
264.896768938301,84.0,20.58038548481199
264.9425220015296,84.0,20.58038548481199
264.99503607697955,84.0,20.58038548481199
265.10804890277205,84.0,20.58038548481199
265.1333347014743,84.0,20.58038548481199
265.170822036326,84.0,20.58038548481199
265.268416713073,84.0,20.58038548481199
265.3273441011799,84.0,20.58038548481199
265.41108521693974,84.0,20.58038548481199
265.4620699552436,84.0,20.58038548481199
265.535913386596,84.0,20.58038548481199
265.64464188137464,84.0,20.58038548481199
265.6657073665811,84.0,20.58038548481199
265.8119869756461,84.0,20.58038548481199
265.86224168537217,84.0,20.58038548481199
265.96514778031025,84.0,20.58038548481199
266.0569013093105,84.0,20.58038548481199
266.0967840948012,84.0,20.58038548481199
266.18214112483827,84.0,20.58038548481199
266.20962811217663,84.0,20.58038548481199
266.2991614129914,84.0,20.58038548481199
266.38918080004544,84.0,20.58038548481199
266.4388548581993,84.0,20.58038548481199
266.52971230460656,84.0,20.58038548481199
266.62015482102305,84.5,20.70840304219921
266.6993099747757,85.0,20.839013413734357
266.7935316522629,85.5,20.88285022222248
266.8407095959781,85.5,20.88285022222248
266.9107874095212,85.5,20.88285022222248
267.0551648090542,85.5,20.88285022222248
267.16387983639055,85.5,20.88285022222248
267.2058410496469,85.5,20.88285022222248
267.306074111011,85.5,20.88285022222248
267.36844950302947,85.5,20.88285022222248
267.3875331012224,85.5,20.88285022222248
267.49001054825715,85.5,20.88285022222248
267.52256486104824,85.5,20.88285022222248
267.6266961543816,85.5,20.88285022222248
267.7065221146093,85.5,20.88285022222248
267.7423531888698,86.0,20.88622234374358
267.84797482211405,86.0,20.88622234374358
267.94823691313593,86.0,20.88622234374358
268.03620335882346,86.0,20.88622234374358
268.10189545545074,86.0,20.88622234374358
268.2039870402365,86.0,20.88622234374358
268.3054285238946,86.0,20.88622234374358
268.3759156413915,86.0,20.88622234374358
268.47763377701676,86.0,20.88622234374358
268.527549470471,86.0,20.88622234374358
268.6217011341851,86.0,20.88622234374358
268.7089547365312,86.0,20.88622234374358
268.7508431692144,86.0,20.88622234374358
268.80838390467494,86.0,20.88622234374358
268.8717943501016,86.0,20.88622234374358
268.89455786269116,86.0,20.88622234374358
268.99482124841734,86.0,20.88622234374358
269.0345135634092,86.0,20.88622234374358
269.1466647091815,86.0,20.88622234374358
269.1698788315669,86.0,20.88622234374358
269.2498478948458,86.0,20.88622234374358
269.41426719219714,86.0,20.88622234374358
269.44697157973224,86.0,20.88622234374358
269.49099604358634,86.0,20.88622234374358
269.6082127264629,86.0,20.88622234374358
269.7522254291954,86.0,20.88622234374358
269.87775383903147,86.0,20.88622234374358
269.90453255709815,86.0,20.88622234374358
270.0207201288531,86.0,20.88622234374358
270.07054232358814,86.0,20.88622234374358
270.1025902629011,86.0,20.88622234374358
270.2168413324118,86.0,20.88622234374358
270.3711129409573,86.0,20.88622234374358
270.48432828715187,86.5,21.038125528131538
270.53243889978285,87.0,21.063929231884984
270.55596630743264,87.0,21.063929231884984
270.6127973815305,87.0,21.063929231884984
270.63755477844217,87.0,21.063929231884984
270.74192255758,87.0,21.063929231884984
270.78263195047737,87.0,21.063929231884984
270.8689919227951,87.0,21.063929231884984
270.9589290751698,87.0,21.063929231884984
271.05311262863705,87.0,21.063929231884984
271.147050023294,87.0,21.063929231884984
271.2412125664947,87.0,21.063929231884984
271.3351116829004,87.0,21.063929231884984
271.4280688606135,87.0,21.063929231884984
271.4790265071399,87.0,21.063929231884984
271.571306782615,87.0,21.063929231884984
271.66575546294666,87.0,21.063929231884984
271.7610308738077,87.0,21.063929231884984
271.8535394827671,87.0,21.063929231884984
271.9212366759088,87.0,21.063929231884984
271.9827734525766,87.0,21.063929231884984
272.08265802035254,87.0,21.063929231884984
272.1089902630473,87.0,21.063929231884984
272.20099460812713,87.0,21.063929231884984
272.2786510050561,87.0,21.063929231884984
272.3930024217573,87.0,21.063929231884984
272.5069869566348,87.0,21.063929231884984
272.6047620205515,87.0,21.063929231884984
272.703594317992,87.0,21.063929231884984
272.81222126104745,87.0,21.063929231884984
272.9165027661559,87.0,21.063929231884984
273.02988172384994,87.0,21.063929231884984
273.1053349044587,87.0,21.063929231884984
273.13239302512335,87.0,21.063929231884984
273.2064901662334,87.0,21.063929231884984
273.3446398157022,87.0,21.063929231884984
273.469403212445,87.0,21.063929231884984
273.54827871378296,87.0,21.063929231884984
273.6929537053928,87.0,21.063929231884984
273.719180660206,87.0,21.063929231884984
273.7481302385717,87.0,21.063929231884984
273.909882048095,87.0,21.063929231884984
273.9857691590996,87.0,21.063929231884984
274.129040426044,87.0,21.063929231884984
274.17041617583965,87.0,21.063929231884984
274.3198068143508,87.0,21.063929231884984
274.4388249538209,87.0,21.063929231884984
274.5807996479188,87.0,21.063929231884984
274.6167091444286,87.0,21.063929231884984
274.7084305458324,87.5,21.207102937131527
274.77669696412295,87.5,21.207102937131527
274.904623105014,87.5,21.207102937131527
274.9790692503438,87.5,21.207102937131527
275.06403133542864,87.5,21.207102937131527
275.1666113649176,87.5,21.207102937131527
275.2734972479263,87.5,21.207102937131527
275.3609948237566,87.5,21.207102937131527
275.439101783259,87.5,21.207102937131527
275.48555657750137,87.5,21.207102937131527
275.5784714250835,87.5,21.207102937131527
275.6639824265882,87.5,21.207102937131527
275.7505862773508,87.5,21.207102937131527
275.80915437253435,87.5,21.207102937131527
275.89976438936134,87.5,21.207102937131527
275.99258770566684,87.5,21.207102937131527
276.08492311360874,87.5,21.207102937131527
276.13260269094536,87.5,21.207102937131527
276.19840849194406,87.5,21.207102937131527
276.2941133263513,87.5,21.207102937131527
276.3929674009951,87.5,21.207102937131527
276.4906415670108,87.5,21.207102937131527
276.5202401083489,87.5,21.207102937131527
276.6182121961181,87.5,21.207102937131527
276.6566143195125,87.5,21.207102937131527
276.7040563454692,87.5,21.207102937131527
276.72680034484347,87.5,21.207102937131527
276.82086845104277,87.5,21.207102937131527
276.85423576955804,87.5,21.207102937131527
276.9519933431807,87.5,21.207102937131527
277.03995273579983,87.5,21.207102937131527
277.126783228815,87.5,21.207102937131527
277.14880931665095,87.5,21.207102937131527
277.17157692382875,87.5,21.207102937131527
277.2146363598864,87.5,21.207102937131527
277.24954420067684,87.5,21.207102937131527
277.39534710248716,87.5,21.207102937131527
277.5061489555309,87.5,21.207102937131527
277.5297793189894,87.5,21.207102937131527
277.5531150666438,87.5,21.207102937131527
277.6733937189608,87.5,21.207102937131527
277.69462537963125,87.5,21.207102937131527
277.717961514973,87.5,21.207102937131527
277.7709403013264,87.5,21.207102937131527
277.8165319417766,87.5,21.207102937131527
277.89868292527893,87.5,21.207102937131527
277.9870997137157,87.5,21.207102937131527
278.0645306991572,87.5,21.207102937131527
278.13857450489655,88.0,21.221699700484557
278.1919636216293,88.0,21.221699700484557
278.22824987929454,88.0,21.221699700484557
278.2479266445821,88.0,21.221699700484557
278.26892781831384,88.0,21.221699700484557
278.3192643391358,88.0,21.221699700484557
278.382552710256,88.0,21.221699700484557
278.4832709687421,88.0,21.221699700484557
278.5773146736502,88.0,21.221699700484557
278.6744394419752,88.0,21.221699700484557
278.77281019843844,88.0,21.221699700484557
278.8710593979774,88.0,21.221699700484557
278.9698441816453,88.0,21.221699700484557
279.06890428145834,88.0,21.221699700484557
279.1691166803801,88.0,21.221699700484557
279.2690948177395,88.0,21.221699700484557
279.3609445445534,88.0,21.221699700484557
279.4611787992856,88.0,21.221699700484557
279.5513376675044,88.0,21.221699700484557
279.65421747263787,88.0,21.221699700484557
279.75875630748664,88.0,21.221699700484557
279.84187460095734,88.0,21.221699700484557
279.9479854851687,88.0,21.221699700484557
280.0544506170595,88.0,21.221699700484557
280.0805830992932,88.0,21.221699700484557
280.1303432992711,88.0,21.221699700484557
280.2469232956395,88.0,21.221699700484557
280.3403202690828,88.0,21.221699700484557
280.4199360887446,88.0,21.221699700484557
280.47390975760356,88.0,21.221699700484557
280.5844782790096,88.0,21.221699700484557
280.61867035685486,88.0,21.221699700484557
280.6620024262955,88.0,21.221699700484557
280.7268395272351,88.0,21.221699700484557
280.83811197700754,88.0,21.221699700484557
280.9375639063655,88.0,21.221699700484557
280.9704770173451,88.0,21.221699700484557
281.01334189044246,88.0,21.221699700484557
281.18476105271736,88.0,21.221699700484557
281.3351214925578,88.0,21.221699700484557
281.35785788462636,88.0,21.221699700484557
281.4870722862109,88.0,21.221699700484557
281.53000534512546,88.0,21.221699700484557
281.55702603546246,88.0,21.221699700484557
281.5783557631921,88.0,21.221699700484557
281.69053499259365,88.0,21.221699700484557
281.71229508967997,88.0,21.221699700484557
281.75759474018025,88.0,21.221699700484557
281.8580704124526,88.5,21.4275664737665
281.9758296339131,88.5,21.4275664737665
281.99473799512566,88.5,21.4275664737665
282.08358603310097,88.5,21.4275664737665
282.1514818150953,88.5,21.4275664737665
282.24462344541666,88.5,21.4275664737665
282.2650848994753,88.5,21.4275664737665
282.29580056861204,89.0,21.448134130449183
282.3833309540939,89.0,21.448134130449183
282.47312317793615,89.0,21.448134130449183
282.5654519622,89.0,21.448134130449183
282.6584264626414,89.0,21.448134130449183
282.7518551010536,89.0,21.448134130449183
282.84335201401274,89.0,21.448134130449183
282.93726666271624,89.0,21.448134130449183
283.03060254359457,89.0,21.448134130449183
283.12570567103364,89.0,21.448134130449183
283.2224832313783,89.0,21.448134130449183
283.2997894626249,89.0,21.448134130449183
283.3903030275822,89.0,21.448134130449183
283.46771000549364,89.0,21.448134130449183
283.56884377871387,89.0,21.448134130449183
283.6205245887786,89.5,21.636704056973265
283.7435709814413,89.5,21.636704056973265
283.7788579295633,89.5,21.636704056973265
283.90003445089053,89.5,21.636704056973265
283.9395243001518,89.5,21.636704056973265
283.99588464485356,89.5,21.636704056973265
284.0524189341243,89.5,21.636704056973265
284.1197234782929,89.5,21.636704056973265
284.225522035077,89.5,21.636704056973265
284.3209269011754,89.5,21.636704056973265
284.4392073378115,89.5,21.636704056973265
284.5464021068687,89.5,21.636704056973265
284.57153275455426,89.5,21.636704056973265
284.7376964409788,89.5,21.636704056973265
284.8454119191046,89.5,21.636704056973265
284.99585781185647,89.5,21.636704056973265
285.0215199132601,89.5,21.636704056973265
285.1598951593516,89.5,21.636704056973265
285.21803348121074,89.5,21.636704056973265
285.2600949161416,89.5,21.636704056973265
285.2943112625683,89.5,21.636704056973265
285.40536785077126,89.5,21.636704056973265
285.54869473181935,89.5,21.636704056973265
285.6229268974292,89.5,21.636704056973265
285.6778791864229,89.5,21.636704056973265
285.74219937885186,90.0,21.71827226058616
285.7925614207974,90.0,21.71827226058616
285.88101656079493,90.0,21.71827226058616
285.9434959186164,90.0,21.71827226058616
286.0949473088107,90.0,21.71827226058616
286.1962661704104,90.0,21.71827226058616
286.2800174923077,90.0,21.71827226058616
286.34913359375554,90.0,21.71827226058616
286.3689546680262,90.0,21.71827226058616
286.45322449786744,90.0,21.71827226058616
286.5461593166467,90.0,21.71827226058616
286.64163581342876,90.0,21.71827226058616
286.72761860580175,90.0,21.71827226058616
286.82257534118156,90.0,21.71827226058616
286.91769110218286,90.0,21.71827226058616
287.01095843931745,90.0,21.71827226058616
287.1072064585592,90.0,21.71827226058616
287.19372709478165,90.0,21.71827226058616
287.285036367593,90.0,21.71827226058616
287.38289508091776,90.0,21.71827226058616
287.4055012495586,90.5,21.912200761123593
287.5085425764433,90.5,21.912200761123593
287.59713333951913,90.5,21.912200761123593
287.63546947649934,91.0,22.06647887789483
287.74297437205297,91.0,22.06647887789483
287.8366338743658,91.0,22.06647887789483
287.93553589132506,91.0,22.06647887789483
288.00494036796204,91.0,22.06647887789483
288.03538060627915,91.0,22.06647887789483
288.15304121181975,91.0,22.06647887789483
288.18575006765434,91.0,22.06647887789483
288.25195430603685,91.0,22.06647887789483
288.28537478720887,91.0,22.06647887789483
288.3486524985465,91.0,22.06647887789483
288.4797933363584,91.0,22.06647887789483
288.55706784491736,91.0,22.06647887789483
288.7179657419351,91.0,22.06647887789483
288.838809634334,91.0,22.06647887789483
288.982523346907,91.0,22.06647887789483
289.108022200184,91.0,22.06647887789483
289.21469402321264,91.0,22.06647887789483
289.31400236434706,91.0,22.06647887789483
289.39134948341865,91.0,22.06647887789483
289.42187950960243,91.0,22.06647887789483
289.5126530405343,91.0,22.06647887789483
289.61835325910647,91.0,22.06647887789483
289.7036268861536,91.0,22.06647887789483
289.763036570149,91.0,22.06647887789483
289.79853475862797,91.0,22.06647887789483
289.8937714399969,91.5,22.218634552840772
289.918656689473,91.5,22.218634552840772
289.9739612693917,91.5,22.218634552840772
289.9978506009195,91.5,22.218634552840772
290.0560655507647,91.5,22.218634552840772
290.1575500141457,91.5,22.218634552840772
290.24029321982965,91.5,22.218634552840772
290.327273821308,91.5,22.218634552840772
290.4168631597038,91.5,22.218634552840772
290.50960546954803,91.5,22.218634552840772
290.6019963058242,91.5,22.218634552840772
290.6953557155066,91.5,22.218634552840772
290.78385234813874,91.5,22.218634552840772
290.87373089079523,91.5,22.218634552840772
290.96926472160317,91.5,22.218634552840772
291.0641444342102,91.5,22.218634552840772
291.16048044002383,91.5,22.218634552840772
291.25848483174633,91.5,22.218634552840772
291.35709924145135,91.5,22.218634552840772
291.4569215548447,91.5,22.218634552840772
291.56032337978166,91.5,22.218634552840772
291.6654727717467,91.5,22.218634552840772
291.7605244886419,91.5,22.218634552840772
291.85643636661166,91.5,22.218634552840772
291.96578478730453,91.5,22.218634552840772
292.0668877581073,91.5,22.218634552840772
292.1721558093378,91.5,22.218634552840772
292.28026389483676,91.5,22.218634552840772
292.3585364505513,91.5,22.218634552840772
292.38710525057246,91.5,22.218634552840772
292.4228327059534,91.5,22.218634552840772
292.4668957963758,91.5,22.218634552840772
292.5564794565132,91.5,22.218634552840772
292.5850718061523,91.5,22.218634552840772
292.719170803314,91.5,22.218634552840772
292.82476153251463,91.5,22.218634552840772
292.9549322266728,91.5,22.218634552840772
293.08253334536914,91.5,22.218634552840772
293.1808644243718,91.5,22.218634552840772
293.3185181423489,91.5,22.218634552840772
293.42418321192486,91.5,22.218634552840772
293.500155705008,91.5,22.218634552840772
293.61086255119005,91.5,22.218634552840772
293.7185579226549,91.5,22.218634552840772
293.8077545376742,91.5,22.218634552840772
293.8652890956248,91.5,22.218634552840772
293.91839532154,91.5,22.218634552840772
293.9951679638307,92.0,22.256212574025977
294.126827082305,92.0,22.256212574025977
294.18264256851967,92.0,22.256212574025977
294.2600677279391,92.0,22.256212574025977
294.29636167857245,92.0,22.256212574025977
294.31754223128337,92.0,22.256212574025977
294.34284625586866,92.0,22.256212574025977
294.41714688526656,92.0,22.256212574025977
294.51953861779197,92.0,22.256212574025977
294.62161225747064,92.0,22.256212574025977
294.72609645933136,92.0,22.256212574025977
294.82068683392714,92.0,22.256212574025977
294.87409627542087,92.0,22.256212574025977
295.0020695595979,92.5,22.312479273043117
295.06592377627356,92.5,22.312479273043117
295.1609507372824,92.5,22.312479273043117
295.2444804839852,92.5,22.312479273043117
295.29653697765224,92.5,22.312479273043117
295.408485308504,92.5,22.312479273043117
295.5156874065945,92.5,22.312479273043117
295.62138514669755,92.5,22.312479273043117
295.73095836827656,92.5,22.312479273043117
295.77721852654446,92.5,22.312479273043117
295.88294429409973,92.5,22.312479273043117
295.91829351770286,92.5,22.312479273043117
296.0284384160498,93.0,22.334881537578447
296.1268950911641,93.5,22.402870293053923
296.1584312530874,93.5,22.402870293053923
296.2843671580899,93.5,22.402870293053923
296.3031364873267,93.5,22.402870293053923
296.4563577639135,93.5,22.402870293053923
296.51002147649865,93.5,22.402870293053923
296.5669913100213,93.5,22.402870293053923
296.66112180093563,93.5,22.402870293053923
296.74188196604223,93.5,22.402870293053923
296.8592219499592,93.5,22.402870293053923
296.99981950879095,93.5,22.402870293053923
297.1512841596698,93.5,22.402870293053923
297.27408160111,93.5,22.402870293053923
297.4111756104909,93.5,22.402870293053923
297.4670534944989,93.5,22.402870293053923
297.54542882359834,93.5,22.402870293053923
297.64518115863257,93.5,22.402870293053923
297.6728261938541,93.5,22.402870293053923
297.81374277254787,93.5,22.402870293053923
297.89319245194196,93.5,22.402870293053923
298.051294556918,93.5,22.402870293053923
298.13862080985393,93.5,22.402870293053923
298.27254715579477,93.5,22.402870293053923
298.3143646703494,93.5,22.402870293053923
298.36969299030903,93.5,22.402870293053923
298.4779473329732,93.5,22.402870293053923
298.6060721922131,93.5,22.402870293053923
298.7128331478088,93.5,22.402870293053923
298.79065471025865,93.5,22.402870293053923
298.86862246557314,93.5,22.402870293053923
298.9137143675376,93.5,22.402870293053923
299.00889510221987,93.5,22.402870293053923
299.02746610587883,93.5,22.402870293053923
299.0821527791092,93.5,22.402870293053923
299.1719534569473,93.5,22.402870293053923
299.22461696349126,93.5,22.402870293053923
299.2483692145066,94.0,22.448470199937905
299.33205823941125,94.0,22.448470199937905
299.4181907650999,94.0,22.448470199937905
299.4835767286649,94.0,22.448470199937905
299.5803152242989,94.0,22.448470199937905
299.6709509072891,94.0,22.448470199937905
299.7066120788826,94.5,22.62986183557872
299.8045056919301,94.5,22.62986183557872
299.9042601577835,94.5,22.62986183557872
299.9240471526055,94.5,22.62986183557872
299.9501059975331,94.5,22.62986183557872
300.0178644384578,94.5,22.62986183557872
300.04078214490085,94.5,22.62986183557872
300.0653358431243,94.5,22.62986183557872
300.1265525297884,94.5,22.62986183557872
300.24127086608627,94.5,22.62986183557872
300.2715183226392,94.5,22.62986183557872
300.2994251058468,94.5,22.62986183557872
300.3669136344116,94.5,22.62986183557872
300.4606001388462,94.5,22.62986183557872
300.5563205939143,94.5,22.62986183557872
300.6889919549259,94.5,22.62986183557872
300.8209333453445,94.5,22.62986183557872
300.9194438901731,94.5,22.62986183557872
300.9935803708765,94.5,22.62986183557872
301.01389515137515,94.5,22.62986183557872
301.13232141592556,94.5,22.62986183557872
301.2230488259944,94.5,22.62986183557872
301.2653160745627,94.5,22.62986183557872
301.3321124651329,94.5,22.62986183557872
301.3976574115734,94.5,22.62986183557872
301.4219430278924,94.5,22.62986183557872
301.48703938572925,94.5,22.62986183557872
301.5522066657402,94.5,22.62986183557872
301.58417325991445,94.5,22.62986183557872
301.61848002835313,94.5,22.62986183557872
301.700176488777,94.5,22.62986183557872
301.8308426227902,94.5,22.62986183557872
301.897594108185,94.5,22.62986183557872
302.001138003067,94.5,22.62986183557872
302.10287388297724,94.5,22.62986183557872
302.1248556015271,94.5,22.62986183557872
302.224778023288,94.5,22.62986183557872
302.2753083440814,94.5,22.62986183557872
302.3346713036956,95.0,22.661917086134792
302.4392632942065,95.0,22.661917086134792
302.52195581089336,95.0,22.661917086134792
302.61191298036545,95.0,22.661917086134792
302.6929228747538,95.0,22.661917086134792
302.77298533241844,95.0,22.661917086134792
302.8694398398656,95.0,22.661917086134792
302.96898218386343,95.0,22.661917086134792
303.06972981102365,95.0,22.661917086134792
303.1606089132828,95.0,22.661917086134792
303.18065837689363,95.5,22.6921711964957
303.2883699371566,95.5,22.6921711964957
303.3919189873055,95.5,22.6921711964957
303.48659846699985,95.5,22.6921711964957
303.5961989966929,95.5,22.6921711964957
303.65244382819145,95.5,22.6921711964957
303.6727650373362,95.5,22.6921711964957
303.7898735628105,95.5,22.6921711964957
303.8174797800306,95.5,22.6921711964957
303.9002906440985,95.5,22.6921711964957
304.0117804374241,95.5,22.6921711964957
304.0935739748595,95.5,22.6921711964957
304.2295711871098,95.5,22.6921711964957
304.3112742023419,95.5,22.6921711964957
304.351188451196,95.5,22.6921711964957
304.40341526468467,95.5,22.6921711964957
304.4655153982105,95.5,22.6921711964957
304.48383550601943,95.5,22.6921711964957
304.5369687771489,95.5,22.6921711964957
304.5795021853422,95.5,22.6921711964957
304.60128590398415,95.5,22.6921711964957
304.6404116921128,95.5,22.6921711964957
304.80207423462355,95.5,22.6921711964957
304.8982938952235,95.5,22.6921711964957
305.038559693401,95.5,22.6921711964957
305.13796911036957,95.5,22.6921711964957
305.30610610035177,95.5,22.6921711964957
305.3701062084376,95.5,22.6921711964957
305.4627289129691,95.5,22.6921711964957
305.55933546753215,96.0,22.864223407032053
305.6630571000714,96.0,22.864223407032053
305.79410541650554,96.0,22.864223407032053
305.8309763698651,96.0,22.864223407032053
305.8813715215767,96.0,22.864223407032053
305.9846788828321,96.0,22.864223407032053
306.08331995442927,96.0,22.864223407032053
306.1820261429657,96.0,22.864223407032053
306.2759307139468,96.0,22.864223407032053
306.36254980712187,96.0,22.864223407032053
306.4562038194264,96.0,22.864223407032053
306.55588827085705,96.0,22.864223407032053
306.65128376967675,96.0,22.864223407032053
306.7519480905979,96.0,22.864223407032053
306.85256783499426,96.0,22.864223407032053
306.9538809743751,96.0,22.864223407032053
307.0552580019205,96.0,22.864223407032053
307.15741491511153,96.0,22.864223407032053
307.17813494643315,96.5,23.144071481600264
307.28588921959255,96.5,23.144071481600264
307.392196599945,96.5,23.144071481600264
307.4985249763144,96.5,23.144071481600264
307.5198056446053,96.5,23.144071481600264
307.6377397274146,96.5,23.144071481600264
307.7469989823181,96.5,23.144071481600264
307.8384632982476,96.5,23.144071481600264
307.9037503365439,96.5,23.144071481600264
308.02435058356076,96.5,23.144071481600264
308.13612484900557,96.5,23.144071481600264
308.23943492079405,96.5,23.144071481600264
308.31895834951047,96.5,23.144071481600264
308.45922211996213,96.5,23.144071481600264
308.5415668675629,96.5,23.144071481600264
308.56697189170643,96.5,23.144071481600264
308.6113062765336,96.5,23.144071481600264
308.7390233406126,96.5,23.144071481600264
308.8847433650298,96.5,23.144071481600264
309.0366481901568,96.5,23.144071481600264
309.18414417980097,96.5,23.144071481600264
309.3091835815465,96.5,23.144071481600264
309.4791559255605,96.5,23.144071481600264
309.59275172166366,96.5,23.144071481600264
309.7600141643266,96.5,23.144071481600264
309.8121043843333,96.5,23.144071481600264
309.8534386676375,96.5,23.144071481600264
309.8925372135011,96.5,23.144071481600264
310.00640368124084,96.5,23.144071481600264
310.08106401621615,97.0,23.33905222007285
310.14045219761675,97.0,23.33905222007285
310.24816372497276,97.0,23.33905222007285
310.27525785753505,97.0,23.33905222007285
310.3022153611269,97.0,23.33905222007285
310.34793868049644,97.0,23.33905222007285
310.4415095523319,97.0,23.33905222007285
310.48579047170426,97.0,23.33905222007285
310.58342905006475,97.0,23.33905222007285
310.6213465124654,97.0,23.33905222007285
310.69451117652096,97.0,23.33905222007285
310.79189381112457,97.0,23.33905222007285
310.8868343241742,97.0,23.33905222007285
310.98480571154465,97.0,23.33905222007285
311.08300030028147,97.0,23.33905222007285
311.1797422668437,97.0,23.33905222007285
311.2781445785397,97.0,23.33905222007285
311.36234219505667,97.0,23.33905222007285
311.43272452526634,97.0,23.33905222007285
311.50531208834275,97.5,23.887744652290664
311.6139825752625,97.5,23.887744652290664
311.66134226862255,98.0,24.334525090017824
311.7679525459701,98.0,24.334525090017824
311.8651332670936,98.0,24.334525090017824
311.97871729724403,98.0,24.334525090017824
312.013132699098,98.0,24.334525090017824
312.12867038604645,98.0,24.334525090017824
312.2301173585548,98.0,24.334525090017824
312.3433901340974,98.0,24.334525090017824
312.45613939131664,98.0,24.334525090017824
312.524519836206,98.0,24.334525090017824
312.5495910101207,98.0,24.334525090017824
312.628030341114,98.0,24.334525090017824
312.73771922534246,98.0,24.334525090017824
312.8557189324943,98.0,24.334525090017824
312.9860384786057,98.0,24.334525090017824
313.06813302443805,98.0,24.334525090017824
313.0887122846994,98.0,24.334525090017824
313.2255382383731,98.0,24.334525090017824
313.3070796837862,98.0,24.334525090017824
313.329640208808,98.0,24.334525090017824
313.4795281977885,98.0,24.334525090017824
313.55070140213235,98.0,24.334525090017824
313.6716764199605,98.0,24.334525090017824
313.7001823854265,98.0,24.334525090017824
313.811052150399,98.0,24.334525090017824
313.8352141083702,98.0,24.334525090017824
313.9537863207699,98.0,24.334525090017824
314.0601953314818,98.5,24.473120443856004
314.1076958522806,99.0,24.48648791362804
314.2124578518775,99.5,24.575103042889143
314.26583508450227,99.5,24.575103042889143
314.3387310179988,100.0,24.57627634249279
314.3789781191558,100.0,24.57627634249279
314.4264782471409,100.0,24.57627634249279
314.487445258268,100.0,24.57627634249279
314.5761646849678,100.0,24.57627634249279
314.59765372577425,100.0,24.57627634249279
314.65446401821026,100.0,24.57627634249279
314.7402102225368,100.0,24.57627634249279
314.8343385377102,100.0,24.57627634249279
314.8624620231275,100.0,24.57627634249279
314.9431271722238,100.0,24.57627634249279
315.036910653106,100.0,24.57627634249279
315.0580702741239,100.0,24.57627634249279
315.15243460779465,100.0,24.57627634249279
315.2534498688316,100.0,24.57627634249279
315.35783545020354,100.5,24.80817419373448
315.386933683212,101.0,25.028433227934713
315.49692964925737,101.0,25.028433227934713
315.58356707646317,101.0,25.028433227934713
315.6833761254826,101.0,25.028433227934713
315.78399529594407,101.0,25.028433227934713
315.89600043843666,101.0,25.028433227934713
315.9834420979769,101.0,25.028433227934713
316.0917800328876,101.0,25.028433227934713
316.13818816176405,101.0,25.028433227934713
316.1859418044556,101.0,25.028433227934713
316.2783952504843,101.0,25.028433227934713
316.39107349454883,101.0,25.028433227934713
316.42306917980636,101.0,25.028433227934713
316.4948374136982,101.0,25.028433227934713
316.5785268896382,101.0,25.028433227934713
316.7370882509806,101.0,25.028433227934713
316.7574385045882,101.0,25.028433227934713
316.79328214996434,101.0,25.028433227934713
316.8714835621599,101.0,25.028433227934713
317.03500455516627,101.0,25.028433227934713
317.15464104870074,101.0,25.028433227934713
317.2093912752272,101.0,25.028433227934713
317.2661018401912,101.0,25.028433227934713
317.37432437104815,101.0,25.028433227934713
317.47675207565743,101.0,25.028433227934713
317.5743357824723,101.0,25.028433227934713
317.59465782940265,101.0,25.028433227934713
317.6424001036637,101.0,25.028433227934713
317.7068906194417,101.0,25.028433227934713
317.7284137644826,101.0,25.028433227934713
317.8372976648741,101.0,25.028433227934713
317.87264866775047,101.0,25.028433227934713
317.90149052699604,101.0,25.028433227934713
317.93145368124027,101.0,25.028433227934713
318.0332673731096,101.0,25.028433227934713
318.1203995200475,101.0,25.028433227934713
318.213811902403,101.0,25.028433227934713
318.31282839214117,101.0,25.028433227934713
318.3626775253293,101.0,25.028433227934713
318.389590384177,101.0,25.028433227934713
318.4900972035232,101.0,25.028433227934713
318.5889065779349,101.0,25.028433227934713
318.6908690510677,101.0,25.028433227934713
318.71622661626566,101.0,25.028433227934713
318.747895589883,101.5,25.223057263151965
318.8645804294733,101.5,25.223057263151965
318.97106356689983,101.5,25.223057263151965
319.0205512299771,101.5,25.223057263151965
319.0657039865087,102.0,25.36218630724237
319.19040040357646,102.0,25.36218630724237
319.30002227347023,102.0,25.36218630724237
319.34697335075293,102.0,25.36218630724237
319.4444021760917,102.0,25.36218630724237
319.5290732750847,102.0,25.36218630724237
319.63487036638725,102.0,25.36218630724237
319.73994003625774,102.0,25.36218630724237
319.8477473345658,102.0,25.36218630724237
319.88739379381144,102.0,25.36218630724237
320.01106875570537,102.0,25.36218630724237
320.13338021371703,102.0,25.36218630724237
320.1768472718911,102.0,25.36218630724237
320.27936619397394,102.0,25.36218630724237
320.398647522968,102.0,25.36218630724237
320.58199480279717,102.0,25.36218630724237
320.6463835625626,102.0,25.36218630724237
320.8229302168436,102.0,25.36218630724237
320.85595857629187,102.0,25.36218630724237
320.9797865775342,102.0,25.36218630724237
321.011038326965,102.0,25.36218630724237
321.1853278449762,102.0,25.36218630724237
321.34914520965617,102.0,25.36218630724237
321.46168552505577,102.0,25.36218630724237
321.62895378821503,102.0,25.36218630724237
321.7519374145937,102.0,25.36218630724237
321.8481277342808,102.0,25.36218630724237
321.9366396411753,102.0,25.36218630724237
322.0408543557509,102.0,25.36218630724237
322.12855657450166,102.0,25.36218630724237
322.1642156887589,102.0,25.36218630724237
322.2726620665924,102.5,25.426094572266756
322.3773833026458,103.0,25.48245699368391
322.4430362620871,103.0,25.48245699368391
322.55035011219024,103.0,25.48245699368391
322.65604089733097,103.0,25.48245699368391
322.74809643425357,103.0,25.48245699368391
322.8445036983503,103.0,25.48245699368391
322.95695872289645,103.0,25.48245699368391
323.0695509187751,103.0,25.48245699368391
323.18179203735735,103.0,25.48245699368391
323.2942205478101,103.0,25.48245699368391
323.40712368185416,103.0,25.48245699368391
323.5199443229244,103.0,25.48245699368391
323.6345341252505,103.0,25.48245699368391
323.69926706128945,103.0,25.48245699368391
323.8155473842811,103.0,25.48245699368391
323.84443887198273,103.5,25.546920007384124
323.9118703970214,103.5,25.546920007384124
323.9940963307064,103.5,25.546920007384124
324.09506544393236,103.5,25.546920007384124
324.1397735442067,103.5,25.546920007384124
324.24749801530817,103.5,25.546920007384124
324.27745271475504,103.5,25.546920007384124
324.37759135850996,103.5,25.546920007384124
324.4107406837475,103.5,25.546920007384124
324.5281102603085,103.5,25.546920007384124
324.6397209853441,103.5,25.546920007384124
324.7201703481315,103.5,25.546920007384124
324.7701947418779,103.5,25.546920007384124
324.79604962951294,103.5,25.546920007384124
324.8267455080843,103.5,25.546920007384124
324.8753830858236,103.5,25.546920007384124
325.0391377445491,103.5,25.546920007384124
325.1972287496961,103.5,25.546920007384124
325.3289269099551,103.5,25.546920007384124
325.4288251088449,103.5,25.546920007384124
325.6038209374279,103.5,25.546920007384124
325.7379382654461,103.5,25.546920007384124
325.8870469436733,103.5,25.546920007384124
326.0248345913488,103.5,25.546920007384124
326.11854444224525,103.5,25.546920007384124
326.1408672173246,103.5,25.546920007384124
326.31599753469885,103.5,25.546920007384124
326.4911161925389,103.5,25.546920007384124
326.56063894755664,103.5,25.546920007384124
326.6440954204872,104.0,25.82927554775237
326.7254078021188,104.5,26.179398948663106
326.89259214796436,104.5,26.179398948663106
326.9287170802772,104.5,26.179398948663106
327.0081290785025,105.0,26.220099329209866
327.0327529006925,105.0,26.220099329209866
327.05823954696393,105.0,26.220099329209866
327.1670744113978,105.0,26.220099329209866
327.2719126949808,105.0,26.220099329209866
327.3769661762671,105.0,26.220099329209866
327.4859914986755,105.0,26.220099329209866
327.5953006569923,105.0,26.220099329209866
327.7055597611018,105.0,26.220099329209866
327.8158176860351,105.0,26.220099329209866
327.92672701324176,105.0,26.220099329209866
328.0385901906716,105.0,26.220099329209866
328.15175080508936,105.0,26.220099329209866
328.2598229059982,105.0,26.220099329209866
328.374308665644,105.0,26.220099329209866
328.489356008206,105.0,26.220099329209866
328.597424449941,105.0,26.220099329209866
328.7032431499949,105.0,26.220099329209866
328.790521990513,105.0,26.220099329209866
328.8364857478296,105.0,26.220099329209866
328.85932585828374,105.0,26.220099329209866
328.96280326113185,105.0,26.220099329209866
329.03268645231105,105.0,26.220099329209866
329.15084276522805,105.0,26.220099329209866
329.2127446583855,105.0,26.220099329209866
329.25464276398606,105.0,26.220099329209866
329.3417910371412,105.0,26.220099329209866
329.3679845255114,105.0,26.220099329209866
329.3897879321515,105.0,26.220099329209866
329.45825987207496,105.0,26.220099329209866
329.53759965660703,105.0,26.220099329209866
329.7212343776195,105.0,26.220099329209866
329.78287958659,105.0,26.220099329209866
329.81664875646953,105.0,26.220099329209866
329.95239432409136,105.0,26.220099329209866
330.058103664535,105.0,26.220099329209866
330.1311078452881,105.0,26.220099329209866
330.31502867755387,105.0,26.220099329209866
330.49321751173994,105.0,26.220099329209866
330.5955659491401,105.0,26.220099329209866
330.64354109692164,105.0,26.220099329209866
330.6923193678819,105.0,26.220099329209866
330.8272490234602,105.0,26.220099329209866
330.91114483875106,105.0,26.220099329209866
331.07034326697584,105.0,26.220099329209866
331.098782277903,105.5,26.249413280877327
331.1249222145743,105.5,26.249413280877327
331.2305865809164,106.0,26.485811724489395
331.4038384829001,106.0,26.485811724489395
331.4942431308884,106.5,26.611850571462263
331.6649884575167,106.5,26.611850571462263
331.78048408873445,107.0,26.735706905978933
331.823595706643,107.0,26.735706905978933
331.92798674337627,107.5,26.85662422918413
332.03367825896595,108.0,26.970156652717886
332.0621675818094,108.0,26.970156652717886
332.11429752085024,108.0,26.970156652717886
332.2267469172327,108.0,26.970156652717886
332.3375600663544,108.0,26.970156652717886
332.4525706528261,108.0,26.970156652717886
332.5680057372215,108.0,26.970156652717886
332.6669262784796,108.0,26.970156652717886
332.7803119320571,108.0,26.970156652717886
332.85749657530846,108.0,26.970156652717886
332.93028452573316,108.0,26.970156652717886
332.9822137086851,108.0,26.970156652717886
333.0864905644059,108.0,26.970156652717886
333.16312549667776,108.0,26.970156652717886
333.27025865455727,108.5,27.082493825200483
333.3853826417491,108.5,27.082493825200483
333.41892293502474,108.5,27.082493825200483
333.50765952820444,109.0,27.22127177052064
333.5299378348719,109.0,27.22127177052064
333.6859160036723,109.0,27.22127177052064
333.78707153364115,109.0,27.22127177052064
333.93573211440963,109.0,27.22127177052064
333.97078381457317,109.0,27.22127177052064
334.00198145045215,109.0,27.22127177052064
334.10568553487576,109.0,27.22127177052064
334.28925090524933,109.0,27.22127177052064
334.39024071324445,109.0,27.22127177052064
334.49567023597734,109.0,27.22127177052064
334.62596415977544,109.0,27.22127177052064
334.6987740361254,109.0,27.22127177052064
334.8702064456826,109.0,27.22127177052064
334.96973652294577,109.0,27.22127177052064
335.04232393421506,109.0,27.22127177052064
335.1546613443611,109.0,27.22127177052064
335.2601651332957,109.0,27.22127177052064
335.4431119340973,109.0,27.22127177052064
335.5965140411865,109.0,27.22127177052064
335.69064672920524,109.0,27.22127177052064
335.7941602097069,109.0,27.22127177052064
335.819836323254,109.0,27.22127177052064
335.8847481104256,109.5,27.226702478080483
335.92641759087763,109.5,27.226702478080483
336.03690084102067,109.5,27.226702478080483
336.13939655900634,110.0,27.26107663859054
336.18141087968326,110.0,27.26107663859054
336.27563087711655,110.5,27.298252896548735
336.33332185686413,110.5,27.298252896548735
336.41224651909374,110.5,27.298252896548735
336.46148369450697,110.5,27.298252896548735
336.54554837185424,110.5,27.298252896548735
336.6336216086915,110.5,27.298252896548735
336.6965981340568,110.5,27.298252896548735
336.76256871976057,110.5,27.298252896548735
336.832850084756,110.5,27.298252896548735
336.87794656303953,110.5,27.298252896548735
336.9738517197972,110.5,27.298252896548735
337.069770800932,110.5,27.298252896548735
337.1537445345349,110.5,27.298252896548735
337.1911210427584,110.5,27.298252896548735
337.2862180261565,110.5,27.298252896548735
337.3067175760485,110.5,27.298252896548735
337.38743165787963,110.5,27.298252896548735
337.41794175162727,110.5,27.298252896548735
337.4478491944016,110.5,27.298252896548735
337.52928579468335,110.5,27.298252896548735
337.5502617903861,110.5,27.298252896548735
337.65646841958267,110.5,27.298252896548735
337.7513278767547,110.5,27.298252896548735
337.8141782018369,110.5,27.298252896548735
337.8902466346178,110.5,27.298252896548735
337.98090737099153,110.5,27.298252896548735
338.0453335978609,110.5,27.298252896548735
338.0695030981796,110.5,27.298252896548735
338.19420881931575,110.5,27.298252896548735
338.3395721785044,110.5,27.298252896548735
338.3624296695953,110.5,27.298252896548735
338.41835995164,110.5,27.298252896548735
338.49928905734316,110.5,27.298252896548735
338.58341702127626,110.5,27.298252896548735
338.6815225334975,110.5,27.298252896548735
338.75816140608435,110.5,27.298252896548735
338.86729960435804,110.5,27.298252896548735
338.9024963231859,110.5,27.298252896548735
338.9756387049432,110.5,27.298252896548735
339.0000669308314,110.5,27.298252896548735
339.02304675842436,110.5,27.298252896548735
339.08952148315956,110.5,27.298252896548735
339.1922596578788,111.0,27.355917695520084
339.2142415886369,111.0,27.355917695520084
339.2932174787036,111.0,27.355917695520084
339.35292906015434,111.0,27.355917695520084
339.3870120555584,111.0,27.355917695520084
339.4857383321861,111.0,27.355917695520084
339.57995699134256,111.0,27.355917695520084
339.67568799852995,111.0,27.355917695520084
339.69831590429504,111.5,27.427992294129698
339.7981991327831,111.5,27.427992294129698
339.8929645030179,111.5,27.427992294129698
339.9870452210187,111.5,27.427992294129698
340.0831877534282,111.5,27.427992294129698
340.1791620289244,111.5,27.427992294129698
340.27727963526877,111.5,27.427992294129698
340.3738558459882,111.5,27.427992294129698
340.46972240926164,111.5,27.427992294129698
340.57066805301315,111.5,27.427992294129698
340.6712624717945,111.5,27.427992294129698
340.76563017742257,111.5,27.427992294129698
340.8533571179852,111.5,27.427992294129698
340.9560975274514,111.5,27.427992294129698
341.0519675461111,111.5,27.427992294129698
341.1578184683338,111.5,27.427992294129698
341.2423592191074,111.5,27.427992294129698
341.26377056449894,111.5,27.427992294129698
341.3663766291807,111.5,27.427992294129698
341.40818349626784,111.5,27.427992294129698
341.51048213123096,111.5,27.427992294129698
341.5914305390207,111.5,27.427992294129698
341.73362973444955,111.5,27.427992294129698
341.77594463606795,111.5,27.427992294129698
341.88595264343235,111.5,27.427992294129698
341.9592185640688,111.5,27.427992294129698
342.0522418312542,111.5,27.427992294129698
342.0698779462898,111.5,27.427992294129698
342.1047800007671,111.5,27.427992294129698
342.1931303830255,111.5,27.427992294129698
342.22244101125773,111.5,27.427992294129698
342.2799998186623,111.5,27.427992294129698
342.40161016325413,111.5,27.427992294129698
342.513335809487,111.5,27.427992294129698
342.6105173211121,111.5,27.427992294129698
342.758994748778,111.5,27.427992294129698
342.8464650079172,111.5,27.427992294129698
343.010885687759,111.5,27.427992294129698
343.0583737852384,111.5,27.427992294129698
343.0886936442631,111.5,27.427992294129698
343.1909800440291,111.5,27.427992294129698
343.20614770588634,111.5,27.427992294129698
343.2377915780107,111.5,27.427992294129698
343.32929953993784,111.5,27.427992294129698
343.4193269976945,111.5,27.427992294129698
343.4977770913819,111.5,27.427992294129698
343.56671970290256,111.5,27.427992294129698
343.65719570243164,111.5,27.427992294129698
343.74941984684057,111.5,27.427992294129698
343.84067109771036,111.5,27.427992294129698
343.9282536813636,111.5,27.427992294129698
344.01953092338965,111.5,27.427992294129698
344.11154005788694,111.5,27.427992294129698
344.2046210473109,111.5,27.427992294129698
344.29664343132845,111.5,27.427992294129698
344.37333938825606,112.0,27.459514709339665
344.46904757728583,112.5,27.47895115171968
344.5652534007572,113.0,27.481549634319368
344.6503591120821,113.5,27.482315781502827
344.7467934252671,113.5,27.482315781502827
344.84270308700076,113.5,27.482315781502827
344.9324386806721,113.5,27.482315781502827
345.03393476599393,113.5,27.482315781502827
345.1111270620988,113.5,27.482315781502827
345.1761980878097,113.5,27.482315781502827
345.27786472315256,113.5,27.482315781502827
345.3865538018786,113.5,27.482315781502827
345.42391993198413,113.5,27.482315781502827
345.49889001109227,113.5,27.482315781502827
345.61435636713577,113.5,27.482315781502827
345.7202501540886,113.5,27.482315781502827
345.8060300309661,113.5,27.482315781502827
345.86239382359884,113.5,27.482315781502827
345.9323168003162,113.5,27.482315781502827
346.05759259092184,113.5,27.482315781502827
346.17845487171945,113.5,27.482315781502827
346.22585924177986,113.5,27.482315781502827
346.3496099509623,113.5,27.482315781502827
346.3814799992833,113.5,27.482315781502827
346.4169689575934,113.5,27.482315781502827
346.4984444882622,113.5,27.482315781502827
346.60441827283915,113.5,27.482315781502827
346.63619761277783,113.5,27.482315781502827
346.6682134300148,113.5,27.482315781502827
346.71898639739595,113.5,27.482315781502827
346.81888469786713,113.5,27.482315781502827
346.868774531213,113.5,27.482315781502827
346.95026467970655,113.5,27.482315781502827
346.98665655189365,113.5,27.482315781502827
347.0079057354989,113.5,27.482315781502827
347.109321673885,113.5,27.482315781502827
347.1858441415216,113.5,27.482315781502827
347.23738461172115,113.5,27.482315781502827
347.33057300426486,113.5,27.482315781502827
347.3580763346963,113.5,27.482315781502827
347.440829434145,113.5,27.482315781502827
347.5306667212726,113.5,27.482315781502827
347.6196645603227,113.5,27.482315781502827
347.70901242259305,113.5,27.482315781502827
347.7983179867373,113.5,27.482315781502827
347.8843985880764,113.5,27.482315781502827
347.9746630008872,113.5,27.482315781502827
348.0664796733663,114.0,27.517352580907605
348.15875070419156,114.5,27.568736874344804
348.249983102669,115.0,27.62273477150855
348.342598498944,115.5,27.660006047619788
348.4383464326716,116.0,27.66079278502711
348.5348242103466,116.0,27.66079278502711
348.63331151953287,116.0,27.66079278502711
348.7336838895375,116.0,27.66079278502711
348.8106804510421,116.0,27.66079278502711
348.89913075785086,116.0,27.66079278502711
348.9739504386203,116.0,27.66079278502711
349.0298447705249,116.0,27.66079278502711
349.0648632705496,116.0,27.66079278502711
349.1361500006383,116.0,27.66079278502711
349.23388840493686,116.0,27.66079278502711
349.33854875989846,116.0,27.66079278502711
349.47944402305524,116.0,27.66079278502711
349.4985250097986,116.0,27.66079278502711
349.61228619689314,116.0,27.66079278502711
349.7067486769593,116.0,27.66079278502711
349.86256231773467,116.0,27.66079278502711
349.90590631008655,116.0,27.66079278502711
350.0492890472874,116.0,27.66079278502711
350.1462795792271,116.0,27.66079278502711
350.2389550826366,116.0,27.66079278502711
350.281517490911,116.0,27.66079278502711
350.38751246984793,116.0,27.66079278502711
350.4088974312167,116.0,27.66079278502711
350.5295078355214,116.0,27.66079278502711
350.6476988307756,116.0,27.66079278502711
350.76362667602217,116.0,27.66079278502711
350.91328687421753,116.0,27.66079278502711
350.9573703948916,116.0,27.66079278502711
350.97951511000736,116.0,27.66079278502711
351.0175642207503,116.0,27.66079278502711
351.0374539595649,116.0,27.66079278502711
351.12681096260883,116.0,27.66079278502711
351.2388086479608,116.0,27.66079278502711
351.26005728303414,116.0,27.66079278502711
351.3607670340268,116.0,27.66079278502711
351.40627345022165,116.0,27.66079278502711
351.4973341441427,116.0,27.66079278502711
351.5696849356747,116.0,27.66079278502711
351.6704996816441,116.0,27.66079278502711
351.7772015214478,116.0,27.66079278502711
351.87155408059624,116.0,27.66079278502711
351.98135953936253,116.0,27.66079278502711
352.07573385803875,116.0,27.66079278502711
352.18735043665725,116.0,27.66079278502711
352.29343927976043,116.0,27.66079278502711
352.3258438546464,116.0,27.66079278502711
352.4365690630748,116.0,27.66079278502711
352.5432153969021,116.0,27.66079278502711
352.6483106006185,116.0,27.66079278502711
352.67562216915843,116.0,27.66079278502711
352.757822404544,116.0,27.66079278502711
352.81919432271826,116.0,27.66079278502711
352.91837160050574,116.0,27.66079278502711
352.9699622962078,116.0,27.66079278502711
353.0857277715624,116.0,27.66079278502711
353.1541185993842,116.0,27.66079278502711
353.1758594890751,116.0,27.66079278502711
353.28399810139075,116.0,27.66079278502711
353.37257572436795,116.0,27.66079278502711
353.39602026980697,116.0,27.66079278502711
353.4421961800129,116.0,27.66079278502711
353.5794572887996,116.0,27.66079278502711
353.6666303333912,116.0,27.66079278502711
353.822633382926,116.0,27.66079278502711
353.9732251615786,116.0,27.66079278502711
354.1092323485613,116.0,27.66079278502711
354.17550367077814,116.0,27.66079278502711
354.2808109607156,116.0,27.66079278502711
354.42669955562,116.0,27.66079278502711
354.5108077261541,116.0,27.66079278502711
354.6159123577784,116.0,27.66079278502711
354.64896012165843,116.0,27.66079278502711
354.767817031563,116.0,27.66079278502711
354.89367321272016,116.0,27.66079278502711
355.0408850487859,116.0,27.66079278502711
355.1591334971721,116.0,27.66079278502711
355.3338081634016,116.0,27.66079278502711
355.38101217229024,116.5,27.692933795449328
355.44160880839195,117.0,27.714025520206874
355.53896271286595,117.5,27.83958603452576
355.5980298296934,117.5,27.83958603452576
355.69058538033175,117.5,27.83958603452576
355.82690237221476,117.5,27.83958603452576
355.9470461732475,117.5,27.83958603452576
356.0577643912496,117.5,27.83958603452576
356.1682965945136,117.5,27.83958603452576
356.27704682450394,117.5,27.83958603452576
356.38874674083206,117.5,27.83958603452576
356.50046405318886,117.5,27.83958603452576
356.61241518918183,117.5,27.83958603452576
356.7240520506943,117.5,27.83958603452576
356.8359833068202,117.5,27.83958603452576
356.9483850805669,117.5,27.83958603452576
357.06097581065717,117.5,27.83958603452576
357.1730965032408,117.5,27.83958603452576
357.28715701597355,117.5,27.83958603452576
357.3231138404749,118.0,27.897080204762023
357.4438110792867,118.0,27.897080204762023
357.56330026593986,118.0,27.897080204762023
357.6542073268442,118.0,27.897080204762023
357.67968633529233,118.0,27.897080204762023
357.77408875251166,118.0,27.897080204762023
357.82533768262306,118.0,27.897080204762023
357.90006421121336,118.0,27.897080204762023
358.0217147830691,118.0,27.897080204762023
358.0683142510557,118.0,27.897080204762023
358.16520577671525,118.0,27.897080204762023
358.2650939201573,118.0,27.897080204762023
358.38859004301395,118.0,27.897080204762023
358.47806552047336,118.0,27.897080204762023
358.55583549165374,118.0,27.897080204762023
358.57566032079234,118.0,27.897080204762023
358.67543323767103,118.0,27.897080204762023
358.8523448181386,118.0,27.897080204762023
358.99186831642817,118.0,27.897080204762023
359.0771471332224,118.0,27.897080204762023
359.10139954276724,118.0,27.897080204762023
359.25396042005735,118.0,27.897080204762023
359.4047434280403,118.0,27.897080204762023
359.57533902461375,118.0,27.897080204762023
359.6700135666259,118.0,27.897080204762023
359.75512896973,118.0,27.897080204762023
359.7753961164857,118.0,27.897080204762023
359.80985338772564,118.0,27.897080204762023
359.8719011715994,118.5,28.077902994674403
359.9313481668433,118.5,28.077902994674403
360.02726509452435,119.0,28.21800961350062
360.1274152612899,119.5,28.37376269204966
360.1508703511391,119.5,28.37376269204966
360.2988751036496,119.5,28.37376269204966
360.4065495845863,119.5,28.37376269204966
360.4469774682676,119.5,28.37376269204966
360.5436528432766,119.5,28.37376269204966
360.64123226233465,119.5,28.37376269204966
360.7351792633714,119.5,28.37376269204966
360.8318794215745,119.5,28.37376269204966
360.90805507820545,119.5,28.37376269204966
360.9893516589392,119.5,28.37376269204966
361.04394246731925,119.5,28.37376269204966
361.1343517508545,119.5,28.37376269204966
361.22877593317025,119.5,28.37376269204966
361.3183739889221,119.5,28.37376269204966
361.38490914237485,119.5,28.37376269204966
361.4833927552777,119.5,28.37376269204966
361.58600517674324,119.5,28.37376269204966
361.6656442357191,119.5,28.37376269204966
361.74310646444536,119.5,28.37376269204966
361.7700674668383,119.5,28.37376269204966
361.7883659889725,120.0,28.377926680520627
361.87885150350803,120.0,28.377926680520627
361.9027382870682,120.0,28.377926680520627
361.96186843351626,120.0,28.377926680520627
362.0694159516967,120.0,28.377926680520627
362.17369140917424,120.0,28.377926680520627
362.27242582522246,120.0,28.377926680520627
362.340406248137,120.0,28.377926680520627
362.49559686751513,120.0,28.377926680520627
362.5285051304379,120.0,28.377926680520627
362.5832602905116,120.0,28.377926680520627
362.729285038368,120.0,28.377926680520627
